Dates,Headlines
01 Nov 2019,IndusInd Bank finalises Sumant Kathpalia as new MD & CEO
31 Oct 2019,IndusInd Bank board finalises appointment of next MD & CEO
14 Oct 2019,IndusInd Bank €“ At what price do potential negatives get priced in?
11 Oct 2019,"Podcast | Stock picks of the day: See immediate support for Nifty at 11,100 levels"
10 Oct 2019,"Board to finalise successor in next meeting: Romesh Sobti, Indusind Bank"
10 Oct 2019,IndusInd Bank may appoint Sumant Kathpalia as CEO Romesh Sobti's successor
23 Jul 2019,"IndusInd Bank plans to raise up to Rs 20,000 cr by issuing bonds on pvt placement basis"
20 Jul 2019,Bet on these four stocks for double-digit returns
15 Jul 2019,IndusInd Bank: Strong possibility of a medium term rally in the stock
12 Jul 2019,Double digit growth in Q1 NII on cards for IndusInd Bank; Bharat Financial merger may hit profit
19 Jun 2019,lnduslnd Bank-Bharat Financial merger to be effective from July 4
19 Jun 2019,Buy IndusInd Bank; target of Rs 1861: KR Choksey
14 Jun 2019,"Positive on Cholamandalam Finance, M&M Finance and Shriram Transport Finance: Prabhudas Lilladher"
14 Jun 2019,"IndusInd Bank, Bharat Financial boards likely to meet next week to finalise merger, says Romesh Sobti"
12 Jun 2019,Buy IndusInd Bank; target of Rs 1900: Motilal Oswal
06 Jun 2019,Buy IndusInd Bank; target of Rs 1964: HDFC Securities
29 May 2019,Buy IndusInd Bank; target of Rs 1860: ICICI Direct
26 May 2019,Buy IndusInd Bank; target of Rs 1832 Prabhudas Lilladher
24 May 2019,Ideas for Profit | Add IndusInd Bank after soft Q4 on IL&FS recognition
22 May 2019,RBI may not increase age limit for bank CEOs over 70 years: Report
22 May 2019,"IndusInd Bank Standalone March 2019 Net Interest Income (NII) at Rs 2,232.38 crore, up  11.2% Y-o-Y"
22 May 2019,IndusInd Bank Q4 PAT falls 62% to Rs 360 crore
22 May 2019,IndusInd Bank to post its Q4 numbers today; here's is what brokerages expect
09 Apr 2019,Indusind Bank Q4 Net Profit may dip 44.8% YoY to Rs. 526.1 cr: Motilal Oswal
08 Apr 2019,"IndusInd Bank plans to raise Rs 2,700 crore via bonds"
08 Apr 2019,Indusind Bank Q4 Net Profit may dip 37.1% YoY to Rs. 599.5 cr: Kotak
28 Mar 2019,Moody's keeps stable outlook on Indusind on maiden rating
19 Feb 2019,"Top buy and sell ideas by Ashwani Gujral, Sudarshan Sukhani, Mitessh Thakkar for short term"
28 Jan 2019,"Buy IndusInd Bank, says Mazhar Mohammad"
11 Jan 2019,Buy IndusInd Bank; target of Rs 1935: HDFC Securities
11 Jan 2019,Hold IndusInd Bank; target of Rs 1720: Arihant Capital
10 Jan 2019,Buy IndusInd Bank; target of Rs 1900: Motilal Oswal
09 Jan 2019,"IndusInd Bank Standalone December 2018 Net Interest Income (NII) at Rs 2,288.09 crore, up  20.76% Y-o-Y"
09 Jan 2019,IndusInd Bank Q3 FY19: Expect elevated provision and muted stock performance near term
09 Jan 2019,IndusInd Bank Q3FY19 Review €“ in line except for IL&FS exposure
09 Jan 2019,"IndusInd Bank Q3 profit rises 5% at Rs 985 cr, IL&FS-linked provisions total Rs 600 cr so far"
09 Jan 2019,Indusind Bank Q3 Net Profit seen up 6.5% YoY to Rs. 996.9 cr: Prabhudas Lilladher
09 Jan 2019,Indusind Bank Q3 Net Profit seen up 2% YoY to Rs. 954.9 cr: ICICI Direct
08 Jan 2019,IndusInd Bank Q3: Brokerages say profit may take a hit on IL&FS exposure
16 Nov 2018,"In tough year for finance, Moneycontrol Wealth Creator Awards honours India's best"
13 Nov 2018,IndusInd Bank calls off deal to acquire IL&FS Securities Services
24 Oct 2018,Accumulate IndusInd Bank; target of Rs 1743: Arihant Capital
22 Oct 2018,India Inc Q2FY19 review €“ predictable start with visible margin pressure
18 Oct 2018,Buy IndusInd Bank; target of Rs 1954: HDFC Securities
18 Oct 2018,Buy IndusInd Bank; target of Rs 2100: Motilal Oswal
18 Oct 2018,Buy IndusInd Bank; target of Rs 2097: KR Choksey
18 Oct 2018,Buy Indusind Bank; target of Rs 2270: LKP Research
18 Oct 2018,Buy IndusInd Bank; target of Rs 2000: Prabhudas Lilladher
17 Oct 2018,Buy IndusInd Bank; target of Rs 1916: Nalanda Securities
17 Oct 2018,Buy IndusInd Bank; target of Rs 2075: JM Financial
17 Oct 2018,Buy IndusInd Bank; target of Rs 1900: ICICI Direct
17 Oct 2018,Accumulate IndusInd Bank; target of Rs 1800: Dolat Capital
17 Oct 2018,Buy IndusInd Bank; target of Rs 1914: Anand Rathi
16 Oct 2018,"What should investors do with IndusInd Bank post Q2 results? Buy, sell or hold"
15 Oct 2018,Ideas For Profit |IndusInd Bank Q2 €“ steady show except for the shadow of IL&FS
15 Oct 2018,"IndusInd Bank Standalone September 2018 Net Interest Income (NII) at Rs 2,203.28 crore, up  20.99% Q-o-Q"
15 Oct 2018,"IndusInd Bank Q2 profit rises 4.6% to Rs 920 cr; asset quality improves, loan growth at 32%"
14 Oct 2018,"IndusInd Bank Q2 preview: PAT may grow 23%, but analysts watch out for IL&FS impact"
12 Oct 2018,"After recent drubbing, here€™s how you could trade your banking, NBFC stocks"
09 Oct 2018,"Buy IndusInd Bank, target Rs 1740: Jayant Manglik"
10 Sep 2018,"Buy IndusInd Bank with target Rs 2,248: AnandRathi"
13 Aug 2018,"Buy IndusInd Bank, target Rs 2248: AnandRathi"
11 Aug 2018,IndusInd Bank board approves appointment of 2 additional directors
24 Jul 2018,"RBI must allow microfinance firms to lend to small, mid-sized segments: MFIN President"
13 Jul 2018,Buy IndusInd Bank; target of Rs 2120: JM Financial
13 Jul 2018,Buy IndusInd Bank; target of Rs 2080: Edelweiss
13 Jul 2018,Buy IndusInd Bank; target of Rs 2248: Anand Rathi
13 Jul 2018,Accumulate IndusInd Bank; target of Rs 2033: KR Choksey
13 Jul 2018,Buy IndusInd Bank; target of Rs 1971: HDFC Securities
11 Jul 2018,Buy IndusInd Bank; target of Rs 2075: Prabhudas Lilladher
11 Jul 2018,Buy IndusInd Bank; target of Rs 2250: Motilal Oswal
11 Jul 2018,"Analysts retain positive stance on IndusInd Bank, expect stock to return up to 21% post stable Q1"
11 Jul 2018,IndusInd Bank €“ as steady as it gets
10 Jul 2018,"IndusInd Bank posts 23% rise in Q1FY19 net profit at Rs 1,035.7 crore"
10 Jul 2018,IndusInd Bank to kick off bank results today; may post over 21% YoY rise in net profit
26 Jun 2018,IndusInd Bank to acquire IL&FS' brokerage business
18 Jun 2018,"IndusInd bank to maintain stable asset quality over FY19-20, stock may give 14% return: Anandrathi"
07 Jun 2018,"Buy IndusInd Bank, target Rs 2248: Siddharth Sedani"
23 Apr 2018,Buy IndusInd Bank; target of Rs 1966: HDFC Securities
23 Apr 2018,Buy IndusInd Bank; target of Rs 2050: ICICI Direct
23 Apr 2018,Accumulate IndusInd Bank; target of Rs 2033: KRChoksey
23 Apr 2018,"Buy IndusInd Bank, target Rs 2250: Yogesh Mehta"
20 Apr 2018,Buy IndusInd Bank; target of Rs 2075: Prabhudas Lilladher
20 Apr 2018,Buy IndusInd Bank; target of Rs 2020: Edelweiss
20 Apr 2018,Buy Indusind Bank; target of Rs 2150: Motilal Oswal
20 Apr 2018,"IndusInd Bank Q4 result review: Brokerages give a thumbs up, see up to 20% upside"
19 Apr 2018,IndusInd Bank €” no derailment but divergence points to higher scrutiny from RBI
19 Apr 2018,"IndusInd Bank's Q4 net profit rises 27% YoY, divergence in NPAs stood at Rs 1,350 cr"
19 Apr 2018,"IndusInd Bank Q4 profit seen up 20%, provisions and exposure to gems, jewellery in focus"
17 Apr 2018,Deutsche Bank ends talks over sale of India business: Sources
04 Apr 2018,IndusInd Bank gets RBI nod to acquire IL&FS arm
03 Apr 2018,IndusInd Bank customers will soon see transactions on WhatsApp
22 Mar 2018,IDFC may put its AMC biz on sale: Here's what makes it an attractive buy
21 Mar 2018,"Buy, Sell, Hold: 5 stocks are on analysts€™ radar on March 21, 2018"
28 Feb 2018,"Sell PNB, IndusInd Bank, Hindalco Industries, Yes Bank; buy Jubilant Foodworks, Tata Elxsi: Ashwani Gujral"
27 Feb 2018,IndusInd Bank and Ripple tie-up for cross border remittances
26 Feb 2018,"Buy Interglobe Aviation, PC Jeweller, Ahluwalia Contracts, IndusInd Bank: Ashwani Gujral"
20 Feb 2018,"News highlights of the day: ArcelorMittal, Numetal bids for Essar Steel recommended for rejection"
20 Feb 2018,IndusInd Bank exposure to Gitanjali Gems in 'small' 2-digits
17 Jan 2018,Buy IndusInd Bank; target of Rs 2060: Axis Direct
17 Jan 2018,"News highlights of the day: Bitcoin slumps to under $10,000 after regulatory fears grow"
15 Jan 2018,Accumulate IndusInd Bank; target of Rs 1900: Dolat Capital
12 Jan 2018,Hold IndusInd Bank; target of Rs 1875: Arihant Capital
12 Jan 2018,"Buy Cera Sanitaryware, IndusInd Bank, Reliance Industries: Ashwani Gujral"
12 Jan 2018,IndusInd Bank €“ Long-term strategy intact; stock fully priced
12 Jan 2018,Seeing good credit growth in vehicle finance: IndusInd Bank
12 Jan 2018,IndusInd Bank rises 1% post Q3 show; brokerages remain upbeat
11 Jan 2018,"News highlights of the day: Fingerprint, iris data in Aadhaar are safe, secure: Ravi Shankar Prasad"
11 Jan 2018,Buy IndusInd Bank; target of Rs 2076: Motilal Oswal
11 Jan 2018,Buy IndusInd Bank; target of Rs 2020: Edelweiss
11 Jan 2018,Buy IndusInd Bank; target of Rs 1889: HDFC Securities
11 Jan 2018,Buy IndusInd Bank; target of Rs 2120: JM Financial
11 Jan 2018,"IndusInd Bank Q3 profit rises 25%, NII misses estimates; asset quality weakens a bit"
11 Jan 2018,"IndusInd Bank may post more than 22% growth in Q3 profit, net interest income"
06 Jan 2018,"Paytm Payments Bank, IndusInd tie-up for fixed deposit facility"
01 Jan 2018,IndusInd Bank raises $500 mn from overseas lenders
01 Jan 2018,IndusInd Bank concludes USD 500mn Syndicated Term  Loan Facility from overseas investors
01 Jan 2018,"News highlights of the day: After Trump tweet, Pakistan says made 'unmatched sacrifices' in war on terror"
18 Dec 2017,"Buy IndusInd Bank, JSW Steel, Sun Pharmaceutical Industries: Rahul Shah"
11 Dec 2017,"Prefer IndusInd Bank, Yes Bank: Ashwani Gujral"
24 Nov 2017,"Buy IndusInd Bank, M&M Finance: Mitessh Thakkar"
20 Nov 2017,"News highlights of the day: Shia Waqf Board calls for temple in Ayodhya, mosque in Lucknow"
03 Nov 2017,"Buy Indusind Bank, Nalco, Kolte-Patil Developers: Ashwani Gujral"
02 Nov 2017,Buy IndusInd Bank; target of Rs 1920: Axis Direct
30 Oct 2017,"Will move out of villages where there is no recovery, says Bharat Financial"
18 Oct 2017,India Inc's first quarter post GST: Here's a sector-wise review of early results
18 Oct 2017,Buy IndusInd Bank; target of Rs 1952: Prabhudas Lilladher
18 Oct 2017,Buy IndusInd Bank; target of Rs 1920: ICICI Direct
18 Oct 2017,Buy IndusInd Bank; target of Rs 2120: JM Financial
16 Oct 2017,Buy IndusInd Bank; target of Rs 1920: ICICI Direct
16 Oct 2017,Accumulate IndusInd Bank; target of Rs 1889: KR Choksey
16 Oct 2017,Buy IndusInd Bank; target of Rs 1650: JM Financial
16 Oct 2017,"Analysts remain positive on IndusInd Bank, expect up to 14% return post Bharat Financial merger"
16 Oct 2017,IndusInd-Bharat Financial deal: Here's how experts are looking at it
16 Oct 2017,Merger will enable us to give higher ticket size loans: Bharat Financial
14 Oct 2017,"IndusInd, Bharat Fin merger: Premium paid for cost reduction, synergies and rural reach"
14 Oct 2017,IndusInd Bank: Outcome of board meeting
14 Oct 2017,IndusInd Bank announces merger with Bharat Financial
14 Oct 2017,Banking sector wrap: Banks kickstart results season amid insolvency struggles
13 Oct 2017,Buy IndusInd Bank; target of Rs 1920: Edelweiss
12 Oct 2017,IndusInd reports a picture-perfect result even as buzz builds around Bharat Financial buy
12 Oct 2017,Book profits in IndusInd Bank: Sandeep Wagle
12 Oct 2017,Sell IndusInd Bank at around Rs 1800: Vijay Chopra
12 Oct 2017,IndusInd Bank Q1 net up 25% at Rs 880.1 crore; net NPAs rise to Rs 537 cr
12 Oct 2017,IndusInd Bank: Outcome of board meeting
12 Oct 2017,FIFA Under 17 World Cup: India knocked-out after losing 4-0 to Ghana
11 Oct 2017,"IndusInd Bank Q2 profit, net interest income may increase over 25%"
11 Oct 2017,Banks set to report grim September quarter financial results
09 Oct 2017,"Buy IndusInd Bank, PVR; Trident may test Rs 135: Ashwani Gujral"
03 Oct 2017,"IndusInd Bank's board meeting on October 12, 2017"
27 Sep 2017,"Sell IndusInd Bank, SBI; buy Tech Mahindra: Ashwani Gujral"
25 Sep 2017,"Hold IndusInd Bank, says Gaurang Shah"
25 Sep 2017,Stay invested in IndusInd Bank: Prakash Gaba
21 Sep 2017,"Buy IndusInd Bank, HDFC, Ajanta Pharma: Ashwani Gujral"
18 Sep 2017,"Buy IndusInd Bank, Raymond, CESC; hold Yes Bank: Ashwani Gujral"
16 Sep 2017,"This week in banking: IndusInd-Bharat Fin merger on cards, Bandhan Bank announces IPO plans"
15 Sep 2017,IndusInd Bank secures $200 mn loan from ADB for microlending
14 Sep 2017,Buy IndusInd Bank; target of Rs 1650: JM Financial
13 Sep 2017,"Buy HDFC Bank, IndusInd Bank, Chambal Fertilisers: Ashwani Gujral"
11 Sep 2017,Bharat Financial deal - IndusInd Bank unlikely to overpay
11 Sep 2017,"Buy IndusInd Bank, Muthoot Finance, M&M Financial Services: Ashwani Gujral"
11 Sep 2017,IndusInd Bank Limited
11 Sep 2017,"IndusInd Bank, Bharat Financial enter agreement to evaluate strategic share swap deal"
11 Sep 2017,IndusInd Bank enters into agreement with Bharat Financial Inclusion
08 Sep 2017,A move above 10K required for breakout; 5 stocks which can give nearly 10% return
07 Sep 2017,"Buy IndusInd Bank, National Aluminium Company: Sandeep Wagle"
07 Sep 2017,"Expect Indusind & Bharat Financial to rally post deal, if it happens: Investec Capital"
01 Sep 2017,"Buy IndusInd Bank, Escorts, Motherson Sumi: Ashwani Gujral"
31 Aug 2017,IndusInd Bank inaugurates new branch in Faridkot
23 Aug 2017,"Buy IndusInd Bank, Bharat Financial Inclusion: Mitessh Thakkar"
23 Aug 2017,"Buy IndusInd Bank, HDFC Bank, Bharat Financial Inclusion: Ashwani Gujral"
23 Aug 2017,"Sell Dabur, Apollo Tyres; buy CONCOR, Aptech, Future Consumer: Mitessh Thakkar"
20 Jul 2017,Buy IndusInd Bank; target of Rs 1720: Axis Direct
15 Jul 2017,"This week in banking: RBI Guv talks on demonetisation, 2 pvt banks post results; insolvency hiccups continue"
12 Jul 2017,Buy IndusInd Bank; target of Rs 1734: Edelweiss
12 Jul 2017,Buy IndusInd Bank; target of Rs 1663: HDFC Securities
12 Jul 2017,Accumulate IndusInd Bank; target of Rs 1681: KR Choksey
12 Jul 2017,"IndusInd Bank Q1 review: Brokerages highlight steady results, see slight risks to asset quality"
12 Jul 2017,"Valuation key in Bharat Financial deal; CV space to do well in Q3, Q4: IndusInd Bank"
11 Jul 2017,IndusInd Bank: Outcome of board meeting
11 Jul 2017,"IndusInd Bank Q1 profit beats estimates, up 26% but asset quality deteriorates further"
11 Jul 2017,Will update on target price for IndusInd Bank post quarter: Edelweiss Sec
10 Jul 2017,"Banks' Q1 earnings to be hit by higher NPA provisions, low credit growth: Analysts"
04 Jul 2017,"Buy, Sell, Hold: 9 stocks and 7 sectors are on the radar of analysts€™ today"
03 Jul 2017,"IndusInd Bank's AGM on July 26, 2017"
20 Jun 2017,Don't anticipate any impact of farm loan waiver on Punjab's book: Bharat Financial
16 Jun 2017,"Buy IndusInd Bank, Bajaj Finance, Britannia; stay with DHFL: Ashwani Gujral"
14 Jun 2017,"IndusInd Banks's 23rd AGM will be held on July 26, 2017"
09 Jun 2017,IndusInd Bank to raise $225 mn to support enterprises in India
07 Jun 2017,"Will not look to stretch loan growth at 25%, says IndusInd Bank"
06 Jun 2017,"Buy IndusInd Bank, sell Oil India: Sandeep Wagle"
06 Jun 2017,"Buy IndusInd Bank, Petronet LNG; sell M&M Financial Services: Ashwani Gujral"
02 Jun 2017,"IndusInd Bank can climb to Rs 1540, Muthoot Finance Rs 435: Prakash Gaba"
25 May 2017,"Buy IndusInd Bank, Jindal Steel & Power: Mitessh Thakkar"
25 May 2017,"Buy IndusInd Bank, Jindal Steel & Power: Mitessh Thakkar"
25 May 2017,"Buy IndusInd Bank, L&T, Jain Irrigation Systems: Ashwani Gujral"
25 May 2017,"Buy IndusInd Bank, sell Hindalco Industries below Rs 186: Mitessh Thakkar"
22 May 2017,"Short IndusInd Bank, BPCL; buy Bharat Forge: Rahul Shah"
22 May 2017,"Sell IndusInd Bk, Torrent Pharma, Coal India; buy Adani Ports, Escorts: Sukhani"
02 May 2017,Buy Indusind Bank; target of Rs 1630: Axis Direct
27 Apr 2017,"Buy IndusInd Bank, Hindustan Unilever, Larsen & Toubro: Ashwani Gujral"
24 Apr 2017,"IndusInd Bank inaugurates new branch in Bhinder, Rajasthan"
24 Apr 2017,"IndusInd Bank inaugurates new branch in Bhinder, Rajasthan"
21 Apr 2017,Buy IndusInd Bank; target of Rs 1570: ICICI Direct
21 Apr 2017,Buy IndusInd Bank; target of Rs 1550: HDFC Securities
21 Apr 2017,Buy Indusind Bank; target of Rs 1700: Motilal Oswal
21 Apr 2017,Buy Indusind Bank; target of Rs 1560: Edelweiss
20 Apr 2017,Analysts stay bullish on IndusInd despite one-off provisions restrict Q4 profit growth
20 Apr 2017,IndusInd and Yes: Where should investors put their money after the disappointment?
20 Apr 2017,"Cement company drills Rs 350cr hole in IndusInd, Yes Bank profits"
19 Apr 2017,"Loan growth should remain in mid-20s: Romesh Sobti, IndusInd Bank"
19 Apr 2017,Buy IndusInd Bank on dips: Shahina Mukadam
19 Apr 2017,IndusInd Bank may test Rs 1800: Sandeep Wagle
19 Apr 2017,"IndusInd Bank Q4 profit misses estimates, up 21%; NPA flat but provisions double"
18 Apr 2017,"IndusInd Bank to raise Rs 1,000 cr via bonds"
18 Apr 2017,"IndusInd Bank Q4 profit seen up 26% at Rs 783 cr, loan growth may be 25%"
17 Apr 2017,IndusInd Bank launches IndusForex.com
07 Apr 2017,"Bull's Eye: Buy IndusInd Bank, Balmer Lawrie, CONCOR, Tata Elxsi"
05 Apr 2017,"IndusInd Bank to raise Rs 1,000 cr via Basel III bonds"
29 Mar 2017,"Lohia Auto, IndusInd Bank extend tie-up to e-three wheelers"
28 Mar 2017,"Buy IndusInd Bank, Bajaj Finance, Tata Chemicals; sell ACC, Glenmark Pharma: Sudarshan Sukhani"
21 Mar 2017,"Buy IndusInd Bank, Ajanta Pharma, IFCI: Ashwani Gujral"
21 Mar 2017,IndusInd Bank opens new branch in Faridabad
20 Mar 2017,"IndusInd Bank raises Rs 1,000 crore via bonds"
15 Mar 2017,IndusInd Bank enters into agreement with Infrastructure Leasing and Financial Services 
14 Mar 2017,IndusInd Bank to acquire 100% stake in ISSL
14 Mar 2017,"Buy IndusInd Bank, Hero MotoCorp, Mindtree: Rahul Shah"
10 Mar 2017,COMMENT- Is Bharat Financial a worthy Inclusion for IndusInd?
10 Mar 2017,UP election results to have marginal impact on mkts: Samir Arora
10 Mar 2017,Here are Deven Choksey's top trading ideas
10 Mar 2017,IndusInd Bank confirms deal talks with MFI Bharat Financial
09 Mar 2017,Bharat Fin merger to lift IIB's RoA but execution key: Macquarie
09 Mar 2017,"Buy, sell, hold: 4 stocks that you can focus today"
08 Mar 2017,"Prefer UPL, see 5-7% upside: Anu Jain"
08 Mar 2017,IndusInd Bank opens new branch in Sikar
07 Mar 2017,Bharat Financial trading volumes surge on IndusInd deal buzz
02 Mar 2017,"IndusInd, Bharat Financial call off deal on valuation worry:Srcs"
27 Feb 2017,"After IndusInd Bank, RBL enters race for merger with Bharat Fin"
24 Feb 2017,We haven't been approached by anyone: Axis Bank's Shikha Sharma
23 Feb 2017,"Buy DCB Bank, Cadila Health, IndusInd Bk, Grasim: Gujral"
23 Feb 2017,"Buy RIL, Bharat Financial, IndusInd Bank, Tech Mahindra: Sukhani"
23 Feb 2017,"IT ministry, UIDAI ask banks to move to Aadhaar Pay by March end"
20 Feb 2017,"Buy IndusInd Bank, JSW Steel, Bharat Forge: Rahul Shah"
17 Feb 2017,"Sell Kotak Mah Bank, Axis Bank, IndusInd Bank: Ashwani Gujral"
17 Feb 2017,"Wipro can climb to Rs 490, by Cadila Healthcare on dips: Gaba"
17 Feb 2017,Buy IndusInd Bank; sell Godrej Industries: Sandeep Wagle 
13 Feb 2017,"Buy M&M Financial, IndusInd Bank, Exide: Sudarshan Sukhani"
12 Feb 2017,Indusind Bank not to grow unsecured book beyond 5%
10 Feb 2017,World could see a protectionism mega trend: Uday Kotak
09 Feb 2017,Here are a few stock ideas from Deven Choksey
06 Feb 2017,"Buy Apollo Hospitals, IndusInd Bank, DCB Bank: VK Sharma"
02 Feb 2017,"Indiabulls Housing Finance looks good, says Prakash Gaba"
01 Feb 2017,"Buy Britannia Industries, DHFL, HPCL, IndusInd Bank: Sukhani"
01 Feb 2017,"Buy IndusInd Bk, Bajaj Holdings, M&M; sell Auro Pharma: Thakkar"
27 Jan 2017,"How new-gen Kotak, IndusInd, Yes banks beat older rivals on NPAs"
25 Jan 2017,Here is why SP Tulsian bets on bank stocks
25 Jan 2017,Flexible product mix helped Kotak keep slippages in check: Diwan
25 Jan 2017,"Buy UPL, Dewan Housing, Capital First: Ashwnai Gujral"
24 Jan 2017,"Buy Bajaj Auto, IndusInd Bank: Mitessh Thakkar"
24 Jan 2017,Sell Divis Labs on rally; Chennai Petro may test Rs 360: Gujral
24 Jan 2017,"Buy AB Nuvo, CESC, IndusInd Bank; short Just Dial: Sukhani"
24 Jan 2017,"Buy BEL, IDBI Bank; sell Bharti Infratel: Mitessh Thakkar"
23 Jan 2017,"'Housing finance cos, private sector banks standouts of Q3'"
20 Jan 2017,"IndusInd Bank, HDFC Bank best bets: Mehraboon Irani"
20 Jan 2017,Here are a few stock ideas from Deven Choksey
20 Jan 2017,"Buy Yes Bank, IndusInd Bank: Ashwani Gujral"
19 Jan 2017,"Buy ACC, IndusInd Bk, Voltas; sell Idea, Glenmark: Sukhani"
18 Jan 2017,Buy IndusInd Bank; target of Rs 1350: ICICI Direct
18 Jan 2017,Buy Indusind Bank; target of Rs 1430: Motilal Oswal
18 Jan 2017,"Buy UltraTech Cement, Tata Chemicals: Mitessh Thakkar"
16 Jan 2017,BSE's international exchange goes live for trading
16 Jan 2017,"Buy Kaveri Seed, IndusInd Bank, SAIL: Rahul Shah"
13 Jan 2017,Positive on private sector banks: Dipan Mehta
12 Jan 2017,Here are Mayuresh Joshi's top trading bets
11 Jan 2017,"Positive on HDFC Bank, IndusInd Bank: Mehraboon Irani"
11 Jan 2017,"IndusInd Bank rises 6%, analysts upbeat post Q3 results"
11 Jan 2017,Credit cost expected to be below 60 bps In FY17: IndusInd Bank
11 Jan 2017,IndusInd Bank attractive buying opportunity: Sudarshan Sukhani
11 Jan 2017,"Buy, sell, hold: 6 stocks brokerages firm are betting on"
10 Jan 2017,"Tulsian's preferred picks in transmission, bank & tyre sectors"
10 Jan 2017,IndusInd Bank to review interest rates of savings accounts
10 Jan 2017,"IndusInd Bank Q3 profit up 29% to Rs 751 cr, NII jumps 34%"
10 Jan 2017,Here are Sanjiv Bhasin's top trading ideas
10 Jan 2017,"IndusInd Bank Q3 profit seen up 24%, loan growth may be 22%"
09 Jan 2017,IndusInd Bank Q3 PAT seen down 5% to Rs 668.7 cr: ICICIdirect
06 Jan 2017,"Buy IndusInd Bank, SRF for 2-3 trading sessions: Hemant Thukral"
06 Jan 2017,"Buy Havells, IndusInd Bank, Marico; sell Divis Labs: Sukhani"
05 Jan 2017,"Here is why Tulsian bets on bank, metal stocks"
04 Jan 2017,"Maruti Suzuki buying opportunity, avoid banks: Sudarshan Sukhani"
04 Jan 2017,"Buy, sell, hold: 18 stocks that analysts are watching out"
02 Jan 2017,"Buy, sell, hold: How to trade 5 auto & bank stocks?"
30 Dec 2016,"Like BEL, NBCC, Strides Shasun; bullish on Bharat Fin: Mehta"
30 Dec 2016,"Buy Century Textiles, Hindustan Unilever, IndusInd Bank: Gujral"
29 Dec 2016,"Buy IndusInd Bank, Mindtree, UltraTech Cement: Yogesh Mehta"
29 Dec 2016,"Buy EIL, Mindtree, Bata India, IndusInd Bank: Ashwani Gujral"
27 Dec 2016,"Prefer IndusInd Bank, Yes Bank: Sharmila Joshi"
27 Dec 2016,"Bull's Eye: Buy IndusInd Bank, Exide, BEML; sell IRB Infra"
23 Dec 2016,"Sell IndusInd Bank, DCB Bank, Cipla: Mitesh Thacker"
14 Dec 2016,"Buy Hexaware Technologies, sell IndusInd Bank: Mitesh Thacker"
12 Dec 2016,"Sell IndusInd Bank, Bata India; buy Aban Offshore: Gujral"
12 Dec 2016,"Closely watching NBFC space, positive on bank: Ajay Bodke"
09 Dec 2016,"Buy SBI, HDFC Bank, IndusInd Bank, BoB, ICICI Bank: Irani"
09 Dec 2016,"Buy Reliance Industries, IndusInd Bank, OBC: Ashwani Gujral"
08 Dec 2016,"Buy IndusInd Bank, Mahindra & Mahindra, Uflex: Ashwani Gujral"
02 Dec 2016,"Sell Arvind, Asian Paints: Mitesh Thacker"
01 Dec 2016,"IndusInd Bank to raise Rs 1,500 crore via bonds"
30 Nov 2016,"Buy ICICI Bank, Tata Motors: Yogesh Mehta"
22 Nov 2016,"Analysts positive on NBFCs, retail private banks after RBI move"
21 Nov 2016,"Sell IndusInd Bank, Ambuja Cements, Hindalco: Ashwani Gujral"
19 Nov 2016,Check out: How demonetisation impacts various sectors
18 Nov 2016,"HDFC Bank can slip to Rs 1200, Power Grid may hit Rs 204: Gupta"
15 Nov 2016,"Buy Infosys; sell Jet Airways, IndusInd Bank: Ashwani Gujral"
15 Nov 2016,Demonetisation to impact NBFCs for next 3-4 months: Macquarie
15 Nov 2016,"Sell Tata Motors; buy HDFC Bk, Power Grid: Mitesh Thacker"
09 Nov 2016,"Sell IndusInd Bank, Godrej Consumer: Mitesh Thacker"
08 Nov 2016,"Sell Bharti Airtel, IndusInd Bank; buy Heritage Food: Gujral"
04 Nov 2016,"Buy IndusInd Bank 1160 Put, sell 1280 Call: Krish Subramanyam"
02 Nov 2016,Go long in IndusInd Bank; short Biocon: Rahul Shah
28 Oct 2016,"Sell DLF, IndusInd Bank, Infosys; buy IIFL, Vijaya Bank: Thacker"
20 Oct 2016,"Hold Yes Bank, see levels of Rs 1500-1600: Vijay Chopra"
19 Oct 2016,Buy IndusInd Bank; target of Rs 1400: Axis Direct
18 Oct 2016,"Prefer ICICI Bank, SBI; positive on Satin Credit Care: IIFL"
17 Oct 2016,Buy IndusInd Bank; target of Rs 1500: KR Choksey
17 Oct 2016,Hold IndusInd Bank; target of Rs 1292: Arihant Capital
17 Oct 2016,"Banks past NPA crisis, normalisation 3-4 qtrs away: Exide Life"
17 Oct 2016,"Short Ceat, NCC, Hindalco, IndusInd Bank: Ashwani Gujral"
14 Oct 2016,Buy IndusInd Bank; target of Rs 1400: Motilal Oswal
14 Oct 2016,Buy IndusInd Bank; target of Rs 1350: ICICI Direct
14 Oct 2016,"Sell Sun TV, IndusInd Bank: Rajat Bose"
14 Oct 2016,Here are Deven Choksey's top trading ideas
13 Oct 2016,"IT sector beaten down, no great expectation from TCS: Expert"
13 Oct 2016,"Buy JSW Steel, Page Industries: Sudarshan Sukhani"
13 Oct 2016,Any decline in IndusInd shares a buying opportunity: IIFL
13 Oct 2016,"Buy, sell or hold: 9 stocks that analysts are bullish on"
12 Oct 2016,"IndusInd Q2 meets expectations, NII growth robust: Experts"
12 Oct 2016,"IndusInd Bank Q2 net up 26% at Rs 704cr, provisions at Rs 214 cr"
10 Oct 2016,Here's what you can expect from IndusInd Bank's Q2 earnings
10 Oct 2016,IndusInd Bank Q2 PAT seen up 6% to Rs 701 cr: Motilal Oswal
06 Oct 2016,"Bullish on RIL, IndusInd Bank may climb to Rs 1257: Rajat Bose"
03 Oct 2016,"Prefer HDFC Bank, says Prakash Gaba"
27 Sep 2016,"Sell Idea, M&M, Tata Motors; buy Kesoram: Ashwani Gujral"
21 Sep 2016,Paytm partners with Indusind Bank to offer financing options for booking of two-wheelers
20 Sep 2016,"Buy IndusInd Bank 1180 Call, sell 1220 Call: Krish Subramanyam"
20 Sep 2016,"Buy IndusInd Bank, HPCL, JSW Steel: Ashwani Gujral"
19 Sep 2016,"Buy IndusInd Bank, Bharat Forge; sell BEML: Ashwani Gujral"
15 Sep 2016,"Buy RIL, Automotive Axle; sell IndusInd Bank: Gujral"
14 Sep 2016,"Short IndusInd Bank, says Amit Gupta"
07 Sep 2016,"Buy Bharat Forge, IndusInd Bank, Vedanta: Ashwani Gujral"
07 Sep 2016,"Buy Vedanta, UPL, IndusInd Bank: Sandeep Wagle"
07 Sep 2016,"Buy Britannia, LIC Housing, NCC, Axis Bank, IndusInd Bank:Gujral"
07 Sep 2016,Here are some stock ideas from SP Tulsian
06 Sep 2016,"Sell Jubilant Foodworks; buy Rel Infra, IndusInd Bank: Gujral"
02 Sep 2016,NPA issue in banks far from over; better mechanism needed: Pros
01 Sep 2016,"Hold JSW Steel; buy HDFC, IndusInd Bank: Ashish Chaturmohta"
01 Sep 2016,"Buy IndusInd Bank, Sintex Industries: Manoj Murlidharan"
31 Aug 2016,"Tulsian's take on construction cos, Zee, RBL Bank & other stocks"
31 Aug 2016,"Buy REC, IndusInd Bank, CONCOR: Sandeep Wagle"
31 Aug 2016,"Buy Asian Paints, UltraTech Cement, IndusInd Bank: Sandeep Wagle"
18 Aug 2016,"Buy L&T Finance Holdings, IndusInd Bank, Sun TV: Ashwani Gujral"
18 Aug 2016,"Buy UltraTech Cement, IndusInd Bank, Torrent Pharma: Wagle"
18 Aug 2016,"Buy IndusInd Bank, Torrent Pharma, Gabriel India: Ashwani Gujral"
09 Aug 2016,"Go long in private banks; short PSU banks, short IFCI: Thacker"
08 Aug 2016,"Buy M&M, NMDC, IndusInd Bank: Sudarshan Sukhani"
02 Aug 2016,Bharat Fin not eyeing a banking licence now: PH Ravikumar
01 Aug 2016,Here are a few stock ideas from Ajay Bodke
27 Jul 2016,RBI slaps Rs 27-cr penalty on 13 banks for FEMA violations
20 Jul 2016,"Buy Lupin, Power Grid; sell IndusInd Bank, YES Bank: Gujral"
15 Jul 2016,Here are a few stock ideas from Prakash Diwan
14 Jul 2016,Find out why Tulsian is bullish on logistics stocks
12 Jul 2016,Buy Indusind Bank; target of Rs 1278: Reliance Securities
12 Jul 2016,Buy Indusind Bank; target of Rs 1143: KR Choksey
12 Jul 2016,IndusInd Bank opens IFSC banking unit at GIFT city
12 Jul 2016,"Microfinance, non-vehicle loan book to drive growth: IndusInd"
12 Jul 2016,Here are a few investment ideas from Prakash Diwan
11 Jul 2016,Institution of high growth to continue in IndusInd bank: IIFL
11 Jul 2016,"IndusInd Bank Q1 profit soars 26% on strong NII, other income"
11 Jul 2016,IndusInd: Q4 forecast and why it is IDBI Cap's top pvt bank pick
11 Jul 2016,IndusInd Bank Q1 net seen up 27% at Rs 666.8 cr: KR Choksey
11 Jul 2016,Here are a few stock ideas from Ambareesh Baliga
11 Jul 2016,"Buy HDIL, LIC Housing Finance, IndusInd Bank: Hemant Thukral"
11 Jul 2016,IndusInd Bank Q1 profit seen up 24% at Rs 654 cr: Poll
08 Jul 2016,"Pick IndusInd Bank on correction, says Sanjiv Bhasin"
08 Jul 2016,"Hold IndusInd Bank, may test Rs 1145: Gaurang Shah"
08 Jul 2016,Book some profits in IndusInd Bank: Nooresh Merani
08 Jul 2016,"Buy IndusInd Bank, YES Bank, M&M Financial: Ashwani Gujral"
05 Jul 2016,"Buy IndusInd Bank, Aban Offshore; sell Aurobindo Pharma: Gujral"
05 Jul 2016,Here are Sanjiv Bhasin's top trading ideas
04 Jul 2016,"Buy IDBI Bank, Apollo Hospitals; sell IndusInd Bank: Gujral"
01 Jul 2016,"Buy Strides Shasun, Axis Bank, Reliance Industries: Gujral"
01 Jul 2016,"IndusInd Bank's asset quality strong, but concerns remain: CLSA"
30 Jun 2016,"Buy Infosys; IndusInd Bank may hit Rs 1125, NTPC Rs 155: Gaba"
30 Jun 2016,7th Pay hike may raise consumption to 8%: Stocks you can buy now
29 Jun 2016,"Exit Rana Sugars, prefer private sector banks: Gaurang Shah"
29 Jun 2016,"Buy IndusInd Bank, JSW Energy, Bharat Forge: Ashwani Gujral"
29 Jun 2016,"Buy IndusInd Bank, M&M Financial, ITC; sell HCL Tech: Gujral"
29 Jun 2016,"Buy DLF, Tata Motors, Dabur, Aurobindo Pharma: Ashwani Gujral"
27 Jun 2016,Best buys: Which stocks are brokerages backing after Brexit
24 Jun 2016,"IndusInd Bank's Q1 results on July 11, 2016"
22 Jun 2016,"Buy Manappuram Fin, Repco Home; sell IndusInd Bank: Gujral"
16 Jun 2016,"Exit UCO Bank, says Ashu Madan"
16 Jun 2016,"Sell IndusInd Bank; buy Dr Reddy's Labs, Dish TV: Gaurav Bissa"
16 Jun 2016,"Buy YES Bank, IndusInd Bank, HDFC Bank on dips: Ashwani Gujral"
15 Jun 2016,"Prefer IndusInd Bank, YES Bank, Kotak Bank: Dipan Mehta"
14 Jun 2016,"Buy Kesoram Industries, NIIT Technologies: Ashwani Gujral"
13 Jun 2016,"Buy McLeod Russel, UPL; sell HDIL: Ashwani Gujral"
09 Jun 2016,"IndusInd Bank's AGM on July 01, 2016"
09 Jun 2016,"Tata Motors top pick, may test Rs 510: Ajay Bodke"
06 Jun 2016,New NPAs to decline 40% in FY17; prefer private sector banks: MS
03 Jun 2016,Why Prabhudas Lilladher is bullish on these stocks
03 Jun 2016,"Buy HDFC, Axis Bank, IndusInd Bank, Maruti Suzuki: Gujral"
03 Jun 2016,Buy bajaj Finance on dips: Ashwani Gujral
02 Jun 2016,"SP Tulsian€™s views on Godrej Cons, Coal India & pvt, PSU banks"
02 Jun 2016,"Focus on HDFC, HDFC Bank, HUL, ITC: Sudarshan Sukhani"
31 May 2016,"Exit Dhanlaxmi Bank, says Sharmila Joshi"
27 May 2016,HDFC among world's top 10 consumer financial services company
26 May 2016,"Buy Strides Shasun, Indiabulls Housing, Siemens: Ashwani Gujral"
26 May 2016,"Buy YES Bank, IndusInd Bank on dips, GAIL may hit Rs 425: Gujral"
25 May 2016,"Buy YES Bank, IndusInd Bank, Petronet LNG: Ashwani Gujral"
25 May 2016,Lohia Auto Industries signs MoU with Induslnd Bank
25 May 2016,"Buy IndusInd Bank, Havells India, Axis Bank: Ashwani Gujral"
23 May 2016,Induslnd Bank and Reliance General Insurance tie up for distribution of insurance products
19 May 2016,"Sell IndusInd Bank, Indiabulls Housing; buy GATI: Ashwani Gujral"
18 May 2016,HMSI teams up with IndusInd Bank for two-wheeler financing
18 May 2016,Honda inks national 2Wheeler retail finance MoU with IndusInd Bank
17 May 2016,"Buy GAIL India, BPCL, ONGC, enter IT stocks: Ashwani Gujral"
17 May 2016,"Buy Ajanta Pharma, IndusInd Bank, Arvind: Chandan Taparia"
17 May 2016,"Buy HDFC Bank, ITC on dips; SpiceJet may hit Rs 90: Prakash Gaba"
17 May 2016,"Buy Bharti Airtel, HDIL, Ajanta Pharma: Ashwani Gujral"
16 May 2016,"Buy IndusInd Bank, JSW Steel: Ashwani Gujral"
16 May 2016,"Cautious banks; no cheer seen on interest rates, NPAs: JP Morgan"
12 May 2016,Mauritius Treaty fallout:Companies with most exposure to p-notes
12 May 2016,"Hold IndusInd Bank, Kotak Bank: Mayuresh Joshi"
12 May 2016,"Buy Axis Bank, YES Bank, IndusInd Bank: Sudarshan Sukhani"
12 May 2016,"Buy Kotak Bank, Lloyd Electric may test Rs 273: Prakash Gaba"
11 May 2016,"Buy Hero MotoCorp, IndusInd Bank on dips: Sudarshan Sukhani"
10 May 2016,"Buy YES Bank, HDFC may test Rs 1320 in long term: Ashwani Gujral"
09 May 2016,"Buy IndusInd Bank, LIC Housing Finance: Sandeep Wagle"
09 May 2016,"Short Divis Lab, buy IndusInd Bank: Rahul Shah"
09 May 2016,"Short Just Dial; buy IndusInd Bank, NTPC, Arvind: Ashwani Gujral"
06 May 2016,"Buy Union Bank, Karnataka Bank, Havells: Ashwani Gujral"
06 May 2016,IndusInd Bank inaugurates a new branch at Kolkata
05 May 2016,"Buy L&T, Havells; sell IndusInd Bank: Ashwani Gujral"
05 May 2016,"Bull's Eye: Buy Bata, HDFC, Havells; sell Dish TV, Hind Zinc"
02 May 2016,"Prefer YES Bank, IndusInd Bank, HDFC Bank: Anand Tandon"
02 May 2016,"Buy IndusInd Bank, Ashok Leyland: Rahul Shah"
02 May 2016,"Look at HDFC, IndusInd Bank, YES Bank: Harendra Kumar"
02 May 2016,"'See single-digit FY17 profit growth, high slippages for ICICI'"
30 Apr 2016,"Look at YES Bank, IndusInd Bank: Ashwani Gujral"
28 Apr 2016,"Bullish on YES Bank, IndusInd Bank, HDFC Bank: Hemant Thukral"
28 Apr 2016,"Buy Maruti Suzuki, YES Bank, Axis Bank on dips: Ashwani Gujral"
26 Apr 2016,"Buy SPARC, Idea Cellular; sell UPL: Ashwani Gujral"
26 Apr 2016,Go long in IndusInd Bank 1020 Call: Navneet Daga
22 Apr 2016,Hold IndusInd Bank; target of Rs 1060: ICICI Direct
21 Apr 2016,Slight NPA increase for IndusInd acceptable: Analysts
21 Apr 2016,IndusInd Bank Q4 net up 25% at Rs 620 cr; NPA rises slightly
21 Apr 2016,IndusInd Bank recommends dividend
20 Apr 2016,"IndusInd Bank Q4 profit seen up 27%, loan growth may be healthy"
18 Apr 2016,"Buy Petronet LNG, Amara Raja: Ashwani Gujral"
18 Apr 2016,"Buy GAIL India, TVS Motor may hit Rs 335: Prakash Gaba"
13 Apr 2016,"Buy IndusInd Bank, Bajaj Auto, Hero MotoCorp: Sudarshan Sukhani"
11 Apr 2016,"Buy Infosys, Idea, IndusInd Bank: Ashwani Gujral"
11 Apr 2016,"Buy IndusInd Bank, HDFC Bank; see better Q4 numbers: Ajay Bodke"
07 Apr 2016,"Sell Maruti Suzuki, IndusInd Bank; buy UPL: Ashwani Gujral"
07 Apr 2016,"Buy TCS, IndusInd Bank, BPCL: Sudarshan Sukhani"
05 Apr 2016,"Add Power Grid to portfolio, says Parag Thakkar"
02 Apr 2016,"DHFL may test Rs 300, Havells Rs 420: Ashwani Gujral"
31 Mar 2016,"IndusInd Bank may test Rs 965, HDFC Bank Rs 1075: Prakash Gaba"
30 Mar 2016,"Buy IndusInd Bank, Reliance Industries: Sudarshan Sukhani"
30 Mar 2016,6 stocks likely to see lot of action today
29 Mar 2016,"Short L&T, IndusInd Bank; go long in Kotak Bank: Siddarth Bhamre"
29 Mar 2016,Ashok Leyland sells stake worth Rs 299 crore in IndusInd Bank
19 Mar 2016,Hinduja brothers top UK's 'Asian Rich List'
18 Mar 2016,"Positive on RIL; prefer Axis Bank, IndusInd Bank: Rahul Mohindar"
18 Mar 2016,"Pick IndusInd Bank, says Ashish Kyal"
17 Mar 2016,"Buy DHFL 170 Put, sell IndusInd Bank: Gaurav Bissa"
17 Mar 2016,"Sell IndusInd Bank, Lupin; buy Bharat Forge: Ashwani Gujral"
15 Mar 2016,"Like YES Bank, HDFC Bank, IndusInd Bank, Kotak Bank: Irani"
15 Mar 2016,Super Six stocks you can bet on March 15
14 Mar 2016,"Buy Cairn India; sell BEL, IndusInd Bank: Ashwani Gujral"
14 Mar 2016,"Buy Havells India, ICICI Bank, IndusInd Bank: Ashwani Gujral"
11 Mar 2016,"Remain invested in SBI, says Ashish Kyal"
11 Mar 2016,"ICICI Bank looks weak, sell Motherson Sumi: Rajat Bose"
10 Mar 2016,"Pick Aurobindo Pharma, Tech Mahindra: Prakash Gaba"
10 Mar 2016,Super 6 trading stocks for short term gain
09 Mar 2016,"Buy IndusInd Bank, Rel Infra, Ashok Leyland: Ashwani Gujral"
02 Mar 2016,"Buy PSU banks, Tata Steel, Hindalco: Sudarshan Sukhani"
01 Mar 2016,Indusind Bank opens new branch in Indore
01 Mar 2016,"IndusInd Bank may test Rs 850, TCS Rs 2125: Prakash Gaba"
26 Feb 2016,"Pick Asian Paints, Britannia; like YES Bank, HDFC Bank: Emkay"
22 Feb 2016,"Post Q3, CLSA underweight on PSUs; sees value in private banks"
19 Feb 2016,"Sell Asian Paints, Wockhardt; buy HUL, IndusInd Bank: Gujral"
18 Feb 2016,"Buy Siemens, IndusInd Bank, HCL Tech: Chandan Taparia"
18 Feb 2016,"Buy Sun Pharma, Cairn, Tata Steel, BoB, Torrent Pharma: Gujral"
17 Feb 2016,"Sell IndusInd Bank, Bank of India: Sudarshan Sukhani"
16 Feb 2016,"Buy NTPC, Ceat, IndusInd Bank: Chandan Taparia"
16 Feb 2016,"Sell BPCL; buy SBI, Axis Bank on dips: Ashwani Gujral"
15 Feb 2016,"Bull's Eye: Buy SKS Micro, Bharat Forge, Havells, Marico, IOC"
11 Feb 2016,"Sell Cipla, Tata Global Beverage: Rajat Bose"
10 Feb 2016,Buy Pidilite Industries; short IndusInd Bank: Rahul Mohindar
10 Feb 2016,"Sell ITC, Tata Motors; LIC Housing may test Rs 409: Rajat Bose"
03 Feb 2016,IndusInd Bank may test Rs 865: Amit Gupta
01 Feb 2016,"PSU banks, complete avoid; positive on SKS Micro: Dipan Mehta"
22 Jan 2016,IndusInd Bank sponsored Level 1 American Depository Receipt Programme
21 Jan 2016,"Prefer Karur Vysya Bank, IndusInd Bank: Jai Bala"
19 Jan 2016,6 stocks likely to see lot of action today
18 Jan 2016,"Like HDFC Bank over Kotak Mahindra Bank, says Mayuresh Joshi"
18 Jan 2016,Exit IDFC Bank at around Rs 48: Vishal Malkan
15 Jan 2016,"Buy IndusInd Bank; target of Rs 1,080: Axis Securities"
15 Jan 2016,"Buy IndusInd Bank; target of Rs 1,125: Religare"
15 Jan 2016,Asian Paints may test Rs 926: Amit Gupta
14 Jan 2016,Buy Indusind Bank; target of Rs 1150:Motilal Oswal
14 Jan 2016,"Buy HDFC Bank, IndusInd Bank, Kotak Bank: Sudip Bandopadhyay"
14 Jan 2016,Hold Indusind Bank; target of Rs 1000: ICICIdirect
14 Jan 2016,Buy Indusind Bank; target of Rs 1203: KRChoksey
14 Jan 2016,Buy Indusind Bank; target of Rs 1050: Prabhudas Lilladher
14 Jan 2016,Buy Indusind Bank; target of Rs 1050: Edelweiss
14 Jan 2016,"Bull's Eye: Buy HDIL, IndusInd Bank, Arvind; sell IFCI, CESC"
13 Jan 2016,IndusInd Bank: Outcome of board meeting 
13 Jan 2016,Reliance Industries may test Rs 1210-1220: Prakash Diwan
13 Jan 2016,Expect margin expansion; 25-30% loan growth ahead: IndusInd
12 Jan 2016,"IndusInd Bank, PayU India tie-up for digital banking services"
12 Jan 2016,Buy IndusInd Bank on correction: Dipan Mehta
12 Jan 2016,"Buy Federal Bank, cautious on IndusInd Bank: SP Tulsian"
12 Jan 2016,Prefer private sector banks: Mayuresh Joshi
12 Jan 2016,"IndusInd Bank Q3 profit rises 30% to Rs 581 cr, provisions high"
12 Jan 2016,"IndusInd Bank Q3 profit seen up 23%, NII growth may be 30%"
11 Jan 2016,"Short ICICI Bank, target Rs 236, like SBI: Rajat Bose"
09 Jan 2016,Exit Punjab National Bank; pick IndusInd Bank: Prakash Gaba
08 Jan 2016,"Infosys, TCS may move up; buy IndusInd Bank: Rahul Mohindar"
07 Jan 2016,"Buy Infosys, cautious on IT, avoid PSU banks: Sudip Bandopadhyay"
05 Jan 2016,"Short SBI, IndusInd Bank; positive on HDFC Bank: Harchekar"
04 Jan 2016,"IndusInd Bank Q3 results on Jan 12, 2016"
31 Dec 2015,Like private banks; SBI top pick: R Sreesankar
31 Dec 2015,"IndusInd Bank looks strong, may test Rs 1000: Hemant Thukral"
31 Dec 2015,Buy IndusInd Bank; sell BPCL: Prakash Gaba
30 Dec 2015,"Go long in IndusInd Bank, says Aditya Agarwal"
30 Dec 2015,Short Bank of India; buy IndusInd Bank: Sukhani
28 Dec 2015,Top chart picks for December 28
24 Dec 2015,"Pick Kotak Mah Bank, IndusInd Bank: SP Tulsian"
24 Dec 2015,IndusInd Bank may touch Rs 970: Rahul Mohindar
23 Dec 2015,Sell Bank of India; prefer IndusInd Bank: Pankaj Jain
21 Dec 2015,Bank of Baroda may slip to Rs 152-155: Rajat Bose
18 Dec 2015,"Buy IndusInd Bank, SBI may test Rs 265: Rahul Mohindar"
18 Dec 2015,"Sell Axis Bank, target Rs 425.50: Rajat Bose"
16 Dec 2015,Dilip Shanghvi to make open offer to buy 26% Suzlon stake
15 Dec 2015,"Despite gloom over NPAs, these banks could be good bargains"
09 Dec 2015,IndusInd Bank opens a new branch in Indore
07 Dec 2015,Prakash Gaba's stock picks that can fetch handsome returns
02 Dec 2015,"Sell IDFC on rallies, says Pankaj Jain"
30 Nov 2015,"IndusInd Bank, HDFC Bank, SKS Micro top bets: Rahul Arora"
30 Nov 2015,"Buy IndusInd Bank on dips, says Sameet Chavan"
26 Nov 2015,"IndusInd Bank good pick, target Rs 953-960: Thukral"
23 Nov 2015,Buy IndusInd Bank; target Rs 978: Sameet Chavan
23 Nov 2015,Super Six stocks that can boost your portfolio on Nov 23
20 Nov 2015,"Buy IndusInd Bank, Bata India: Manas Jaiswal"
13 Nov 2015,"Buy YES Bank 740 Put, IndusInd Bank 800 Put: VK Sharma"
13 Nov 2015,15 quality stocks for Samvat 2072: AB Money
13 Nov 2015,Eyeing for gains post tie-ups with payment banks: IndusInd
09 Nov 2015,"Bull's Eye: Sell Dr Reddy's, JSW Energy, Ceat, buy BoI"
06 Nov 2015,"Buy Motherson Sumi Systems, IndusInd Bank: Hemen Kapadia"
05 Nov 2015,"Buy Coal India; sell IndusInd Bank, JSW Steel: Sukhani"
04 Nov 2015,Diwali shopping list of 12 stocks by Sharekhan
27 Oct 2015,IFSC at GIFT City begins operations with Yes Bank launch
23 Oct 2015,"Axis Bank may test Rs 530-535, says Hemant Thukral"
21 Oct 2015,"Exit Tata Steel on rally, like IndusInd Bank: Rakesh Bansal"
19 Oct 2015,AB Money 'Neurtal' on IndusInd Bank; target of Rs 1010
15 Oct 2015,"Money laundering scam: ICICI, OBC, Axis Bank in ED's net"
14 Oct 2015,Buy IndusInd Bank; target of Rs 1060: Firstcall
13 Oct 2015,Buy IndusInd Bank; target of Rs 1060: Firstcall research
13 Oct 2015,Accumulate IndusInd Bank; target of Rs 1070: P Lilladher
13 Oct 2015,Buy Indusind Bank; target of Rs 1050: ICICIdirect
12 Oct 2015,Hold Indusind Bank; target of Rs 1020: Edelweiss
12 Oct 2015,Buy IndusInd Bank; target of Rs 1175: Reliance Securities
09 Oct 2015,"Like pharma, consumer stocks: Gautam Sinha Roy"
09 Oct 2015,Six in 60: Six stocks one needs to keep an eye on
09 Oct 2015,"Buy NBCC; sell Maruti, IndusInd Bank: Rajat Bose"
09 Oct 2015,"IndusInd Bank Q2 beats estimates; profit, NII jump over 30%"
09 Oct 2015,Positive on IndusInd Bank: Deven Choksey
09 Oct 2015,Positive on private sector banks: Nischal Maheshwari
08 Oct 2015,"IndusInd Bank Q2 profit, NII growth may be over 26%: Poll"
07 Oct 2015,"Keep SBI, ICICI Bank, HDFC Bank in portfolio: R Sreesankar"
07 Oct 2015,"NCDEX, Kotak Mahindra Bk pact to provide commodities loans"
06 Oct 2015,Buy IndusInd Bank 940 Put: Gaurav Bissa
05 Oct 2015,Indusind Bank inaugurates a new branch at Jamshedpur
01 Oct 2015,"SBI, HDFC Bank, ICICI Bank have upside potential: Sukhani"
01 Oct 2015,"IndusInd Bank's Q2 results on Oct 09, 2015"
30 Sep 2015,"Exit SBI, invest in IndusInd Bank: Vishal Malkan"
29 Sep 2015,Accumulate IndusInd Bank; target of Rs 1080: Emkay
24 Sep 2015,"Lupin, Infosys, IndusInd Bank look interesting: MOST"
23 Sep 2015,"Prefer HDFC Bank, Dalmia Bharat: Mehraboon Irani"
19 Sep 2015,Diwali shopping list: 7 largecaps may give high returns
18 Sep 2015,"Buy IndusInd Bank 920 Call, BoB 185 Call: VK Sharma"
10 Sep 2015,"HDFC Bank, Infosys top picks; like L&T, IOC: R Sreeshankar"
07 Sep 2015,"Prefer Bank of Baroda, IndusInd Bank: Meghana Malkan"
07 Sep 2015,"Buy HDFC Bank, IndusInd Bank: Sahil Kapoor"
05 Sep 2015,All weather stocks: 11 large caps to buy on market crash
04 Sep 2015,Foreign investors can buy more shares in IndusInd Bank
03 Sep 2015,IndusInd Bank: Updates on outcome of AGM
03 Sep 2015,"Buy HDFC Bank, HDFC, Kotak Bank: Mehraboon Irani"
03 Sep 2015,"HDFC Bank, ICICI Bank, SBI top picks: R Sreesankar"
03 Sep 2015,"Buy IndusInd Bank, target Rs 930: Sahil Kapoor"
03 Sep 2015,Moving towards marginal cost of funding: IndusInd Bk
01 Sep 2015,Prefer IndusInd Bank for long term: Parag Thakkar
29 Aug 2015,"Buy IndusInd Bank, Kotak Mahindra, Maruti: Sanjay Dutt"
26 Aug 2015,"Sell Arvind, IndusInd Bank; buy Indraprastha Gas: Sukhani"
25 Aug 2015,"Short IndusInd Bank, can move lower to Rs 800-820: MOST"
25 Aug 2015,"Sell IndusInd Bank, target Rs 770: Shubham Agarwal"
25 Aug 2015,"Buy YES Bank, IndusInd Bank, ICICI Bank on dips: Elara Cap"
20 Aug 2015,"Buy YES Bank, IndusInd Bank; like ICICI Bank: Devang Mehta"
19 Aug 2015,"Pick IndusInd Bank, expect move to Rs 1070: ICICIdirect"
18 Aug 2015,"Buy JK Tyre, IndusInd Bank: Kunal Bothra"
18 Aug 2015,"Hold Kotak Mahindra Bank, IndusInd Bank: Rahul Mohindar"
13 Aug 2015,Buy ITC; sell IndusInd Bank: Sameet Chavan
13 Aug 2015,6 stocks likely to see lot of action today
12 Aug 2015,IndusInd raises Rs 753 crore through preferential issue
12 Aug 2015,"IndusInd Bk raises Rs 5,081-cr via QIP, preferential issue"
12 Aug 2015,Super Six trading bets that can fetch you handsome returns
06 Aug 2015,IndusInd Bank allots shares worth Rs 753 crore
05 Aug 2015,IndusInd Bank receives RBI approval to set up IFSC banking unit
31 Jul 2015,Experts see Rs 370 as fair value for ICICI Bank
31 Jul 2015,"Buy Tata Chemicals Aug futures, advises Krish Subramanyam"
31 Jul 2015,"Buy IndusInd Bank 980 Call, sell 1020 Call: VK Sharma"
29 Jul 2015,"IndusInd Bank's AGM on August 17, 2015"
29 Jul 2015,"Buy IndusInd Bank, expect move towards Rs 1000: ICICIdirect"
29 Jul 2015,"HDFC Bank, IndusInd better play in banking space: Sabharwal"
28 Jul 2015,"Buy L&T on correction, look at Tata Motors: Dilip Bhat"
27 Jul 2015,IndusInd completes acquisition of RBS bullion financing biz
27 Jul 2015,"Overweight on pharma, private sector banks: Dipan Mehta"
27 Jul 2015,IndusInd completes acquisition of RBS bullion financing biz
27 Jul 2015,Indusind Bank acquires Royal Bank of Scotland's Diamond & Jewellery Financing biz
21 Jul 2015,"Go long in IndusInd Bank, may test Rs 1020: Uttekar"
21 Jul 2015,Focus on private sector banks: Dipan Mehta
16 Jul 2015,Hold IndusInd Bank; target of Rs 976: Arihant capital
16 Jul 2015,Buy IndusInd Bank; target of Rs 1100: KRChoksey
15 Jul 2015,Buy IndusInd Bank; target of Rs 1050: ICICIdirect
15 Jul 2015,Buy IndusInd Bank; target of Rs 1200: Religare
15 Jul 2015,Accumulate IndusInd Bank; target of Rs 1050: P Lilladher
14 Jul 2015,Accumulate IndusInd Bank; target of Rs 1050: Emkay
14 Jul 2015,IndusInd Bank top pick: R Sreesankar
14 Jul 2015,Loan growth at 23%; Q1 net slippages at Rs 7 cr: IndusInd
13 Jul 2015,Look at HDFC Bank: Anand Tandon
13 Jul 2015,Like DCB Bank; Axis Bank can outperform: Rahul Mohindar
13 Jul 2015,"IndusInd Bank Q1 net up 25% at Rs 525 cr, NII gains 22%"
13 Jul 2015,Harendra Kumar neutral on IndusInd Bank
13 Jul 2015,"IndusInd Bank Q1 NIM, asset quality seen stable; NII up 22%"
10 Jul 2015,"Remain invested in Voltas, says Gaurang Shah"
09 Jul 2015,Use dips to enter IndusInd Bank: Rahul Mohindar
06 Jul 2015,Super Six trading ideas for the day
03 Jul 2015,"IndusInd Bank Q1 results on July 13, 2015"
01 Jul 2015,IndusInd Bank-RBS deal gets Competition Commission nod
30 Jun 2015,"Buy IndusInd Bank, BPCL, HUL, Kotak Bank: Hathiramani"
29 Jun 2015,"Prefer HDFC Bank, Axis Bank, IndusInd Bank: Baliga"
27 Jun 2015,Portfolio churner: 10 stocks to buy/sell as Greece haunts
26 Jun 2015,"Bharti Airtel may hit Rs 500, Idea Cellular Rs 230: Shah"
25 Jun 2015,"TS Harihar negative on PSU banks, positive on private banks"
24 Jun 2015,"Look at Pidilite Industries, Kotak Bank: Saurabh Mukherjea"
22 Jun 2015,"Buy TVS Motor, Century Textiles, SBI: Sudarshan Sukhani"
22 Jun 2015,"Private sector banks top pick, avoid PSU banks: Dipan Mehta"
16 Jun 2015,Lakshmi Vilas Bank raises deposit rates by 1%
12 Jun 2015,IndusInd Bank promoters to retain stake at 15% post QIP
12 Jun 2015,"Sell IndusInd Bank, Bharat Heavy Electricals: Rajat Bose"
11 Jun 2015,"Short IndusInd Bank, Allahabad Bank: Ashish Chaturmohta"
10 Jun 2015,Indusind Bk in talks with banks for $750 m share sale: Srcs
09 Jun 2015,"Buy IndusInd Bank, says Mehraboon Irani"
08 Jun 2015,"Prefer IndusInd Bank, HDFC Bank: Ambareesh Baliga"
08 Jun 2015,Short IndusInd Bank; target Rs 810-815: Hemant Thukral
05 Jun 2015,R Seshasayee replaces KV Kamath as Infosys Chairman
05 Jun 2015,"Sell IndusInd Bank, target Rs 760: Shubham Agarwal"
04 Jun 2015,Look at Kotak Mahindra Bank: CK Narayan
04 Jun 2015,"Look at HDFC Bank, DCB Bank: Ambareesh Baliga"
02 Jun 2015,"Buy Voltas, pick YES Bank, look at BHEL, HDIL: CK Narayan"
29 May 2015,Prefer private sector banks: Gaurang Shah
22 May 2015,"Exit IDBI Bank, prefer ICICI Bank: Gaurang Shah"
21 May 2015,Go long in IndusInd Bank 840 Put: Gaurav Bissa
20 May 2015,"IndusInd Bank, Worldpay ink pact to offer services in India"
15 May 2015,"Prefer Axis Bank, IndusInd Bank: Gaurang Shah"
12 May 2015,"Short BHEL, IndusInd Bank: Ashish Chaturmohta"
07 May 2015,"Look at PNB, IndusInd Bank: Mehraboon Irani"
07 May 2015,Prefer private banks: Devang Mehta
06 May 2015,Accumulate IndusInd Bank; target of Rs 960: Sushil Finance
30 Apr 2015,Prefer private sector banks over PSU banks: Baliga
24 Apr 2015,Hold IndusInd Bank; target of Rs 984: Emkay
22 Apr 2015,"Prefer Axis Bank, IndusInd Bank: Parag Thakkar"
22 Apr 2015,"Sell IndusInd Bank, advises Sudarshan Sukhani"
22 Apr 2015,"Buy IT stocks on dips, says Parag Thakkar"
21 Apr 2015,"Hold IndusInd Bank, says Mahantesh Sabarad"
18 Apr 2015,"Buy Lupin, Bharat Forge: CK Narayan"
17 Apr 2015,"Prefer IndusInd Bank, says Mehraboon Irani"
17 Apr 2015,IndusInd Bank: Updates on outcome of board meeting
17 Apr 2015,Indusind Bank appoints Yashodhan M. Kale as additional director
16 Apr 2015,IndusInd€™s Q4 in line; CV book guidance key: Nirmal Bang
16 Apr 2015,"IndusInd Bank Q4 profit jumps 25%, asset quality improves"
16 Apr 2015,IndusInd Bank recommends dividend of Rs 4 per share
16 Apr 2015,DCB Bank may hit Rs 148 in 2-3 months: Ambareesh Baliga
15 Apr 2015,IndusInd Bank Q4 profit seen up 25.8% to Rs 498 cr: Poll
10 Apr 2015,Buy IndusInd Bank; target of Rs 1110: ICICIdirect
10 Apr 2015,To buy RBS unit; acquisition to be EPS-accretive: IndusInd
10 Apr 2015,Indusind Bank to acquire Royal Bank of Scotland's Diamond & Jewellery Financing biz in India
27 Mar 2015,IndusInd Bank may hit Rs 900-910: Kunal Bothra
26 Mar 2015,"Short IndusInd Bank, says Sudarshan Sukhani"
18 Mar 2015,Go long in IndusInd Bank: Rahul Mohindar
17 Mar 2015,Look at IndusInd Bank: Rahul Mohindar
13 Mar 2015,Here are top 10 stocks to keep an eye on March 13
12 Mar 2015,"IndusInd Bank expands presence across Chandigarh, Panipat and Mohali"
10 Mar 2015,"Prefer Axis Bank, HDFC Bank, YES Bank, IndusInd Bank: Bhat"
04 Mar 2015,Look at private sector banks: Parag Thakkar
03 Mar 2015,"Pick IndusInd Bank, Kotak Mahindra Bank: CK Narayan"
20 Feb 2015,"Buy IndusInd Bank, UCO Bank: Manas Jaiswal"
19 Feb 2015,"IndusInd Bank to raise upto Rs 2,000cr via bonds and NCD"
12 Feb 2015,To invest over $1.5bn in India over 5 yrs: General Atlantic
12 Feb 2015,"Buy IndusInd Bank, says Sudarshan Sukhani"
11 Feb 2015,"Axis Bank, IndusInd Bank, Kotak Bank top picks: Thakkar"
06 Feb 2015,"Exit PNB, look at ICICI Bank: Gaurang Shah"
02 Feb 2015,"Buy Axis Bank, DCB Bank on declines: Ambareesh Baliga"
28 Jan 2015,"Prefer Axis Bank, SBI, KPIT Tech: Parag Thakkar"
28 Jan 2015,Expect upside in IndusInd Bank: Sudarshan Sukhani
21 Jan 2015,"IndusInd Bank may breakout, says Sudarshan Sukhani"
14 Jan 2015,Indusind Bank appoints Ranbir Singh Butola as additional director
14 Jan 2015,Q4 to outdo Q3; see rate cut post Budget: IndusInd Bank
13 Jan 2015,"IndusInd Q3 in line, maintain buy on stock: ICICI Direct"
13 Jan 2015,"IndusInd Bank meets forecast, profit up 29% at Rs 447 cr"
13 Jan 2015,IndusInd Bank Q3 PAT seen up 30% at Rs 451cr: Motilal Oswal
12 Jan 2015,IndusInd Bank Q3 profit seen up 27% to Rs 443 cr: Poll
12 Jan 2015,"Buy Jubilant Foodworks, IndusInd Bank: Sudarshan Sukhani"
12 Jan 2015,"Q3 Preview: PSU banks will see treasury gains, says UBS"
12 Jan 2015,"Prefer Axis Bank, PNB: Harendra Kumar"
09 Jan 2015,"Prefer HDFC Bank, IndusInd: Rahul Mohindar"
31 Dec 2014,"Buy Arvind, IndusInd Bank, Sun Pharma: Sukhani"
29 Dec 2014,"IndusInd Bank Q3 results on Jan 13, 2015"
26 Dec 2014,IndusInd Bank re-appoints Romesh Sobti as MD & CEO 
24 Dec 2014,Buy IndusInd Bank on breakout: Sudarshan Sukhani
19 Dec 2014,"Buy IndusInd Bank, Canara Bank; sell Wipro: Rahul Mohindar"
17 Dec 2014,Prefer Asian Paints for long term: Sudarshan Sukhani
11 Dec 2014,IndusInd Bank expands presence across Punjab
28 Nov 2014,"Prefer Kotak Mahindra Bank, Emami: Rajesh Agarwal"
25 Nov 2014,IndusInd Bank top pick; sell Syndicate Bank: Rahul Arora
24 Nov 2014,"Buy Federal Bank, IndusInd Bank: Parag Thakkar"
17 Nov 2014,Accumulate IndusInd Bank; target of Rs 750: ABMoney
12 Nov 2014,"Pick IndusInd Bank, says Parag Thakkar"
12 Nov 2014,"Prefer YES Bank, Bank of Baroda: Mayuresh Joshi"
09 Nov 2014,It's time we stop over-dependence on 'fickle FIIs': Parekh
03 Nov 2014,Hold IndusInd Bank; target of Rs 750: Sushil Finance
03 Nov 2014,"Buy IndusInd Bank, Federal Bank on dips: Parag Thakkar"
31 Oct 2014,IndusInd Bank's director Ajay Hinduja resigns
30 Oct 2014,'YES Bank posted strong Q2 nos; accumulate on stock'
20 Oct 2014,IndusInd Bank may test Rs 710: Rahul Shah
17 Oct 2014,"Hold IndusInd Bank, advises Kunal Bothra"
16 Oct 2014,IndusInd Bank may touch Rs 660-670: Kunal Bothra
16 Oct 2014,"Buy IndusInd Bank, Tata Chemicals: Kunal Bothra"
16 Oct 2014,"Buy IndusInd Bank, UPL, LIC Housing Finance: Kunal Saraogi"
16 Oct 2014,"Bull's Eye: Buy Glenmark, HPCL, Sintex, IndusInd Bank"
14 Oct 2014,Hold IndusInd Bank; tgt of Rs 685: Arihant capital market
14 Oct 2014,Buy IndusInd Bank; target of Rs 715: KRChoksey
14 Oct 2014,Buy IndusInd Bank; target of Rs 714: ICICIdirect
14 Oct 2014,"Buy Tata Power, REC, IndusInd Bank: Sudarshan Sukhani"
14 Oct 2014,Accumulate IndusInd Bank; target of Rs 690: PLilladher
14 Oct 2014,Hold IndusInd Bank; target of Rs 650: Emkay
14 Oct 2014,"Buy IndusInd Bank, advises Sudarshan Sukhani"
13 Oct 2014,Buy IndusInd Bank at target of Rs 714: ICICI Direct
13 Oct 2014,"Buy IndusInd Bank, advises Sudarshan Sukhani"
13 Oct 2014,IndusInd Bank Q2 profit up 30% to Rs 430 cr on other income
13 Oct 2014,"YES Bank, IndusInd to post good Q2 results: Edelweiss"
13 Oct 2014,IndusInd Bank Q2 profit may jump 25% to Rs 412 cr: Poll
13 Oct 2014,IndusInd Bank Q2 PAT seen up 30% at Rs 430 cr: KR Choksey
13 Oct 2014,IndusInd Bank Q2 PAT may rise 30.6% at Rs 431.4 cr: MOST
25 Sep 2014,Accumulate IndusInd Bank; target of Rs 625: PLilladher
24 Sep 2014,Why PSBs may bridge valuation gap with private banks
22 Sep 2014,"Buy Tata Motors, IndusInd Bank: Manas Jaiswal"
19 Sep 2014,Hold IndusInd Bank: target of Rs 650: Emkay
17 Sep 2014,"Expect better Q2, CV loan demand to pick up in Q4: IndusInd"
17 Sep 2014,Dipan Mehta neutral on banking space
15 Sep 2014,"Expect lower levels in YES Bank, IndusInd Bank: Sukhani"
09 Sep 2014,Indusind Bank opens new branch in Mira Road in Thane District
09 Sep 2014,Indusind Bank opens new branch at New Delhi
06 Sep 2014,Buy IndusInd Bank; target of Rs 811: IIFL
02 Sep 2014,"Bull's Eye: Tata Global, LIC Housing, Sarda Energy"
01 Sep 2014,Buy bank stocks on dips: Parag Thakkar
01 Sep 2014,Buy IndusInd Bank; target Rs 620: Kunal Saraogi
28 Aug 2014,Super Six trading stocks for short term gain
23 Aug 2014,"Stay invested in HDFC Bank, IndusInd Bank: Sandeep Shah"
20 Aug 2014,Buy IndusInd Bank 570 Call: VK Sharma
20 Aug 2014,Super Six: Top chart picks for August 20
19 Aug 2014,Super Six short term picks for August 19
13 Aug 2014,Pick IndusInd Bank: Gopi Suvanam
08 Aug 2014,"Buy HDFC Bank, sell HDFC: Gopi Suvanam"
08 Aug 2014,Indusind Bank expands presence across Thane district
30 Jul 2014,"Buy Century Textiles, M&M, IndusInd Bank: Sudarshan Sukhani"
30 Jul 2014,Super Six stocks likely to see lot of action today
25 Jul 2014,"RBI penalises ICICI Bank, Canara Bank, Yes Bank & 9 others"
23 Jul 2014,"Buy IndusInd Bank, Lakshmi Machine Works: Vishal Jajoo"
22 Jul 2014,Super Six trading stocks for short term gain
21 Jul 2014,"Buy Godrej Industries, M&M, IndusInd Bank: Sukhani"
19 Jul 2014,Buy IndusInd Bank; target of Rs 650: ICICIdirect
15 Jul 2014,"Prefer Kotak Mahindra Bank, IndusInd Bank, HDFC Bank: Irani"
14 Jul 2014,NIMs should improve on asset mix rebalance in H2: IndusInd
11 Jul 2014,"Sell IndusInd Bank, Bharat Forge, Arvind: Paras Bothra"
11 Jul 2014,"Bull's Eye: Buy Bata, DHFL; short Titan, Aurobindo Pharma"
10 Jul 2014,"Buy HDFC Bank, IndusInd Bank, HDFC: Mehraboon Irani"
10 Jul 2014,Buy IndusInd Bank; target of Rs 700: Religare Capital
09 Jul 2014,Six in 60: Six stocks one needs to keep an eye on
09 Jul 2014,"IndusInd Bank meets forecast, Q1 net rises 26% to Rs 421 cr"
08 Jul 2014,IndusInd Bank Q1 PAT seen up 25.3% to Rs 420 cr: Poll
02 Jul 2014,"Bull's Eye: Buy Indiabulls Real, ITI, Exide, Tata Comm"
01 Jul 2014,"IndusInd Bank's Q1 results on July 09, 2014"
30 Jun 2014,Indusind Bank inaugurates a branch in Solapur
30 Jun 2014,Induslnd Bank inaugurates a branch in Satara
30 Jun 2014,"Indusind Bank opens branch at CBD Belapur, Navi Mumbai"
30 Jun 2014,IndusInd Bank launches tractor and farm equipment division for agri-finance
25 Jun 2014,IndusInd Bank unveils its third Currency Chest in Chennai
11 Jun 2014,IndusInd Bank may test Rs 610-620: Amit Gupta
09 Jun 2014,Buy IndusInd Bank; target of Rs 625: ICICIdirect.com
03 Jun 2014,"Buy Syndicate Bank, IndusInd: Kunal Saraogi"
03 Jun 2014,"Bull's Eye: Buy IRB Infra, Kalpataru Power, Syndicate Bank"
01 Jun 2014,"RIL rejigs investment portfolio; focus on bonds, deposits"
21 May 2014,IndusInd Bank fixes book closure for dividend & AGM
07 May 2014,Don't levy penalty on inoperative bank accounts: IndusInd
30 Apr 2014,"IndusInd Bank opens new branch at Varachha, Gujarat"
28 Apr 2014,Accumulate IndusInd Bank; target of Rs 575: Sushil Finance
28 Apr 2014,Indusind Bank opens new branch at Jaipur
28 Apr 2014,Buy IndusInd Bank; target of Rs 550: Firstcall Research
22 Apr 2014,Buy IndusInd Bank; target of Rs 600: KRChoksey
21 Apr 2014,Buy IndusInd Bank; target of Rs 570: Motilal Oswal
17 Apr 2014,"Top 10 stocks: Focus on RIL, HCL, Bajaj Auto, USL"
17 Apr 2014,Buy DCB Bank; positive on IndusInd Bank: Ambareesh Baliga
16 Apr 2014,Prefers private sector banks: Mayuresh Joshi
16 Apr 2014,"Short Canara Bank, BHEL: SP Tulsian"
16 Apr 2014,"IndusInd Bank Q4 beats forecast, net up 29% on other income"
16 Apr 2014,IndusInd Bank's Q4 PAT at Rs 396cr
16 Apr 2014,IndusInd Bank recommends dividend
16 Apr 2014,"Buy IndusInd Bank, advises Sudarshan Sukhani"
16 Apr 2014,IndusInd Bank Q4 PAT seen up 13.5% to Rs 349 cr: Poll
16 Apr 2014,Checkout: Stocks that should be on your radar for April 16
11 Apr 2014,Buy IndusInd Bank 500 Put: VK Sharma
11 Apr 2014,Top 10 stocks to focus on April 11
10 Apr 2014,FIIs need RBI nod to buy further shares in IndusInd Bank
01 Apr 2014,"IndusInd Bank's FY14 results on April 16, 2014"
01 Apr 2014,Indusind Bank appoints T. Anantha Narayanan as additional director
27 Mar 2014,IndusInd Bank may touch Rs 530-550: Sahil Kapoor
24 Mar 2014,"Buy IndusInd Bank, Crompton, JK Tyre: Lancelot D Cunha"
24 Mar 2014,IndusInd Bank may move to Rs 510: Anu Jain
24 Mar 2014,"Bull's Eye: Buy JK Tyre, Crompton, Adani Enterprises, SRF"
18 Mar 2014,Checkout how these top 10 stocks are fairing today
14 Mar 2014,Super Six stocks you can bet on March 14
11 Mar 2014,"Prefer Persistent, IndusInd Bank: Manishi Raychaudhuri"
10 Mar 2014,"Banks to face near-term asset quality, margin woes: Experts"
10 Mar 2014,"Bull's Eye: Buy EIL, HDIL, NCC, Havells; sell Biocon"
07 Mar 2014,Ten stocks to watchout for as mkt hits new highs
06 Mar 2014,IndusInd Bank may move to Rs 430-435: Chandan Taparia
04 Mar 2014,SP Tulsian positive on private sector banks
03 Mar 2014,"Prefer YES Bank, IndusInd Bank: Ajay Srivastava"
25 Feb 2014,"Buy IndusInd Bank, Voltas; sell SAIL: Kunal Saraogi"
25 Feb 2014,"Bull's Eye: Buy Voltas, Godrej Properties, Allahabad Bank"
25 Feb 2014,Super Six: Top chart picks for February 25
24 Feb 2014,Prefer IndusInd Bank: Sudarshan Sukhani
24 Feb 2014,"Indusind Bank relocates branch in Valsad, Gujarat"
22 Feb 2014,Nischal Maheshwari cautious on banking space
19 Feb 2014,"Buy IndusInd Bank, Crompton Greaves: Lancelot D Cunha"
19 Feb 2014,"Bull's Eye: Buy Siemens, MphasiS, Financial Tech, KPIT Tech"
07 Feb 2014,"Buy Motherson Sumi, BOI, IndusInd Bank: Dharmesh Kant"
31 Jan 2014,"Buy IndusInd Bank, target of Rs 507: Rajiv Mehta"
28 Jan 2014,IndusInd Bank: Updates on reappointment of MD & CEO
27 Jan 2014,"Sell YES Bank, IndusInd Bank: Sudarshan Sukhani"
21 Jan 2014,Induslnd Bank relocates branch in Rajkot
17 Jan 2014,Buy IndusInd Bank; target of Rs 470: Firstcall Research
14 Jan 2014,"Sell IndusInd Bank, buy ICICI Bank: Gopi Suvanam"
13 Jan 2014,"Prefer TCS, HCL Tech over Infosys: India Infoline"
13 Jan 2014,IndusInd Bank may test Rs 380-385: Hemant Thukral
10 Jan 2014,"Buy IndusInd for long-term, recommends Quant Broking "
10 Jan 2014,Book profits in IndusInd Bank: Prakash Diwan
10 Jan 2014,IndusInd Q3 NPA jump sign of things to come?
10 Jan 2014,"Short IndusInd Bank, says SP Tulsian"
10 Jan 2014,"IndusInd Bank Q3 beats forecast, net up 30% but NPA rises"
10 Jan 2014,IndusInd Bank announces Q3 results; PAT at Rs 346.9cr
09 Jan 2014,IndusInd Bank Q3 PAT seen up 21% to Rs 328 cr: Poll
09 Jan 2014,Indusind Bank Q3 profit may beat estimates: StarMine
09 Jan 2014,IndusInd Bank Q3 PAT may rise 28% at Rs 344cr: ICICIdirect
09 Jan 2014,IndusInd Bank Q3 PAT seen up 19% at Rs 318.3cr: MOST
08 Jan 2014,"See mixed Q3 for banks; HDFC Bank, IndusInd top bets: UBS"
08 Jan 2014,Why Equirus Securities is betting on these 8 stocks
31 Dec 2013,Hold IndusInd Bank; target of Rs 475: Sushil Finance
31 Dec 2013,Super Six buy/sell call for December 31
30 Dec 2013,"IndusInd Bank's Q3 results on Jan 10, 2014"
20 Dec 2013,Accumulate IndusInd Bank; target of Rs 481: Emkay
17 Dec 2013,Ashok Leyland sells IndusInd Bank shares worth Rs 75 cr
16 Dec 2013,Short IndusInd Bank: Hemant Thukral
13 Dec 2013,"Short IndusInd Bank, advises Kunal Bothra"
13 Dec 2013,IndusInd Bank may slip to Rs 415-416: SP Tulsian
12 Dec 2013,Check Out: Super Six stocks for December 12
09 Dec 2013,"Prefer Crompton Greaves, Exide, DCB, IndusInd Bank: Baliga"
09 Dec 2013,IndusInd Bank opens new branch in Aliganj area of Lucknow
06 Dec 2013,"Prefer ICICI Bank, SBI, YES Bank: Sandip Sabharwal"
05 Dec 2013,"Buy IndusInd Bank, advises Lancelot D'Chuna"
22 Nov 2013,"Hold IndusInd Bank, says Vishal Malkan"
22 Nov 2013,See 30% upside in IndusInd Bank: Siddharth Teli
22 Nov 2013,HDFC Bank top pick: Siddharth Teli
22 Nov 2013,"Sell IndusInd Bank, BOI, Exide; buy Dhampur Sugar: Jain"
22 Nov 2013,"Bull's Eye: Buy Voltas, Amara Raja; short LIC Housing"
22 Nov 2013,Super Six stocks you can bet on November 22
20 Nov 2013,"Buy Adani Enter, Sesa Sterlite; sell IndusInd Bank: Tulsian"
19 Nov 2013,"Add SBI, Axis Bank, ICICI Bank in portfolio: Choksey"
19 Nov 2013,Indusind Bank opens new branch in Lucknow
13 Nov 2013,"Sell IndusInd Bank, Reliance Infra, Andhra Bank: Tulsian"
06 Nov 2013,6 trading bets for short term gain
05 Nov 2013,IndusInd Bank may slip to Rs 426: SP Tulsian
31 Oct 2013,"Buy IndusInd Bank, Motherson Sumi, Delta Corp: Jajoo"
31 Oct 2013,"Bull's Eye: Buy Aurobindo, IndusInd Bank; short HDIL, Bata"
30 Oct 2013,Buy IndusInd Bank: Sudarshan Sukhani
28 Oct 2013,"HDFC Bank top pick, BoB from PSU space Religare Cap Mkts"
28 Oct 2013,"Buy IndusInd Bank, advises Sudarshan Sukhani"
21 Oct 2013,6 trading stocks for short term gain
18 Oct 2013,"Prefer YES Bank, IndusInd Bank, says Kunal Bothra"
17 Oct 2013,Buy IndusInd Bank; target Rs 460: ICICIdirect.com
16 Oct 2013,Accumulate IndusInd Bank; target Rs 460: P Lilladher
15 Oct 2013,Buy IndusInd Bank; target Rs 535: Gautam Trivedi
15 Oct 2013,"Short IndusInd Bank, advises Shardul Kulkarni"
15 Oct 2013,"Accumulate IndusInd Bank, says Mayuresh Joshi"
15 Oct 2013,"Buy IndusInd; asset quality, NIMs good: Religare Cap"
14 Oct 2013,Book some profits in IndusInd Bank: Phani Sekhar
14 Oct 2013,IndusInd Bank may touch Rs 445-450: Kunal Bothra
14 Oct 2013,Buy IndusInd with a target of Rs 550: SBICAP Sec
14 Oct 2013,"IndusInd Bank Q2 beats estimates, net up 32% to Rs 330 cr"
14 Oct 2013,IndusInd Bank announces Q2 results; PAT up at Rs 330.23cr
14 Oct 2013,"Buy YES Bank, IndusInd Bank on dips: Nitin Jain"
14 Oct 2013,IndusInd Bank Q2 NII likely to rise 32% at Rs 675 cr
14 Oct 2013,Buy IndusInd Bank: Sudarshan Sukhani
12 Oct 2013,IndusInd Bank Q2 PAT likely to grow 26% to Rs 316 cr: Poll
11 Oct 2013,IndusInd Bank Q2 net likely to rise 10% at Rs 300.5cr: MOST
11 Oct 2013,IndusInd Bank Q2 net may grow 25% at Rs 312cr: P Lilladher
10 Oct 2013,Induslnd Bank opens three new branches in Vadodara
10 Oct 2013,"Buy IndusInd Bank on dips, advises Ambareesh Baliga"
09 Oct 2013,Induslnd Bank opens new branch in Lucknow
08 Oct 2013,"Prefer HDFC Bank, ICICI Bank: Dhananjay Sinha"
08 Oct 2013,Prefer YES Bank & Axis Bank over IndusInd: SP Tulsian
03 Oct 2013,"IndusInd Bank's Q2 results on October 14, 2013"
01 Oct 2013,"Prefer Axis Bank, YES Bank over IndusInd Bank: Tulsian"
30 Sep 2013,"Buy YES Bank, IndusInd Bank: Sandeep J Shah"
26 Sep 2013,"Prefer HDFC Bank, ICICI Bank: BNP Paribas Securities"
26 Sep 2013,"IndusInd Bank's Q2 results on October 15, 2013"
25 Sep 2013,See lower levels in IndusInd Bank: Sudarshan Sukhani
24 Sep 2013,"Expect 20% returns in HDFC Bank, IndusInd: UBS"
23 Sep 2013,"Below Rs 394-395, IndusInd Bank may test Rs 375-380: Bothra"
20 Sep 2013,IndusInd Bank may come down to Rs 400-405: SP Tulsian
19 Sep 2013,YES Bank may test Rs 440-450: SP Tulsian
19 Sep 2013,"Buy IndusInd Bank, advises Jitendra Panda"
17 Sep 2013,Sell ICICI Bank above Rs 1000: Shardul Kulkarni
13 Sep 2013,"Pick YES Bank, Tata Motors, SBI: Deven Choksey"
11 Sep 2013,6 trading stocks for short term gain
05 Sep 2013,"Do not buy Tata Steel, prefer Idea Cellular: SP Tulsian"
05 Sep 2013,Book profits in Axis Bank: SP Tulsian
05 Sep 2013,Sudarshan Sukhani prefers IndusInd Bank
05 Sep 2013,"Buy IndusInd Bank, advises Sudarshan Sukhani"
03 Sep 2013,6 stocks likely to see lot of action today
22 Aug 2013,"Sell IndusInd Bank, says Jitendra Panda"
22 Aug 2013,Buy IndusInd Bank on dips; target Rs 375-380: Thukral
21 Aug 2013,"Buy IndusInd Bank, advises Shardul Kulkarni"
21 Aug 2013,"SBI, Allahabad Bank, Yes Bank may rise 5-10%: SP Tulsian"
13 Aug 2013,Go long on IndusInd Bank: SP Tulsian
08 Aug 2013,Hold IndusInd Bank; target Rs 417: Firstcall Research
08 Aug 2013,Induslnd Bank opens two new branches at Vadodara
08 Aug 2013,Indusind Bank accepts resignation of R. S. Sharma
08 Aug 2013,"Buy IndusInd Bank, says Amit Trivedi"
07 Aug 2013,Buy ICICI Bank 860 Put: VK Sharma
26 Jul 2013,"Buy IndusInd Bank 420 Put, keep stoploss at Rs 10: Sharma"
26 Jul 2013,IndusInd Bank expands reach across Patna; opens 2 new branches
25 Jul 2013,IndusInd Bank may slip to Rs 320-330: Sukhani
24 Jul 2013,IndusInd Bank: Updates on Outcome of AGM
24 Jul 2013,IndusInd Bank expands reach across NCR and UP; Opens new branch in Greater Noida
20 Jul 2013,Buy IndusInd Bank; target Rs 550: KRChoksey
20 Jul 2013,"Sell IndusInd Bank, advises Sudarshan Sukhani"
20 Jul 2013,"Positive on Glenmark, GAIL, short IndusInd Bank: Sukhani"
16 Jul 2013,Buy IndusInd Bank; sell Ashok Leyland: SP Tulsian
12 Jul 2013,Yes Bank sees corporate rivalry behind family feud
12 Jul 2013,Buy IndusInd Bank; target of Rs 540: P Lilladher
12 Jul 2013,"Expect stable NIMs, retail growth in FY14: IndusInd Bank"
11 Jul 2013,Sell IndusInd Bank: Ajcon Global
11 Jul 2013,Sell IndusInd Bank: Sudarshan Sukhani
10 Jul 2013,PLilladher stock bets this Q1 earnings season
10 Jul 2013,Book partial profits in IndusInd Bank: Sanjeev Agarwal
10 Jul 2013,"Hold IndusInd Bank, says Jagannadham Thununguntla"
10 Jul 2013,IndusInd Bank Q1 net rises 42% on other income and NII
10 Jul 2013,"Buy IndusInd Bank, says Sudarshan Sukhani"
10 Jul 2013,IndusInd Bank Q1: Analysts see 34% PAT growth to Rs 315 cr
08 Jul 2013,"Short SBI, HDFC Bank: Gopi Suvanam"
05 Jul 2013,Angel Q1FY14 Preview: Subdued revenues to weigh on earnings
05 Jul 2013,What is in new banking licence to attract companies?
04 Jul 2013,"IndusInd Bank Q1 results on July 10, 2013"
03 Jul 2013,"Bank hopefuls stare down road fraught with cost, risks"
29 Jun 2013,HDFC top pick; buy IndusInd Bank for short-term: Irani
26 Jun 2013,Buy IndusInd Bank on decline: Sudarshan Sukhani
26 Jun 2013,"Buy IndusInd Bank, Madras Cements; sell YES Bank: Experts"
25 Jun 2013,Sell IndusInd Bank & Kotak Mahindra Bank: Sudarshan Sukhani
25 Jun 2013,"Sell IndusInd Bank, says Sukhani"
24 Jun 2013,IndusInd Bank launches 22K gold inlay credit card 
21 Jun 2013,"Pick IndusInd Bank, Axis Bank: PN Vijay"
17 Jun 2013,Super Six stocks you can bet on June 17
14 Jun 2013,"Short IndusInd Bank, advises Shardul Kulkarni"
11 Jun 2013,"Short IndusInd Bank, says Sudarshan Sukhani"
10 Jun 2013,"IndusInd Bank: AGM on June 28, 2013"
07 Jun 2013,Fire breaks out at Induslnd Bank back office
06 Jun 2013,"Accumulate Axis Bank, HDFC Bank, IndusInd Bank: Bhatnagar"
29 May 2013,"Induslnd Bank, American Express announce strategic partnership"
29 May 2013,Check out: Top trading picks by market experts
27 May 2013,Exit IndusInd Bank around Rs 535: SP Tulsian
27 May 2013,"Yes Bank, IndusInd Bank look good: Gopi Suvanam"
27 May 2013,Will policy shift to reverse repo lead to lending rate cuts
27 May 2013,"Short IndusInd Bank, says Sukhani"
27 May 2013,How banks will benefit from bond yield fall: Moses Harding
25 May 2013,"Sell Tata Motors, IndusInd Bank; buy Coal India: Sukhani"
22 May 2013,IndusInd Bank may slip to Rs 484: SP Tulsian
21 May 2013,"Avoid IndusInd Bank, says Sudarshan Sukhani"
17 May 2013,"Lupin, IndusInd Bank, Yes Bank best bets: Malkan"
14 May 2013,"PN Vijay bullish on HCL Tech, TCS, IndusInd & Yes Bank"
11 May 2013,Buy IndusInd Bank: Sudarshan Sukhani
10 May 2013,Wait for correction to enter in IndusInd Bank: Kulkarni
10 May 2013,Buy IndusInd Bank on dips: Sukhani
07 May 2013,"IndusInd Bank, Yes Bank good opportunities: Nitin Jain"
02 May 2013,IndusInd Bank selects Calypso for full front-to-back office treasury solution
02 May 2013,Build short positions in IndusInd Bank: Sudarshan Sukhani
27 Apr 2013,"OBC, IndusInd Bank can fall 4-5% next week: Tulsian"
27 Apr 2013,"Tulsian positive on OBC, IndusInd & LIC Housing Fin"
25 Apr 2013,"Sell IndusInd Bank, Titan Industries: SP Tulsian"
23 Apr 2013,"Buy IndusInd Bank for long term, says PN Vijay"
23 Apr 2013,"Cautious on RCom; bullish on ICICI Bank, IndusInd: PN Vijay"
22 Apr 2013,Buy Unitech; sell IndusInd Bank: Sukhani
22 Apr 2013,Remain invested in IndusInd Bank: Sukhani
22 Apr 2013,Antique's 5 bets in rising market environment
22 Apr 2013,Vayalar upbeat on IndusInd Bank
22 Apr 2013,Buy IndusInd Bank; target of Rs 493: Firstcall Research
22 Apr 2013,Buy IndusInd Bank: Sukhani
22 Apr 2013,"Yes Bank, IndusInd Bank top picks: Dhirendra Tiwari"
22 Apr 2013,Buy IndusInd Bank; target Rs 500: P Lilladher
22 Apr 2013,"Buy IndusInd Bank, says Ventura Securities"
18 Apr 2013,No discernible trends in CV loans: IndusInd's Sobti
18 Apr 2013,IndusInd Bank has resistance around Rs 465-470: SP Tulsian
18 Apr 2013,"IndusInd Bank looks good, says Roy"
18 Apr 2013,IndusInd Bank board recommends dividend
18 Apr 2013,"IndusInd Bank Q4 net rises 38%, shares hit 52-wk high"
17 Apr 2013,IndusInd Bank a good bet: PN Vijay
17 Apr 2013,Key things to watch for IndusInd Bank Q3
16 Apr 2013,Banking sector results preview for Q4FY13: Motilal Oswal
12 Apr 2013,"Short Yes Bank, IndusInd Bank: Sukhani"
09 Apr 2013,"Yes Bank, IndusInd Bank may underperform: Sukhani"
05 Apr 2013,"Short Yes Bank, IndusInd Bank: Sukhani"
05 Apr 2013,"IndusInd Bank FY13 results on April 18, 2013"
01 Apr 2013,"Cost of funds down, net interest margin to expand: IndusInd"
01 Apr 2013,"IndusInd Bank, NMDC mixed on inclusion in Nifty"
30 Mar 2013,Dipan Mehta positive on IndusInd Bank
28 Mar 2013,"NMDC, IndusInd Bank look attractive: Roy"
28 Mar 2013,"See 6-8% gain in IndusInd Bank, NMDC: SP Tulsian"
22 Mar 2013,"Buy ICICI Bank, IndusInd Bank: Vayalar"
22 Mar 2013,Check out: Short term trading ideas by market experts
21 Mar 2013,"Sell IndusInd Bank, Punj Lloyd, Shree Renuka: Joshi"
21 Mar 2013,"Bull's Eye: Buy Manappuram, NHPC; short HDIL, Punj Lloyd"
19 Mar 2013,IndusInd Bank opens its second currency chest in New Delhi
18 Mar 2013,"HUL, Dr Reddys Laboratories likely to outperform: Sukhani"
18 Mar 2013,Sell IndusInd Bank Mar Fut below Rs 423; tgt Rs 409: IIFL
15 Mar 2013,6 trading bets that can fetch you handsome returns
11 Mar 2013,"Buy HPCL, Idea, IndusInd Bank: Parag Doctor"
11 Mar 2013,IndusInd Bank can retest Rs 445-450 in short term: Thukral
08 Mar 2013,"Short IndusInd Bank, says Sudarshan Sukhani"
07 Mar 2013,"Buy HDFC, HDFC Bank, Sun Pharma, says Irani"
06 Mar 2013,"Buy Alembic Pharmaceutical, Dishman Pharma, NHPC: Agarwal"
06 Mar 2013,"Bull's eye: Buy IndusInd Bank, NHPC, SKS Micro, PFC"
05 Mar 2013,6 trading bets that can fetch you handsome returns
04 Mar 2013,Check Out: Super Six stocks for March 4 
02 Mar 2013,Stick with quality stocks in confirmed uptrends: Sukhani 
02 Mar 2013,"Short Aurobindo Pharma, IndusInd Bank: Sukhani"
28 Feb 2013,6 trading bets that can fetch you handsome returns
21 Feb 2013,Buy IndusInd Bank; target Rs 500: Motilal Oswal
20 Feb 2013,"Roy bullish on ICICI Bank, HDFC Bank, Yes Bank"
20 Feb 2013,Super Six stocks you can bet on Feb 20
19 Feb 2013,Buy IndusInd Bank; target of Rs 625: Nirmal Bang
14 Feb 2013,"Hold IndusInd Bank, says Ashu Madan"
14 Feb 2013,"Add Yes Bank, IndusInd Bank: Nitin Jain"
13 Feb 2013,Check out: Trading ideas from 3 market experts
31 Jan 2013,Go long on IndusInd Bank with target of Rs 460: Thukral
31 Jan 2013,Super Six: Top chart picks for Jan 31
25 Jan 2013,"Buy IndusInd Bank, City Union Bank, Cummins: Kapur"
25 Jan 2013,"Bull's eye: Buy SKS Micro, AB Nuvo; short Opto Circuits"
24 Jan 2013,"Buy IndusInd Bank, Sun TV, Unitech: Kapur"
24 Jan 2013,"Bull's eye: Buy PNB Gilts, Unitech, Century; short RComm"
23 Jan 2013,"Buy IndusInd Bank, Berger Paints, Karnataka Bank: Kapur"
23 Jan 2013,"Bull's eye: Buy Bajaj Finserv, Kingfisher, short HDIL"
22 Jan 2013,"Sell IndusInd Bank, says Sukhani"
16 Jan 2013,"Buy Yes Bank, IndusInd Bank, Axis Bank on dip: Sukhani"
14 Jan 2013,Buy IndusInd Bank; target Rs 486: Firstcall Research
11 Jan 2013,Accumulate IndusInd Bank; tgt of Rs 461: Aditya Birla Money
11 Jan 2013,Buy IndusInd Bank; target of Rs 500: Motilal Oswal
11 Jan 2013,IndusInd eyes Q4 margin growth; expects 25-50bps rate cut 
10 Jan 2013,Banks asset quality concerns to persist in Q3FY13 results
10 Jan 2013,"IndusInd Bank Dec '12 NII at Rs 1,800.49 crore"
10 Jan 2013,Stay invested in IndusInd Bank: Phani Sekhar
10 Jan 2013,Buy IndusInd Bank; target of Rs 480: Prabhudas Lilladher
10 Jan 2013,Private banks to post healthy earnings growth in Q3FY13
10 Jan 2013,Accumulate IndusInd Bank; target of Rs 494: KRChoksey
10 Jan 2013,Buy IndusInd Bank; target Rs 485: Nirmal Bang
10 Jan 2013,IndusInd up 2% post strong Q3 ; check broker price targets
09 Jan 2013,IndusInd Bank can move to Rs 450-460: SP Tulsian
09 Jan 2013,IndusInd Bank Q3 net up 30% on higher interest income
09 Jan 2013,IndusInd Bank Q3 PAT seen up 32% YoY to Rs 272 cr 
08 Jan 2013,"Book profit in IndusInd Bank, says Sukhani"
08 Jan 2013,Buy Lakshmi Vilas Bank on correction: Sukhani
07 Jan 2013,RBI takes measures to revive corporate bond and CDS markets
02 Jan 2013,15 stock ideas for 2013: Nirmal Bang
02 Jan 2013,Super Six stocks you can bet on Jan 2
01 Jan 2013,Buy IndusInd Bank; may rally to Rs 445-450: Kulkarni
01 Jan 2013,Buy IndusInd Bank; target of Rs 500: Motilal Oswal
31 Dec 2012,IndusInd Bank gains 1.5% on Motilal Oswal buy report
28 Dec 2012,IndusInd Bank a market performer: SMC Global
27 Dec 2012,Hold IndusInd Bank: Angel Broking
24 Dec 2012,IndusInd bank promoter sells 46 lkh shares for Rs 196 crore
19 Dec 2012,"IndusInd Bank Q3 results on Jan 09, 2013"
19 Dec 2012,"L&T Finance, Bajaj Finance rally post Banking Bill cleared"
13 Dec 2012,Credo India Fund buys 19 lakh IndusInd Bank shares
13 Dec 2012,IndusInd Bank enhances its core banking system to Finacle 10.2 version
13 Dec 2012,Super Six short term picks for Dec 13
12 Dec 2012,"IndusInd Bank may rally to Rs 445-450, says Harchekar"
11 Dec 2012,"IndusInd raises Rs 2,000 cr via QIP issue"
11 Dec 2012," Induslnd Bank raises Rs 2,000 crore"
11 Dec 2012,IndusInd Bank falls 2% after Rs 2K cr QIP issue
10 Dec 2012,Credo buys 28.6 lk shares in IndusInd Bank for Rs 119 cr
07 Dec 2012,Indusind Bank allots share under stock option scheme
05 Dec 2012,IndusInd Bank to allot equity shares to QIBs
05 Dec 2012,6 intraday picks to make smart gains
04 Dec 2012,Buy IndusInd Bank; target of Rs 480: Nirmal Bang
30 Nov 2012,IndusInd Bank's QIB issue of Rs 2006 cr closes today
27 Nov 2012,IndusInd Bank QIP issue opens on Nov 26
27 Nov 2012,IndusInd Bank plans to raise USD 350-360mn via QIP
26 Nov 2012,IndusInd selling shares to raise up to $360m: Sources
23 Nov 2012,"IndusInd Bank, Maruti can see smart upmove: Parikh"
23 Nov 2012,Buzzing Karnataka Bank: What lifts investors' mood
23 Nov 2012,"Buy IndusInd Bank, Escorts, Exide: Joshi"
23 Nov 2012,"Bull's Eye: Hotel Leela, Rolta, Escorts; short Pantaloon"
19 Nov 2012,"Vayalar positive on Jindal Steel, Hindalco, IndusInd Bank"
19 Nov 2012,"Buy IndusInd Bank, SREI Infra, Infotech: Joshi"
19 Nov 2012,UBS India overweight on private banks
19 Nov 2012,"Bull's Eye: Infotech Enterprises, Ashok Leyland, SREI Infra"
16 Nov 2012,Buy IndusInd Bank with a target of Rs 418: Parikh
15 Nov 2012,Mahindra Financial Services raises Rs 867 cr via QIP
15 Nov 2012,Buy IndusInd Bank 380 Call: VK Sharma
12 Nov 2012,Buy IndusInd Bank on dips: Anu Jain
02 Nov 2012,"IndusInd Bank allots 1,36,964 shares under ESOS"
29 Oct 2012,"Banking Q2: UBS Securities' preview, review and picks"
25 Oct 2012,ICICI Bank numbers may surprise the market: Tulsian
20 Oct 2012,Rangebound market: Get expert advice to trade next week
18 Oct 2012,6 trading stocks for short term gain
17 Oct 2012,IndusInd picks banks for $250-$300m share sale: Sources
16 Oct 2012,RIL to be rangebound; pick IndusInd Bank: Sanju Verma
16 Oct 2012,"Remain invested in HDFC Bank, IndusInd Bank: Irani"
15 Oct 2012,Baliga bullish on private sector banks
14 Oct 2012,CV financing biz unaffected due to mining woes: IndusInd
14 Oct 2012,Check Out: Stocks that you can trade on Monday
13 Oct 2012,MOST expects banking cos to post 19% PAT growth in Q2FY13
12 Oct 2012,Buy IndusInd Bank; target of Rs 415: Motilal Oswal
11 Oct 2012,Buy IndusInd Bank; target of Rs 413: Nirmal Bang
11 Oct 2012,Buy IndusInd Bank; target of Rs 400: PLilladher
11 Oct 2012,Accumulate IndusInd Bank; target of Rs 400: KRChoksey
11 Oct 2012,Accumulate IndusInd Bank; tgt of Rs 386: Aditya Birla Money
11 Oct 2012,See stress on banks' credit profiles; PSUs risky: Experts
11 Oct 2012,IndusInd Bank up 1% on firm Q2; what are analysts saying?
11 Oct 2012,Banking sector: Nomura's Q2 results preview; top picks
11 Oct 2012,Accumulate IndusInd Bank; target of Rs 402: Dolat Capital
10 Oct 2012,"See no asset quality concern, says IndusInd MD"
10 Oct 2012,Book profit in IndusInd Bank at current level: Sukhani
10 Oct 2012,IndusInd Bank Q2 net profit grows 30% to Rs 250 cr
10 Oct 2012,IndusInd Bank Q2 PAT seen up 25% to Rs 241 cr
10 Oct 2012,IndusInd Bank Q2 NII likely to go up 23%
09 Oct 2012,PSU banks asset quality to remain under pressure in Q2
09 Oct 2012,Banking sector results preview for Q2FY13: Angel Broking
08 Oct 2012,Reforms must not stop; economy can bounce back:Chadha
27 Sep 2012,Buy IndusInd Bank; target of Rs 434: Dolat Capital
25 Sep 2012,"Buy Financial Tech, Havells, IndusInd Bank: Parag Doctor"
25 Sep 2012,"Bull's eye: Buy Tilaknagar Ind, Havells, short Cairn, HDFC"
21 Sep 2012,"IndusInd Bank allots 1,32,396 equity shares"
17 Sep 2012,Buy IndusInd Bank; target of Rs 345: Firstcall Research
11 Sep 2012,Tulsian negative on Sesa Goa and Sterlite
29 Aug 2012,No big impact from QE3 on Indian stocks: CLSA
29 Aug 2012,Check out: Super Six stocks for August 29
29 Aug 2012,"Sun Pharma can test Rs 700, says Sudarshan Sukhani"
21 Aug 2012,"IndusInd Bank allots 63,354 shares under company's ESOS"
06 Aug 2012,"IndusInd Bank allots 211,339 shares under ESOS "
30 Jul 2012,Buy IndusInd Bank at Rs 320: Anu Jain
16 Jul 2012,"Prefer ICICI Bank, Axis Bank, says Ajay Bodke"
14 Jul 2012,Banking & financial results preview for Q1FY13: P Lilladher
13 Jul 2012,Banks to post 15-20% earnings growth in Q1: Nirmal Bang 
13 Jul 2012,Accumulate IndusInd Bank; target of Rs 371: SKP Securities
12 Jul 2012,Buy IndusInd Bank; target of Rs 415: Motilal Oswal
11 Jul 2012,Accumulate IndusInd Bank; tgt of Rs 363: Aditya Birla Money
10 Jul 2012,"Buy IndusInd Bank on decline, says Sukhani"
10 Jul 2012,IndusInd Bank Q1 net profit up 31% at Rs 236 cr
10 Jul 2012,IndusInd Bank Q1 PAT seen up 27% to Rs 228 cr
09 Jul 2012,Banks margins to come under pressure in 1HFY2013: Angel
06 Jul 2012,IRDA imposes penalty of Rs 15L on IndusInd Bank
06 Jul 2012,"Buy ICICI Bank, Axis Bank, says PN Vijay"
04 Jul 2012,"IndusInd Bank allots 60,699 equity shares of Rs 10"
29 Jun 2012,HDFC Bank cuts base rate and BPLR by 20 bps
25 Jun 2012,IndusInd Bank may test Rs 400: Sukhani
21 Jun 2012,"Boost saving deposits, grow retail loans 30%: Govt to banks"
21 Jun 2012,IndusInd Bank Q1 results on July 10
04 Jun 2012,Tata Motors (DVR) has target of RS 128-125: Sukhani
26 May 2012,Buy IndusInd Bank; target Rs 352.5: Aditya Birla Money
15 May 2012,IndusInd Bank may lose Rs 10-15 from current level:Sukhani
26 Apr 2012,Accumulate IndusInd Bank: Arihant capital markets
23 Apr 2012,Buy IndusInd Bank; target of Rs 419: Motilal Oswal
23 Apr 2012,Buy IndusInd Bank; target of Rs 397: KRChoksey
20 Apr 2012,Buy IndusInd Bank; target of Rs 400: PLilladher
20 Apr 2012,"IndusInd Bank Mar '12 profit at Rs 1,481.02 crore"
19 Apr 2012,IndusInd Bank's Q4 net up 30% to Rs 223 cr
19 Apr 2012,Aim to have 650-700 branches by March 2014: IndusInd Bank
19 Apr 2012,IndusInd Bank Q4 PAT seen up 25% at Rs 214.7 cr
19 Apr 2012,IndusInd Bank Q4 NII seen up 17% at Rs 454.5 cr
12 Apr 2012,Book profits in IndusInd Bank around Rs 350: Harchekar
11 Apr 2012,IndusInd Bank can touch Rs 342: IIFL
05 Apr 2012,Banking sector results preview for Q4FY12: Angel Broking
05 Apr 2012,Banking sector results preview for Q4FY12: PLilladher
04 Apr 2012,Buy IndusInd Bank; target of Rs 387: FairWealth Securities
03 Apr 2012,IndusInd Bank has target of Rs 340-345: Panda
28 Feb 2012,"Stay away from Sesa Goa, says Nitin Raheja"
03 Feb 2012,"Buy IndusInd Bank, HUL, says Sukhani"
25 Jan 2012,"Avoid PSU Banks, says Prakash Diwan"
20 Jan 2012,CEO Spotlight: Engineer-turned-banker Sobti's journey
13 Jan 2012,"Add long positions in ING Vysya Bank, says Sukhani"
12 Jan 2012,PN Vijay bullish on IndusInd Bank
12 Jan 2012,Accumulate IndusInd Bank: Arihant capital markets
12 Jan 2012,No exposure to stressed out aviation space: IndusInd Bank
11 Jan 2012,Banking Stocks results preview for Q3FY12: KRChoksey
11 Jan 2012,Financial sector results preview for Q3FY12: MOST
11 Jan 2012,Hold IndusInd Bank; target of Rs 288: Unicon Investment
11 Jan 2012,Buy IndusInd Bank for long term: PN Vijay
11 Jan 2012,Buy Induslnd Bank; target Rs 309: KRChoksey
11 Jan 2012,Buy IndusInd bank; target Rs 315: Prabhudas Lilladher
10 Jan 2012,Buy IndusInd Bank at current levels: Sukhani
10 Jan 2012,Bandyopadhyay`s view on IndusInd Bank
10 Jan 2012,IndusInd Bank Q3 net up 34% at Rs 206 cr
10 Jan 2012,"Bull's Eye: Buy HCL Tech, BHEL, Titan; Short REC"
09 Jan 2012,Prakash Diwan view on IndusInd Bank
09 Jan 2012,Q3 results: What to expect from banking sector?
07 Jan 2012,Banks Q3: No ugly surprise but margins under pressure
30 Dec 2011,"HDFC Bank, IndusInd Bank best bets, says Irani"
28 Dec 2011,KR Choksey showcases equity portfolio for 2012
27 Dec 2011,Expect to grow at 25% CAGR: IndusInd Bank
27 Dec 2011,"IndusInd Bank plans to open 650 branches by March, 2014"
27 Dec 2011,All you want to know about IndusInd Bank
27 Dec 2011,Inside Companies: What drives IndusInd Bank to growth?
24 Dec 2011,2012: Year of savings rate war?
22 Dec 2011,"Axis Bank, IndusInd Bank may see some upmove: Choksey"
22 Dec 2011,"Bull's Eye: Short Jet Airways, ABG Ship; buy Titan, NMDC"
21 Dec 2011,RBI allows banks to use excess SLR for MSF window
21 Dec 2011,"IndusInd Bank looks weak, says Sukhani"
13 Dec 2011,"ICICI Bank, Axis Bank may see more downside: Sukhani"
08 Dec 2011,Sell Suzlon Energy: Sukhani
08 Dec 2011,IndusInd Bank may come down to Rs 230: Jai Bala
07 Dec 2011,"Yes Bank, Axis Bank, IndusInd Bank top picks: Dipan Mehta"
02 Dec 2011,Choksey's view on Reliance Industries
29 Nov 2011,IndusInd tightens loan parameters to improve asset quality
17 Nov 2011,Hope to sustain 25-30% loan growth ahead: IndusInd Bank
15 Nov 2011,ICICI Bank has target of Rs 740-750: Sukhani
08 Nov 2011,"Suresh Mahadevan positive on Muthoot Fin, Manappuram Fin"
04 Nov 2011,DCB looks attractive: Mehraboon Irani
03 Nov 2011,Federal Bank not to jump into savings rate hike war
01 Nov 2011,"IndusInd Bank appoints Arun Khurana as Head, Global Mkts"
31 Oct 2011,Prefer banking stocks over IT: Paul
24 Oct 2011,Buy IndusInd Bank; target of Rs 286: IIFL
24 Oct 2011,"Buy IndusInd Bank, says Thunuguntla"
24 Oct 2011,Bull's Eye: Top chart picks for today
20 Oct 2011,"Yes Bank, IndusInd Bank good investment bets: Prime Broking"
19 Oct 2011,Stay invested in HDFC Bank for long term: Tulsian
19 Oct 2011,Accumulate IndusInd Bank; target Rs 326: ULJK Securities
18 Oct 2011,South Indian Bank a good long term bet: Angel Broking
18 Oct 2011,IndusInd Bank Q2 net profit up 45% at Rs 193 cr
18 Oct 2011,IndusInd Bank Q2 NII seen up 23% at Rs 407 cr
17 Oct 2011,IndusInd Bank Q2 PAT seen up 40% at Rs 186 cr
17 Oct 2011,Diwan`s view on IndusInd Bank
17 Oct 2011,IndusInd Bank can test Rs 320: Madhumita Ghosh
17 Oct 2011,Bull's Eye: 12 buying ideas for the day
14 Oct 2011,"Invest in IndusInd Bank, says Deven Choksey"
07 Oct 2011,IndusInd Bank Sep qtr PAT seen up 37% at Rs 182.3cr: Unicon
05 Oct 2011,"Short IndusInd Bank, says SP Tulsian"
29 Sep 2011,"Manish Shah bearish on Axis Bank, ICICI Bank"
20 Sep 2011,Buy IndusInd Bank; target of Rs 280: IIFL
03 Sep 2011,Buy IndusInd Bank; target of Rs 278: SKP Securities
02 Sep 2011,IndusInd Bank may rally to Rs 320: PN Vijay
29 Aug 2011,Sell IndusInd Bank for target of Rs 215: LKP
29 Aug 2011,Super Six trading ideas for the day
19 Aug 2011,"Short IndusInd Bank, says Aashish Tater"
19 Aug 2011,3 analysts & 12 stocks: Who will hit Bull's Eye?
11 Aug 2011,Hold Indusind Bank: Manas Jaiswal
22 Jul 2011,Tulsian positive on Axis Bank
18 Jul 2011,Sell IndusInd Bank Future; target Rs 266-260: ABMoney
15 Jul 2011,Accumulate IndusInd Bank: Arihant capital markets
15 Jul 2011,Accumulate IndusInd Bank; target of Rs 326: ULJK Securities
12 Jul 2011,IndusInd Bank Jun qtr PAT seen up at Rs 181cr: KRChoksey
11 Jul 2011,Buy IndusInd Bank; target of Rs 325: P Lilladher
11 Jul 2011,Buy IndusInd Bank; target of Rs 328: Way2Wealth
11 Jul 2011,IndusInd Bank Jun qtr PAT seen up at Rs 170.4cr: PLilladher
11 Jul 2011,Buy IndusInd Bank; target of Rs 331: KRChoksey
11 Jul 2011,Accumulate IndusInd Bank; target of Rs 320: Unicon
11 Jul 2011,IndusInd Bank expects FY12 loan growth at 25%
11 Jul 2011,Houseviews: Four stocks that need your attention
08 Jul 2011,"Hold IndusInd Bank, says Devang Mehta"
08 Jul 2011,IndusInd Bank Q1 net profit jumps 52.5% at Rs 180 cr
08 Jul 2011,Buy Indusind Bank: Chandan Taparia
08 Jul 2011,Earnings season: What to expect from banks?
08 Jul 2011,Indusind Bank Q1 profit after tax seen up 45% at Rs 172 cr
05 Jul 2011,IndusInd Bank has target of Rs 289: Thununguntla
05 Jul 2011,Bull's Eye: 12 trading strategies for exciting gains
05 Jul 2011,IIFL's technical and F&O strategy for 4 popular stocks
04 Jul 2011,IndusInd Bank looks attractive: PN Vijay
01 Jul 2011,Dewan Housing raises RPLR by 25 bps to 17.75%
30 Jun 2011,Corporation Bank raises lending rate by 35 basis points
28 Jun 2011,Thukral`s view on banking space
28 Jun 2011,IndusInd Bank signs MoU with Indian Army
28 Jun 2011,IndusInd Bank to add 400 branches by March 2014
24 Jun 2011,"Buy IndusInd Bank, says PN Vijay"
21 Jun 2011,In focus: Will banks pass RBI's 25 bps rate hike to you?
16 Jun 2011,Short IndusInd Bank; target of Rs 249: Bothra
16 Jun 2011,Bull's Eye: 12 must-have stocks for your portfolio
09 Jun 2011,IndusInd inks agreement with Atos for POS services
02 Jun 2011,ElectraCard Services ties-up with IndusInd Bank
01 Jun 2011,IndusInd Bank to add 150 branches in FY12
20 May 2011,"Invest in Yes Bank, says Hemang Jani"
13 May 2011,Buy banking stock at lower levels: Baliga
13 May 2011,"Buy Bank of India at current level, says Dilip Bhat"
06 May 2011,"IndusInd Bank, Yes Bank top picks: Diwan"
04 May 2011,IndusInd Bank signs MoU with HDFC to sell home loans
04 May 2011,IndusInd Bank to sell HDFCï¿½s home loan products
26 Apr 2011,Buy Indusind Bank; target of Rs 320: Unicon Investment
25 Apr 2011,IndusInd Bank selects Finacle core banking transformation
21 Apr 2011,Kotak Institutional positive on IndusInd Bank
20 Apr 2011,Buy IndusInd Bank; target of Rs 325: P Lilladher
20 Apr 2011,IndusInd Banks' gross yields one of highest among peers
20 Apr 2011,"Buy SBI, says Amit Gupta"
19 Apr 2011,Slideshow: Hits and Misses of Q4 earnings season so far
19 Apr 2011,"IndusInd Bank Mar '11 profit at Rs 1,048.84 crore"
18 Apr 2011,IndusInd Bank to hike exposure in used car market by 150%
18 Apr 2011,IndusInd Bank Q4 net profit up 75.5% at Rs 172 cr
18 Apr 2011,"Hold IndusInd Bank, says Kunal Bothra"
18 Apr 2011,Indusind Bank declares dividend at Rs 2 per share
18 Apr 2011,Indusind Bank likely to post 69% growth in Q4
12 Apr 2011,Earnings Recap: See how India Inc fared in last quarter
11 Apr 2011,IndusInd snaps up Deutsche Bank India's credit card biz
07 Apr 2011,IndusInd Bank Mar qtr PAT seen up at Rs 161.6 cr: UNICON
05 Apr 2011,Buy IndusInd Bank; target of Rs 328: Way2Wealth
25 Mar 2011,Which 11 stocks is ULJK Securities putting money on?
25 Mar 2011,"Motilal Oswal bullish on Axis Bk, HDFC Bk, ICICI Bk, IndusInd Bk, Yes Bk"
24 Mar 2011,IndusInd Bank can test Rs 270: Anu Jain
23 Mar 2011,Yes Bank can touch Rs 305-307: Kulkarni
22 Mar 2011,Indusind Bank to buy Deutsche Bank's India credit card biz: Report
18 Mar 2011,Buy IndusInd Bank; target of Rs 312: Prabhudas Lilladher
08 Mar 2011,IndusInd Bank can test Rs 235: IIFL
08 Mar 2011,Sell IndusInd Bank Fut; target Rs 233.5: IIFL
07 Mar 2011,Buy IndusInd Bank: Rakesh Gandhi
28 Feb 2011,General Atlantic buys IndusInd Bank pie for Rs 67cr
03 Feb 2011,Mahindra's automotive sector ties up with IndusInd Bank
02 Feb 2011,See stability in margins ahead: IndusInd Bank
31 Jan 2011,All you want to know about Romesh Sobti
25 Jan 2011,Buy IndusInd Bank; target of Rs 303: ULJK Securities
24 Jan 2011,"Q3 results: Review of IndusInd, Bk, LIC Housing, JSW Energy"
24 Jan 2011,IndusInd Bank has target of Rs 318: D'cunha
20 Jan 2011,IndusInd Bank Dec '10 profit at Rs 914.91 crore
19 Jan 2011,Buy IndusInd Bank; target of Rs 247: IIFL
17 Jan 2011,Downward pressure may see IndusInd Bank: Jain
17 Jan 2011,IndusInd Bank Q3 net profit up 75% at Rs 154 cr
12 Jan 2011,IndusInd Bank revises interest rates on domestic term deposits 10% per annum
22 Dec 2010,RBI bans FII purchases in IndusInd Bank
16 Dec 2010,IndusInd Bank has support at Rs 220: Mehta
10 Dec 2010,Prefer IndusInd Bank for long term: Mehta
07 Dec 2010,Prefer largecap banking stocks: Devang Mehta
01 Dec 2010,Buy realty stocks with long term prospective: Nanavati
30 Nov 2010,Buy IndusInd Bank with a target of Rs 308: Gujral
29 Nov 2010,Buy IndusInd Bank on dip: Anu Jain
24 Nov 2010,IndusInd Bank has target of Rs 308: Gujral
12 Nov 2010,"Vora bullish on IndusInd Bank, Yes Bank"
11 Nov 2010,IndusInd Bank has target of Rs 320-325: Thacker
02 Nov 2010,IndusInd Bank can touch Rs 305-310: Thacker
01 Nov 2010,ING Vysya Bank has strong support at Rs 380: Gujral
19 Oct 2010,Expect NIMs to trend upwards ahead: IndusInd Bank
15 Oct 2010,IDFC sees 20% return from Infy in next 6 months
13 Oct 2010,IndusInd Bank reports Rs 854.08 cr profit for quarter ended Sep 2010
11 Oct 2010,IndusInd Bank can touch Rs 310-320: Jatinder Sharma
11 Oct 2010,IndusInd Bank Q2 net profit rises at Rs 133 cr
06 Oct 2010,Buy IndusInd Bank: Gujral
04 Oct 2010,"Buy IndusInd Bank, says Tulsian"
23 Sep 2010,IndusInd Bank has good support at Rs 238: Bhambwani
17 Sep 2010,Buy IndusInd Bank on all declines: Gujral
16 Sep 2010,Hold IndusInd Bank: Mitesh Thacker
16 Sep 2010,IndusInd Bank share sale raises USD 250 million
16 Sep 2010,IndusInd Bank launches QIP to raise $ 215-250mn; stk up 5%
06 Sep 2010,Hold IndusInd Bank; target of Rs 234: Asit C. Mehta
03 Sep 2010,Buy IndusInd Bank on dips: Gujral
27 Aug 2010,IndusInd Bank can go upto Rs 253: Gujral
26 Aug 2010,Hold IndusInd Bank around Rs 229-232: Jain
26 Aug 2010,Enter IndusInd Bank: Anu Jain
30 Jul 2010,Earnings Review: June quarter a mix bag for India Inc
21 Jul 2010,"Add IndusInd Bank, Yes Bank in portfolio: Choksey"
13 Jul 2010,Buy IndusInd Bank; target of Rs 255: Anand Rathi
12 Jul 2010,"Irani positive HDFC Bank, Axis Bank"
09 Jul 2010,IndusInd Bank to raise Rs 10 billion by Dec
09 Jul 2010,IndusInd Bank's PE rerating may happen soon: Mehta
09 Jul 2010,IndusInd Bank has target of Rs 250: Hathiramani
09 Jul 2010,IndusInd Bank Q1 net profit up 38% at Rs 119 cr
09 Jul 2010,Indusind Bank Q1 net profit seen up 24.85% at Rs 108 cr
23 Jun 2010,IndusInd Bank has target of Rs 225: Gujral
22 Jun 2010,IndusInd Bank target at Rs 225: Gujral
11 Jun 2010,IndusInd Bank can test Rs 220-225: Sharma
28 May 2010,Buy IndusInd Bank: Irani
27 May 2010,IndusInd Bank can test Rs 195-200: Bhambwani
25 May 2010,Buy IndusInd Bank on dips: Anu Jain
21 May 2010,IndusInd Bank has support at Rs 174: Gujral
20 May 2010,IndusInd Bank can go upto Rs 215-220: Rahul Mohindar
19 May 2010,Buy IndusInd Bank: Gujral
22 Apr 2010,IndusInd Bank has target of Rs 210: Gujral
21 Apr 2010,Pick largecap private banking stocks: Chakraborty
20 Apr 2010,Buy IndusInd Bank: Gorakshakar
20 Apr 2010,Book profits in IndusInd Bank: Sukhani
19 Apr 2010,Buy IndusInd Bank at Rs 170: Salil Sharma
17 Apr 2010,IndusInd Bank aims at 25-30% loan growth in FY11: MD
17 Apr 2010,Hold IndusInd Bank: Irani
16 Apr 2010,IndusInd Bank Q4 net profit up 94.06% at Rs 98 cr
16 Apr 2010,IndusInd Bank looks expensive: Mukadam
16 Apr 2010,"Hold IndusInd Bank, says Thacker"
15 Apr 2010,IndusInd Bank Q4 PAT seen up 90.22% to Rs 96.1 cr
01 Apr 2010,Hold IndusInd Bank; target of Rs 176: Arihant Capital
30 Mar 2010,IndusInd Bank plans to open 120 branches in FY11
29 Mar 2010,Buy IndusInd Bank; target of Rs 202: Networth
29 Mar 2010,"Buy IndusInd Bank, says Anu Jain"
11 Mar 2010,IndusInd Bank has target of Rs 170: Gujral
06 Mar 2010,Indusind Bank can touch Rs 180: Gujral
04 Mar 2010,IndusInd Bank can test Rs 240-250: Gujral
03 Feb 2010,IndusInd Bank has target of Rs 164: Thacker
20 Jan 2010,IndusInd Bank has target of Rs 160-165: Thacker
19 Jan 2010,Buy IndusInd Bank; target Rs 175: Anand Rathi
15 Jan 2010,"Buy IndusInd Bank, says Manas Jaiswal"
15 Jan 2010,IndusInd Bank expects no dent in profit in Jan-Sept - MD
15 Jan 2010,IndusInd Bank Q3 net profit up at Rs 88.04 cr
16 Dec 2009,Buy IndusInd Bank; target of Rs 160: IndiaInfoline
11 Dec 2009,IndusInd Bank trades in range of Rs 120-145: Thacker
09 Dec 2009,IndusInd Bank has target of Rs 155-160: Thacker
04 Dec 2009,Buy IndusInd Bank above Rs 140: Sukhani
03 Dec 2009,IndusInd Bank can test Rs 145-150: Mitesh Thacker
14 Oct 2009,IndusInd Bank Q2 net profit up 130.9% at Rs 77.8 cr
14 Oct 2009,Indusind Bank Q2 net profit seen up 58.64% to Rs 53.4 cr
11 Sep 2009,Buy IndusInd Bank with a target of Rs 112-115: M Thacker
13 Aug 2009,See more appetite for bank's QIP from investors: IndusInd
11 Aug 2009,QIP bonanza: IndusInd raises $100m via 13% stake sale
21 Jul 2009,Buy IndusInd Bank on dips: Sukhani
20 Jul 2009,Keep Rs 75 stoploss in IndusInd Bank: Mohoni
09 Jul 2009,IndusInd Bank has resistance at Rs 92-95: Bose
09 Jul 2009,IndusInd Bank has support at Rs 72: Gujral
08 Jul 2009,Don't buy IndusInd Bank: Sukhani
08 Jul 2009,NPAs improved drastically in FY09; now at 1%: IndusInd Bank
08 Jul 2009,IndusInd Bank Q1 net profit up at Rs 86.5 cr
24 Jun 2009,Buy IndusInd Bank at Rs 82-83: M Thacker
22 Jun 2009,Banksï¿½ credit to realty sector expands in 2008-09
19 Jun 2009,Will raise $75-100m via QIPs: IndusInd Bank
16 Jun 2009,IndusInd Bank can go upto Rs 85: M Thacker
11 Jun 2009,IndusInd Bank has support at Rs 67: Gujral
20 May 2009,IndusInd Bank can test Rs 90-100: R Shah
06 May 2009,Limited upside in IndusInd Bank: P Sekhar
06 May 2009,IndusInd Bank can test Rs 62: Mathew
05 May 2009,No plans to raise capital in next six months: IndusInd Bank
05 May 2009,IndusInd Bank Q4 net profit up 249% at Rs 50.5 cr
09 Mar 2009,IndusInd Bank may buy RBS' Indian operations
19 Jan 2009,IndusInd Bank-CRISIL sign MoU on bank loan ratings
15 Jan 2009,"IndusInd Bank Q3 Net Profit at Rs 45.06cr, up by 80%"
15 Jan 2009,See full-year advances grow at 25%: IndusInd Bank
15 Jan 2009,IndusInd Bank Q3 net profit at Rs 45.06 cr
01 Jan 2009,ICRA reaffirms the highest rating A1+ for IndusInd Bank
