text,label
IndusInd Bank finalises Sumant Kathpalia as new MD & CEO,__label__2
IndusInd Bank board finalises appointment of next MD & CEO,__label__2
IndusInd Bank €“ At what price do potential negatives get priced in?,__label__2
"Podcast | Stock picks of the day: See immediate support for Nifty at 11,100 levels",__label__2
"Board to finalise successor in next meeting: Romesh Sobti, Indusind Bank",__label__2
IndusInd Bank may appoint Sumant Kathpalia as CEO Romesh Sobti's successor,__label__2
"IndusInd Bank plans to raise up to Rs 20,000 cr by issuing bonds on pvt placement basis",__label__2
IndusInd Bank: Strong possibility of a medium term rally in the stock,__label__2
Double digit growth in Q1 NII on cards for IndusInd Bank; Bharat Financial merger may hit profit,__label__2
lnduslnd Bank-Bharat Financial merger to be effective from July 4,__label__2
Buy IndusInd Bank; target of Rs 1861: KR Choksey,__label__2
"Positive on Cholamandalam Finance, M&M Finance and Shriram Transport Finance: Prabhudas Lilladher",__label__2
"IndusInd Bank, Bharat Financial boards likely to meet next week to finalise merger, says Romesh Sobti",__label__2
Buy IndusInd Bank; target of Rs 1900: Motilal Oswal,__label__2
Buy IndusInd Bank; target of Rs 1964: HDFC Securities,__label__1
Buy IndusInd Bank; target of Rs 1860: ICICI Direct,__label__1
Ideas for Profit | Add IndusInd Bank after soft Q4 on IL&FS recognition,__label__2
RBI may not increase age limit for bank CEOs over 70 years: Report,__label__2
"IndusInd Bank Standalone March 2019 Net Interest Income (NII) at Rs 2,232.38 crore, up  11.2% Y-o-Y",__label__2
IndusInd Bank Q4 PAT falls 62% to Rs 360 crore,__label__2
IndusInd Bank to post its Q4 numbers today; here's is what brokerages expect,__label__2
Indusind Bank Q4 Net Profit may dip 44.8% YoY to Rs. 526.1 cr: Motilal Oswal,__label__2
"IndusInd Bank plans to raise Rs 2,700 crore via bonds",__label__2
Indusind Bank Q4 Net Profit may dip 37.1% YoY to Rs. 599.5 cr: Kotak,__label__2
Moody's keeps stable outlook on Indusind on maiden rating,__label__2
"Top buy and sell ideas by Ashwani Gujral, Sudarshan Sukhani, Mitessh Thakkar for short term",__label__1
"Buy IndusInd Bank, says Mazhar Mohammad",__label__1
Buy IndusInd Bank; target of Rs 1935: HDFC Securities,__label__2
Hold IndusInd Bank; target of Rs 1720: Arihant Capital,__label__2
Buy IndusInd Bank; target of Rs 1900: Motilal Oswal,__label__2
"IndusInd Bank Standalone December 2018 Net Interest Income (NII) at Rs 2,288.09 crore, up  20.76% Y-o-Y",__label__1
IndusInd Bank Q3 FY19: Expect elevated provision and muted stock performance near term,__label__1
IndusInd Bank Q3FY19 Review €“ in line except for IL&FS exposure,__label__1
"IndusInd Bank Q3 profit rises 5% at Rs 985 cr, IL&FS-linked provisions total Rs 600 cr so far",__label__1
Indusind Bank Q3 Net Profit seen up 6.5% YoY to Rs. 996.9 cr: Prabhudas Lilladher,__label__1
Indusind Bank Q3 Net Profit seen up 2% YoY to Rs. 954.9 cr: ICICI Direct,__label__1
IndusInd Bank Q3: Brokerages say profit may take a hit on IL&FS exposure,__label__2
"In tough year for finance, Moneycontrol Wealth Creator Awards honours India's best",__label__2
IndusInd Bank calls off deal to acquire IL&FS Securities Services,__label__2
Accumulate IndusInd Bank; target of Rs 1743: Arihant Capital,__label__2
India Inc Q2FY19 review €“ predictable start with visible margin pressure,__label__2
Buy IndusInd Bank; target of Rs 1916: Nalanda Securities,__label__2
Buy IndusInd Bank; target of Rs 2075: JM Financial,__label__2
Buy IndusInd Bank; target of Rs 1900: ICICI Direct,__label__2
Accumulate IndusInd Bank; target of Rs 1800: Dolat Capital,__label__2
Buy IndusInd Bank; target of Rs 1914: Anand Rathi,__label__2
"What should investors do with IndusInd Bank post Q2 results? Buy, sell or hold",__label__2
Ideas For Profit |IndusInd Bank Q2 €“ steady show except for the shadow of IL&FS,__label__2
"IndusInd Bank Standalone September 2018 Net Interest Income (NII) at Rs 2,203.28 crore, up  20.99% Q-o-Q",__label__2
"IndusInd Bank Q2 profit rises 4.6% to Rs 920 cr; asset quality improves, loan growth at 32%",__label__2
"After recent drubbing, here€™s how you could trade your banking, NBFC stocks",__label__2
"Buy IndusInd Bank, target Rs 1740: Jayant Manglik",__label__2
"Buy IndusInd Bank with target Rs 2,248: AnandRathi",__label__1
"Buy IndusInd Bank, target Rs 2248: AnandRathi",__label__1
"RBI must allow microfinance firms to lend to small, mid-sized segments: MFIN President",__label__2
Buy IndusInd Bank; target of Rs 2120: JM Financial,__label__2
Buy IndusInd Bank; target of Rs 2080: Edelweiss,__label__2
Buy IndusInd Bank; target of Rs 2248: Anand Rathi,__label__2
Accumulate IndusInd Bank; target of Rs 2033: KR Choksey,__label__2
Buy IndusInd Bank; target of Rs 1971: HDFC Securities,__label__2
Buy IndusInd Bank; target of Rs 2075: Prabhudas Lilladher,__label__2
Buy IndusInd Bank; target of Rs 2250: Motilal Oswal,__label__2
"Analysts retain positive stance on IndusInd Bank, expect stock to return up to 21% post stable Q1",__label__2
IndusInd Bank €“ as steady as it gets,__label__2
"IndusInd Bank posts 23% rise in Q1FY19 net profit at Rs 1,035.7 crore",__label__2
IndusInd Bank to kick off bank results today; may post over 21% YoY rise in net profit,__label__2
IndusInd Bank to acquire IL&FS' brokerage business,__label__1
"IndusInd bank to maintain stable asset quality over FY19-20, stock may give 14% return: Anandrathi",__label__1
"Buy IndusInd Bank, target Rs 2248: Siddharth Sedani",__label__2
Buy IndusInd Bank; target of Rs 1966: HDFC Securities,__label__2
Buy IndusInd Bank; target of Rs 2050: ICICI Direct,__label__2
Accumulate IndusInd Bank; target of Rs 2033: KRChoksey,__label__2
"Buy IndusInd Bank, target Rs 2250: Yogesh Mehta",__label__2
Buy IndusInd Bank; target of Rs 2075: Prabhudas Lilladher,__label__2
Buy IndusInd Bank; target of Rs 2020: Edelweiss,__label__2
Buy Indusind Bank; target of Rs 2150: Motilal Oswal,__label__2
"IndusInd Bank Q4 result review: Brokerages give a thumbs up, see up to 20% upside",__label__2
IndusInd Bank €” no derailment but divergence points to higher scrutiny from RBI,__label__2
"IndusInd Bank's Q4 net profit rises 27% YoY, divergence in NPAs stood at Rs 1,350 cr",__label__2
"IndusInd Bank Q4 profit seen up 20%, provisions and exposure to gems, jewellery in focus",__label__2
Deutsche Bank ends talks over sale of India business: Sources,__label__1
IndusInd Bank gets RBI nod to acquire IL&FS arm,__label__1
IndusInd Bank customers will soon see transactions on WhatsApp,__label__1
IDFC may put its AMC biz on sale: Here's what makes it an attractive buy,__label__2
"Buy, Sell, Hold: 5 stocks are on analysts€™ radar on March 21, 2018",__label__2
"Sell PNB, IndusInd Bank, Hindalco Industries, Yes Bank; buy Jubilant Foodworks, Tata Elxsi: Ashwani Gujral",__label__1
IndusInd Bank and Ripple tie-up for cross border remittances,__label__2
"Buy Interglobe Aviation, PC Jeweller, Ahluwalia Contracts, IndusInd Bank: Ashwani Gujral",__label__2
"News highlights of the day: ArcelorMittal, Numetal bids for Essar Steel recommended for rejection",__label__1
IndusInd Bank exposure to Gitanjali Gems in 'small' 2-digits,__label__1
Buy IndusInd Bank; target of Rs 2060: Axis Direct,__label__1
"News highlights of the day: Bitcoin slumps to under $10,000 after regulatory fears grow",__label__1
Accumulate IndusInd Bank; target of Rs 1900: Dolat Capital,__label__1
Hold IndusInd Bank; target of Rs 1875: Arihant Capital,__label__2
"Buy Cera Sanitaryware, IndusInd Bank, Reliance Industries: Ashwani Gujral",__label__2
IndusInd Bank €“ Long-term strategy intact; stock fully priced,__label__2
Seeing good credit growth in vehicle finance: IndusInd Bank,__label__2
IndusInd Bank rises 1% post Q3 show; brokerages remain upbeat,__label__2
"News highlights of the day: Fingerprint, iris data in Aadhaar are safe, secure: Ravi Shankar Prasad",__label__2
Buy IndusInd Bank; target of Rs 2076: Motilal Oswal,__label__2
Buy IndusInd Bank; target of Rs 2020: Edelweiss,__label__2
Buy IndusInd Bank; target of Rs 1889: HDFC Securities,__label__2
Buy IndusInd Bank; target of Rs 2120: JM Financial,__label__2
"IndusInd Bank Q3 profit rises 25%, NII misses estimates; asset quality weakens a bit",__label__2
"IndusInd Bank may post more than 22% growth in Q3 profit, net interest income",__label__2
IndusInd Bank raises $500 mn from overseas lenders,__label__1
IndusInd Bank concludes USD 500mn Syndicated Term  Loan Facility from overseas investors,__label__1
"News highlights of the day: After Trump tweet, Pakistan says made 'unmatched sacrifices' in war on terror",__label__1
"Buy IndusInd Bank, JSW Steel, Sun Pharmaceutical Industries: Rahul Shah",__label__2
"Prefer IndusInd Bank, Yes Bank: Ashwani Gujral",__label__1
"Buy IndusInd Bank, M&M Finance: Mitessh Thakkar",__label__2
"News highlights of the day: Shia Waqf Board calls for temple in Ayodhya, mosque in Lucknow",__label__2
"Buy Indusind Bank, Nalco, Kolte-Patil Developers: Ashwani Gujral",__label__2
Buy IndusInd Bank; target of Rs 1920: Axis Direct,__label__2
"Will move out of villages where there is no recovery, says Bharat Financial",__label__1
India Inc's first quarter post GST: Here's a sector-wise review of early results,__label__2
Buy IndusInd Bank; target of Rs 1952: Prabhudas Lilladher,__label__2
Buy IndusInd Bank; target of Rs 1920: ICICI Direct,__label__2
Buy IndusInd Bank; target of Rs 2120: JM Financial,__label__2
Buy IndusInd Bank; target of Rs 1920: ICICI Direct,__label__1
Accumulate IndusInd Bank; target of Rs 1889: KR Choksey,__label__1
Buy IndusInd Bank; target of Rs 1650: JM Financial,__label__1
"Analysts remain positive on IndusInd Bank, expect up to 14% return post Bharat Financial merger",__label__1
IndusInd-Bharat Financial deal: Here's how experts are looking at it,__label__1
Merger will enable us to give higher ticket size loans: Bharat Financial,__label__1
Buy IndusInd Bank; target of Rs 1920: Edelweiss,__label__2
IndusInd reports a picture-perfect result even as buzz builds around Bharat Financial buy,__label__2
Book profits in IndusInd Bank: Sandeep Wagle,__label__2
Sell IndusInd Bank at around Rs 1800: Vijay Chopra,__label__2
IndusInd Bank Q1 net up 25% at Rs 880.1 crore; net NPAs rise to Rs 537 cr,__label__2
IndusInd Bank: Outcome of board meeting,__label__2
FIFA Under 17 World Cup: India knocked-out after losing 4-0 to Ghana,__label__2
"IndusInd Bank Q2 profit, net interest income may increase over 25%",__label__2
Banks set to report grim September quarter financial results,__label__2
"Buy IndusInd Bank, PVR; Trident may test Rs 135: Ashwani Gujral",__label__1
"IndusInd Bank's board meeting on October 12, 2017",__label__2
"Sell IndusInd Bank, SBI; buy Tech Mahindra: Ashwani Gujral",__label__2
"Hold IndusInd Bank, says Gaurang Shah",__label__1
Stay invested in IndusInd Bank: Prakash Gaba,__label__1
"Buy IndusInd Bank, HDFC, Ajanta Pharma: Ashwani Gujral",__label__1
"Buy IndusInd Bank, Raymond, CESC; hold Yes Bank: Ashwani Gujral",__label__2
IndusInd Bank secures $200 mn loan from ADB for microlending,__label__1
Buy IndusInd Bank; target of Rs 1650: JM Financial,__label__2
"Buy HDFC Bank, IndusInd Bank, Chambal Fertilisers: Ashwani Gujral",__label__2
Bharat Financial deal - IndusInd Bank unlikely to overpay,__label__2
"Buy IndusInd Bank, Muthoot Finance, M&M Financial Services: Ashwani Gujral",__label__2
IndusInd Bank Limited,__label__2
"IndusInd Bank, Bharat Financial enter agreement to evaluate strategic share swap deal",__label__2
IndusInd Bank enters into agreement with Bharat Financial Inclusion,__label__2
A move above 10K required for breakout; 5 stocks which can give nearly 10% return,__label__2
"Buy IndusInd Bank, National Aluminium Company: Sandeep Wagle",__label__2
"Expect Indusind & Bharat Financial to rally post deal, if it happens: Investec Capital",__label__2
"Buy IndusInd Bank, Escorts, Motherson Sumi: Ashwani Gujral",__label__2
IndusInd Bank inaugurates new branch in Faridkot,__label__2
"Buy IndusInd Bank, Bharat Financial Inclusion: Mitessh Thakkar",__label__2
"Buy IndusInd Bank, HDFC Bank, Bharat Financial Inclusion: Ashwani Gujral",__label__2
"Sell Dabur, Apollo Tyres; buy CONCOR, Aptech, Future Consumer: Mitessh Thakkar",__label__2
Buy IndusInd Bank; target of Rs 1720: Axis Direct,__label__1
Buy IndusInd Bank; target of Rs 1734: Edelweiss,__label__2
Buy IndusInd Bank; target of Rs 1663: HDFC Securities,__label__2
Accumulate IndusInd Bank; target of Rs 1681: KR Choksey,__label__2
"IndusInd Bank Q1 review: Brokerages highlight steady results, see slight risks to asset quality",__label__2
"Valuation key in Bharat Financial deal; CV space to do well in Q3, Q4: IndusInd Bank",__label__2
IndusInd Bank: Outcome of board meeting,__label__2
"IndusInd Bank Q1 profit beats estimates, up 26% but asset quality deteriorates further",__label__2
Will update on target price for IndusInd Bank post quarter: Edelweiss Sec,__label__2
"Banks' Q1 earnings to be hit by higher NPA provisions, low credit growth: Analysts",__label__2
"Buy, Sell, Hold: 9 stocks and 7 sectors are on the radar of analysts€™ today",__label__1
"IndusInd Bank's AGM on July 26, 2017",__label__1
Don't anticipate any impact of farm loan waiver on Punjab's book: Bharat Financial,__label__2
"Buy IndusInd Bank, Bajaj Finance, Britannia; stay with DHFL: Ashwani Gujral",__label__1
"IndusInd Banks's 23rd AGM will be held on July 26, 2017",__label__1
IndusInd Bank to raise $225 mn to support enterprises in India,__label__1
"Will not look to stretch loan growth at 25%, says IndusInd Bank",__label__2
"Buy IndusInd Bank, sell Oil India: Sandeep Wagle",__label__1
"Buy IndusInd Bank, Petronet LNG; sell M&M Financial Services: Ashwani Gujral",__label__1
"IndusInd Bank can climb to Rs 1540, Muthoot Finance Rs 435: Prakash Gaba",__label__2
"Buy IndusInd Bank, Jindal Steel & Power: Mitessh Thakkar",__label__2
"Buy IndusInd Bank, Jindal Steel & Power: Mitessh Thakkar",__label__2
"Buy IndusInd Bank, L&T, Jain Irrigation Systems: Ashwani Gujral",__label__2
"Buy IndusInd Bank, sell Hindalco Industries below Rs 186: Mitessh Thakkar",__label__2
"Short IndusInd Bank, BPCL; buy Bharat Forge: Rahul Shah",__label__1
"Sell IndusInd Bk, Torrent Pharma, Coal India; buy Adani Ports, Escorts: Sukhani",__label__1
Buy Indusind Bank; target of Rs 1630: Axis Direct,__label__2
"Buy IndusInd Bank, Hindustan Unilever, Larsen & Toubro: Ashwani Gujral",__label__1
"IndusInd Bank inaugurates new branch in Bhinder, Rajasthan",__label__2
"IndusInd Bank inaugurates new branch in Bhinder, Rajasthan",__label__2
Buy IndusInd Bank; target of Rs 1570: ICICI Direct,__label__2
Buy IndusInd Bank; target of Rs 1550: HDFC Securities,__label__2
Buy Indusind Bank; target of Rs 1700: Motilal Oswal,__label__2
Buy Indusind Bank; target of Rs 1560: Edelweiss,__label__2
Analysts stay bullish on IndusInd despite one-off provisions restrict Q4 profit growth,__label__2
IndusInd and Yes: Where should investors put their money after the disappointment?,__label__2
"Cement company drills Rs 350cr hole in IndusInd, Yes Bank profits",__label__2
"Loan growth should remain in mid-20s: Romesh Sobti, IndusInd Bank",__label__2
Buy IndusInd Bank on dips: Shahina Mukadam,__label__2
IndusInd Bank may test Rs 1800: Sandeep Wagle,__label__2
"IndusInd Bank Q4 profit misses estimates, up 21%; NPA flat but provisions double",__label__2
"IndusInd Bank to raise Rs 1,000 cr via bonds",__label__1
"IndusInd Bank Q4 profit seen up 26% at Rs 783 cr, loan growth may be 25%",__label__1
IndusInd Bank launches IndusForex.com,__label__2
"Bull's Eye: Buy IndusInd Bank, Balmer Lawrie, CONCOR, Tata Elxsi",__label__1
"IndusInd Bank to raise Rs 1,000 cr via Basel III bonds",__label__2
"Lohia Auto, IndusInd Bank extend tie-up to e-three wheelers",__label__2
"Buy IndusInd Bank, Bajaj Finance, Tata Chemicals; sell ACC, Glenmark Pharma: Sudarshan Sukhani",__label__2
"Buy IndusInd Bank, Ajanta Pharma, IFCI: Ashwani Gujral",__label__1
IndusInd Bank opens new branch in Faridabad,__label__1
"IndusInd Bank raises Rs 1,000 crore via bonds",__label__2
IndusInd Bank enters into agreement with Infrastructure Leasing and Financial Services ,__label__2
IndusInd Bank to acquire 100% stake in ISSL,__label__2
"Buy IndusInd Bank, Hero MotoCorp, Mindtree: Rahul Shah",__label__2
COMMENT- Is Bharat Financial a worthy Inclusion for IndusInd?,__label__2
UP election results to have marginal impact on mkts: Samir Arora,__label__2
Here are Deven Choksey's top trading ideas,__label__2
IndusInd Bank confirms deal talks with MFI Bharat Financial,__label__2
Bharat Fin merger to lift IIB's RoA but execution key: Macquarie,__label__1
"Buy, sell, hold: 4 stocks that you can focus today",__label__1
"Prefer UPL, see 5-7% upside: Anu Jain",__label__1
IndusInd Bank opens new branch in Sikar,__label__1
Bharat Financial trading volumes surge on IndusInd deal buzz,__label__1
"IndusInd, Bharat Financial call off deal on valuation worry:Srcs",__label__2
"After IndusInd Bank, RBL enters race for merger with Bharat Fin",__label__2
"Buy DCB Bank, Cadila Health, IndusInd Bk, Grasim: Gujral",__label__1
"Buy RIL, Bharat Financial, IndusInd Bank, Tech Mahindra: Sukhani",__label__1
"IT ministry, UIDAI ask banks to move to Aadhaar Pay by March end",__label__1
"Buy IndusInd Bank, JSW Steel, Bharat Forge: Rahul Shah",__label__1
"Sell Kotak Mah Bank, Axis Bank, IndusInd Bank: Ashwani Gujral",__label__2
"Wipro can climb to Rs 490, by Cadila Healthcare on dips: Gaba",__label__2
Buy IndusInd Bank; sell Godrej Industries: Sandeep Wagle ,__label__2
"Buy M&M Financial, IndusInd Bank, Exide: Sudarshan Sukhani",__label__2
World could see a protectionism mega trend: Uday Kotak,__label__2
Here are a few stock ideas from Deven Choksey,__label__2
"Buy Apollo Hospitals, IndusInd Bank, DCB Bank: VK Sharma",__label__2
"Indiabulls Housing Finance looks good, says Prakash Gaba",__label__1
"Buy Britannia Industries, DHFL, HPCL, IndusInd Bank: Sukhani",__label__1
"Buy IndusInd Bk, Bajaj Holdings, M&M; sell Auro Pharma: Thakkar",__label__1
"How new-gen Kotak, IndusInd, Yes banks beat older rivals on NPAs",__label__2
Here is why SP Tulsian bets on bank stocks,__label__2
Flexible product mix helped Kotak keep slippages in check: Diwan,__label__2
"Buy UPL, Dewan Housing, Capital First: Ashwnai Gujral",__label__2
"Buy Bajaj Auto, IndusInd Bank: Mitessh Thakkar",__label__2
Sell Divis Labs on rally; Chennai Petro may test Rs 360: Gujral,__label__2
"Buy AB Nuvo, CESC, IndusInd Bank; short Just Dial: Sukhani",__label__2
"Buy BEL, IDBI Bank; sell Bharti Infratel: Mitessh Thakkar",__label__2
"'Housing finance cos, private sector banks standouts of Q3'",__label__1
"IndusInd Bank, HDFC Bank best bets: Mehraboon Irani",__label__2
Here are a few stock ideas from Deven Choksey,__label__2
"Buy Yes Bank, IndusInd Bank: Ashwani Gujral",__label__2
"Buy ACC, IndusInd Bk, Voltas; sell Idea, Glenmark: Sukhani",__label__2
Buy IndusInd Bank; target of Rs 1350: ICICI Direct,__label__2
Buy Indusind Bank; target of Rs 1430: Motilal Oswal,__label__2
"Buy UltraTech Cement, Tata Chemicals: Mitessh Thakkar",__label__2
BSE's international exchange goes live for trading,__label__1
"Buy Kaveri Seed, IndusInd Bank, SAIL: Rahul Shah",__label__1
Positive on private sector banks: Dipan Mehta,__label__1
Here are Mayuresh Joshi's top trading bets,__label__2
"Positive on HDFC Bank, IndusInd Bank: Mehraboon Irani",__label__2
"IndusInd Bank rises 6%, analysts upbeat post Q3 results",__label__2
Credit cost expected to be below 60 bps In FY17: IndusInd Bank,__label__2
IndusInd Bank attractive buying opportunity: Sudarshan Sukhani,__label__2
"Buy, sell, hold: 6 stocks brokerages firm are betting on",__label__2
"Tulsian's preferred picks in transmission, bank & tyre sectors",__label__2
IndusInd Bank to review interest rates of savings accounts,__label__2
"IndusInd Bank Q3 profit up 29% to Rs 751 cr, NII jumps 34%",__label__2
Here are Sanjiv Bhasin's top trading ideas,__label__2
"IndusInd Bank Q3 profit seen up 24%, loan growth may be 22%",__label__2
IndusInd Bank Q3 PAT seen down 5% to Rs 668.7 cr: ICICIdirect,__label__1
"Buy IndusInd Bank, SRF for 2-3 trading sessions: Hemant Thukral",__label__2
"Buy Havells, IndusInd Bank, Marico; sell Divis Labs: Sukhani",__label__2
"Here is why Tulsian bets on bank, metal stocks",__label__2
"Maruti Suzuki buying opportunity, avoid banks: Sudarshan Sukhani",__label__1
"Buy, sell, hold: 18 stocks that analysts are watching out",__label__1
"Buy, sell, hold: How to trade 5 auto & bank stocks?",__label__1
"Like BEL, NBCC, Strides Shasun; bullish on Bharat Fin: Mehta",__label__1
"Buy Century Textiles, Hindustan Unilever, IndusInd Bank: Gujral",__label__1
"Buy IndusInd Bank, Mindtree, UltraTech Cement: Yogesh Mehta",__label__1
"Buy EIL, Mindtree, Bata India, IndusInd Bank: Ashwani Gujral",__label__1
"Prefer IndusInd Bank, Yes Bank: Sharmila Joshi",__label__1
"Bull's Eye: Buy IndusInd Bank, Exide, BEML; sell IRB Infra",__label__1
"Sell IndusInd Bank, DCB Bank, Cipla: Mitesh Thacker",__label__1
"Buy Hexaware Technologies, sell IndusInd Bank: Mitesh Thacker",__label__1
"Sell IndusInd Bank, Bata India; buy Aban Offshore: Gujral",__label__1
"Closely watching NBFC space, positive on bank: Ajay Bodke",__label__1
"Buy SBI, HDFC Bank, IndusInd Bank, BoB, ICICI Bank: Irani",__label__2
"Buy Reliance Industries, IndusInd Bank, OBC: Ashwani Gujral",__label__2
"Buy IndusInd Bank, Mahindra & Mahindra, Uflex: Ashwani Gujral",__label__2
"Sell Arvind, Asian Paints: Mitesh Thacker",__label__1
"IndusInd Bank to raise Rs 1,500 crore via bonds",__label__1
"Buy ICICI Bank, Tata Motors: Yogesh Mehta",__label__2
"Analysts positive on NBFCs, retail private banks after RBI move",__label__2
"Sell IndusInd Bank, Ambuja Cements, Hindalco: Ashwani Gujral",__label__2
"HDFC Bank can slip to Rs 1200, Power Grid may hit Rs 204: Gupta",__label__2
"Buy Infosys; sell Jet Airways, IndusInd Bank: Ashwani Gujral",__label__2
Demonetisation to impact NBFCs for next 3-4 months: Macquarie,__label__2
"Sell Tata Motors; buy HDFC Bk, Power Grid: Mitesh Thacker",__label__2
"Sell IndusInd Bank, Godrej Consumer: Mitesh Thacker",__label__1
"Sell Bharti Airtel, IndusInd Bank; buy Heritage Food: Gujral",__label__2
"Buy IndusInd Bank 1160 Put, sell 1280 Call: Krish Subramanyam",__label__2
Go long in IndusInd Bank; short Biocon: Rahul Shah,__label__2
"Sell DLF, IndusInd Bank, Infosys; buy IIFL, Vijaya Bank: Thacker",__label__1
"Hold Yes Bank, see levels of Rs 1500-1600: Vijay Chopra",__label__2
Buy IndusInd Bank; target of Rs 1400: Axis Direct,__label__2
"Prefer ICICI Bank, SBI; positive on Satin Credit Care: IIFL",__label__2
Buy IndusInd Bank; target of Rs 1500: KR Choksey,__label__2
Hold IndusInd Bank; target of Rs 1292: Arihant Capital,__label__2
"Banks past NPA crisis, normalisation 3-4 qtrs away: Exide Life",__label__2
"Short Ceat, NCC, Hindalco, IndusInd Bank: Ashwani Gujral",__label__2
Buy IndusInd Bank; target of Rs 1400: Motilal Oswal,__label__2
Buy IndusInd Bank; target of Rs 1350: ICICI Direct,__label__2
"Sell Sun TV, IndusInd Bank: Rajat Bose",__label__2
Here are Deven Choksey's top trading ideas,__label__2
"IT sector beaten down, no great expectation from TCS: Expert",__label__2
"Buy JSW Steel, Page Industries: Sudarshan Sukhani",__label__2
Any decline in IndusInd shares a buying opportunity: IIFL,__label__2
"Buy, sell or hold: 9 stocks that analysts are bullish on",__label__2
Here's what you can expect from IndusInd Bank's Q2 earnings,__label__2
IndusInd Bank Q2 PAT seen up 6% to Rs 701 cr: Motilal Oswal,__label__2
"Bullish on RIL, IndusInd Bank may climb to Rs 1257: Rajat Bose",__label__1
"Prefer HDFC Bank, says Prakash Gaba",__label__2
"Sell Idea, M&M, Tata Motors; buy Kesoram: Ashwani Gujral",__label__1
Paytm partners with Indusind Bank to offer financing options for booking of two-wheelers,__label__1
"Buy IndusInd Bank 1180 Call, sell 1220 Call: Krish Subramanyam",__label__2
"Buy IndusInd Bank, HPCL, JSW Steel: Ashwani Gujral",__label__2
"Buy IndusInd Bank, Bharat Forge; sell BEML: Ashwani Gujral",__label__2
"Buy RIL, Automotive Axle; sell IndusInd Bank: Gujral",__label__1
"Short IndusInd Bank, says Amit Gupta",__label__2
"Buy Bharat Forge, IndusInd Bank, Vedanta: Ashwani Gujral",__label__2
"Buy Vedanta, UPL, IndusInd Bank: Sandeep Wagle",__label__2
"Buy Britannia, LIC Housing, NCC, Axis Bank, IndusInd Bank:Gujral",__label__2
Here are some stock ideas from SP Tulsian,__label__2
"Sell Jubilant Foodworks; buy Rel Infra, IndusInd Bank: Gujral",__label__2
NPA issue in banks far from over; better mechanism needed: Pros,__label__1
"Hold JSW Steel; buy HDFC, IndusInd Bank: Ashish Chaturmohta",__label__2
"Buy IndusInd Bank, Sintex Industries: Manoj Murlidharan",__label__2
"Tulsian's take on construction cos, Zee, RBL Bank & other stocks",__label__2
"Buy REC, IndusInd Bank, CONCOR: Sandeep Wagle",__label__2
"Buy Asian Paints, UltraTech Cement, IndusInd Bank: Sandeep Wagle",__label__2
"Buy L&T Finance Holdings, IndusInd Bank, Sun TV: Ashwani Gujral",__label__2
"Buy UltraTech Cement, IndusInd Bank, Torrent Pharma: Wagle",__label__2
"Buy IndusInd Bank, Torrent Pharma, Gabriel India: Ashwani Gujral",__label__2
"Go long in private banks; short PSU banks, short IFCI: Thacker",__label__1
"Buy M&M, NMDC, IndusInd Bank: Sudarshan Sukhani",__label__2
Bharat Fin not eyeing a banking licence now: PH Ravikumar,__label__1
Here are a few stock ideas from Ajay Bodke,__label__2
RBI slaps Rs 27-cr penalty on 13 banks for FEMA violations,__label__2
"Buy Lupin, Power Grid; sell IndusInd Bank, YES Bank: Gujral",__label__1
Here are a few stock ideas from Prakash Diwan,__label__1
Find out why Tulsian is bullish on logistics stocks,__label__2
Buy Indusind Bank; target of Rs 1278: Reliance Securities,__label__2
Buy Indusind Bank; target of Rs 1143: KR Choksey,__label__2
IndusInd Bank opens IFSC banking unit at GIFT city,__label__2
"Microfinance, non-vehicle loan book to drive growth: IndusInd",__label__2
Here are a few investment ideas from Prakash Diwan,__label__2
Institution of high growth to continue in IndusInd bank: IIFL,__label__2
"IndusInd Bank Q1 profit soars 26% on strong NII, other income",__label__2
IndusInd: Q4 forecast and why it is IDBI Cap's top pvt bank pick,__label__2
IndusInd Bank Q1 net seen up 27% at Rs 666.8 cr: KR Choksey,__label__2
Here are a few stock ideas from Ambareesh Baliga,__label__2
"Buy HDIL, LIC Housing Finance, IndusInd Bank: Hemant Thukral",__label__2
IndusInd Bank Q1 profit seen up 24% at Rs 654 cr: Poll,__label__2
"Pick IndusInd Bank on correction, says Sanjiv Bhasin",__label__2
"Hold IndusInd Bank, may test Rs 1145: Gaurang Shah",__label__2
Book some profits in IndusInd Bank: Nooresh Merani,__label__2
"Buy IndusInd Bank, YES Bank, M&M Financial: Ashwani Gujral",__label__2
"Buy IndusInd Bank, Aban Offshore; sell Aurobindo Pharma: Gujral",__label__1
Here are Sanjiv Bhasin's top trading ideas,__label__1
"Buy IDBI Bank, Apollo Hospitals; sell IndusInd Bank: Gujral",__label__2
"Buy Strides Shasun, Axis Bank, Reliance Industries: Gujral",__label__1
"IndusInd Bank's asset quality strong, but concerns remain: CLSA",__label__1
"Buy Infosys; IndusInd Bank may hit Rs 1125, NTPC Rs 155: Gaba",__label__2
7th Pay hike may raise consumption to 8%: Stocks you can buy now,__label__2
"Exit Rana Sugars, prefer private sector banks: Gaurang Shah",__label__2
"Buy IndusInd Bank, JSW Energy, Bharat Forge: Ashwani Gujral",__label__2
"Buy IndusInd Bank, M&M Financial, ITC; sell HCL Tech: Gujral",__label__2
"Buy DLF, Tata Motors, Dabur, Aurobindo Pharma: Ashwani Gujral",__label__2
Best buys: Which stocks are brokerages backing after Brexit,__label__1
"IndusInd Bank's Q1 results on July 11, 2016",__label__1
"Buy Manappuram Fin, Repco Home; sell IndusInd Bank: Gujral",__label__1
"Exit UCO Bank, says Ashu Madan",__label__1
"Sell IndusInd Bank; buy Dr Reddy's Labs, Dish TV: Gaurav Bissa",__label__1
"Buy YES Bank, IndusInd Bank, HDFC Bank on dips: Ashwani Gujral",__label__1
"Prefer IndusInd Bank, YES Bank, Kotak Bank: Dipan Mehta",__label__1
"Buy Kesoram Industries, NIIT Technologies: Ashwani Gujral",__label__1
"Buy McLeod Russel, UPL; sell HDIL: Ashwani Gujral",__label__1
"IndusInd Bank's AGM on July 01, 2016",__label__1
"Tata Motors top pick, may test Rs 510: Ajay Bodke",__label__1
New NPAs to decline 40% in FY17; prefer private sector banks: MS,__label__1
Why Prabhudas Lilladher is bullish on these stocks,__label__2
"Buy HDFC, Axis Bank, IndusInd Bank, Maruti Suzuki: Gujral",__label__2
Buy bajaj Finance on dips: Ashwani Gujral,__label__2
"SP Tulsian€™s views on Godrej Cons, Coal India & pvt, PSU banks",__label__1
"Focus on HDFC, HDFC Bank, HUL, ITC: Sudarshan Sukhani",__label__1
"Exit Dhanlaxmi Bank, says Sharmila Joshi",__label__1
HDFC among world's top 10 consumer financial services company,__label__1
"Buy Strides Shasun, Indiabulls Housing, Siemens: Ashwani Gujral",__label__2
"Buy YES Bank, IndusInd Bank on dips, GAIL may hit Rs 425: Gujral",__label__2
"Buy YES Bank, IndusInd Bank, Petronet LNG: Ashwani Gujral",__label__2
Lohia Auto Industries signs MoU with Induslnd Bank,__label__2
"Buy IndusInd Bank, Havells India, Axis Bank: Ashwani Gujral",__label__2
Induslnd Bank and Reliance General Insurance tie up for distribution of insurance products,__label__1
"Sell IndusInd Bank, Indiabulls Housing; buy GATI: Ashwani Gujral",__label__1
HMSI teams up with IndusInd Bank for two-wheeler financing,__label__1
Honda inks national 2Wheeler retail finance MoU with IndusInd Bank,__label__1
"Buy GAIL India, BPCL, ONGC, enter IT stocks: Ashwani Gujral",__label__2
"Buy Ajanta Pharma, IndusInd Bank, Arvind: Chandan Taparia",__label__2
"Buy HDFC Bank, ITC on dips; SpiceJet may hit Rs 90: Prakash Gaba",__label__2
"Buy Bharti Airtel, HDIL, Ajanta Pharma: Ashwani Gujral",__label__2
"Buy IndusInd Bank, JSW Steel: Ashwani Gujral",__label__1
"Cautious banks; no cheer seen on interest rates, NPAs: JP Morgan",__label__1
Mauritius Treaty fallout:Companies with most exposure to p-notes,__label__1
"Hold IndusInd Bank, Kotak Bank: Mayuresh Joshi",__label__1
"Buy Axis Bank, YES Bank, IndusInd Bank: Sudarshan Sukhani",__label__1
"Buy Kotak Bank, Lloyd Electric may test Rs 273: Prakash Gaba",__label__1
"Buy Hero MotoCorp, IndusInd Bank on dips: Sudarshan Sukhani",__label__1
"Buy YES Bank, HDFC may test Rs 1320 in long term: Ashwani Gujral",__label__2
"Buy IndusInd Bank, LIC Housing Finance: Sandeep Wagle",__label__2
"Short Divis Lab, buy IndusInd Bank: Rahul Shah",__label__2
"Short Just Dial; buy IndusInd Bank, NTPC, Arvind: Ashwani Gujral",__label__2
"Buy Union Bank, Karnataka Bank, Havells: Ashwani Gujral",__label__2
IndusInd Bank inaugurates a new branch at Kolkata,__label__2
"Buy L&T, Havells; sell IndusInd Bank: Ashwani Gujral",__label__2
"Bull's Eye: Buy Bata, HDFC, Havells; sell Dish TV, Hind Zinc",__label__2
"Prefer YES Bank, IndusInd Bank, HDFC Bank: Anand Tandon",__label__1
"Buy IndusInd Bank, Ashok Leyland: Rahul Shah",__label__1
"Look at HDFC, IndusInd Bank, YES Bank: Harendra Kumar",__label__1
"'See single-digit FY17 profit growth, high slippages for ICICI'",__label__1
"Bullish on YES Bank, IndusInd Bank, HDFC Bank: Hemant Thukral",__label__1
"Buy Maruti Suzuki, YES Bank, Axis Bank on dips: Ashwani Gujral",__label__1
"Buy SPARC, Idea Cellular; sell UPL: Ashwani Gujral",__label__2
Go long in IndusInd Bank 1020 Call: Navneet Daga,__label__2
Hold IndusInd Bank; target of Rs 1060: ICICI Direct,__label__2
Slight NPA increase for IndusInd acceptable: Analysts,__label__2
IndusInd Bank Q4 net up 25% at Rs 620 cr; NPA rises slightly,__label__2
IndusInd Bank recommends dividend,__label__2
"IndusInd Bank Q4 profit seen up 27%, loan growth may be healthy",__label__2
"Buy Petronet LNG, Amara Raja: Ashwani Gujral",__label__1
"Buy GAIL India, TVS Motor may hit Rs 335: Prakash Gaba",__label__1
"Buy IndusInd Bank, Bajaj Auto, Hero MotoCorp: Sudarshan Sukhani",__label__2
"Buy Infosys, Idea, IndusInd Bank: Ashwani Gujral",__label__2
"Buy IndusInd Bank, HDFC Bank; see better Q4 numbers: Ajay Bodke",__label__2
"Sell Maruti Suzuki, IndusInd Bank; buy UPL: Ashwani Gujral",__label__1
"Buy TCS, IndusInd Bank, BPCL: Sudarshan Sukhani",__label__1
"Add Power Grid to portfolio, says Parag Thakkar",__label__1
"IndusInd Bank may test Rs 965, HDFC Bank Rs 1075: Prakash Gaba",__label__2
"Buy IndusInd Bank, Reliance Industries: Sudarshan Sukhani",__label__2
6 stocks likely to see lot of action today,__label__2
"Short L&T, IndusInd Bank; go long in Kotak Bank: Siddarth Bhamre",__label__2
Ashok Leyland sells stake worth Rs 299 crore in IndusInd Bank,__label__2
"Positive on RIL; prefer Axis Bank, IndusInd Bank: Rahul Mohindar",__label__2
"Pick IndusInd Bank, says Ashish Kyal",__label__2
"Buy DHFL 170 Put, sell IndusInd Bank: Gaurav Bissa",__label__2
"Sell IndusInd Bank, Lupin; buy Bharat Forge: Ashwani Gujral",__label__2
"Like YES Bank, HDFC Bank, IndusInd Bank, Kotak Bank: Irani",__label__1
Super Six stocks you can bet on March 15,__label__1
"Buy Cairn India; sell BEL, IndusInd Bank: Ashwani Gujral",__label__2
"Buy Havells India, ICICI Bank, IndusInd Bank: Ashwani Gujral",__label__2
"Remain invested in SBI, says Ashish Kyal",__label__2
"ICICI Bank looks weak, sell Motherson Sumi: Rajat Bose",__label__2
"Pick Aurobindo Pharma, Tech Mahindra: Prakash Gaba",__label__1
Super 6 trading stocks for short term gain,__label__1
"Buy IndusInd Bank, Rel Infra, Ashok Leyland: Ashwani Gujral",__label__1
"Buy PSU banks, Tata Steel, Hindalco: Sudarshan Sukhani",__label__2
Indusind Bank opens new branch in Indore,__label__1
"IndusInd Bank may test Rs 850, TCS Rs 2125: Prakash Gaba",__label__1
"Pick Asian Paints, Britannia; like YES Bank, HDFC Bank: Emkay",__label__2
"Post Q3, CLSA underweight on PSUs; sees value in private banks",__label__2
"Sell Asian Paints, Wockhardt; buy HUL, IndusInd Bank: Gujral",__label__1
"Buy Siemens, IndusInd Bank, HCL Tech: Chandan Taparia",__label__2
"Buy Sun Pharma, Cairn, Tata Steel, BoB, Torrent Pharma: Gujral",__label__2
"Sell IndusInd Bank, Bank of India: Sudarshan Sukhani",__label__1
"Buy NTPC, Ceat, IndusInd Bank: Chandan Taparia",__label__2
"Sell BPCL; buy SBI, Axis Bank on dips: Ashwani Gujral",__label__2
"Bull's Eye: Buy SKS Micro, Bharat Forge, Havells, Marico, IOC",__label__2
"Sell Cipla, Tata Global Beverage: Rajat Bose",__label__1
Buy Pidilite Industries; short IndusInd Bank: Rahul Mohindar,__label__2
"Sell ITC, Tata Motors; LIC Housing may test Rs 409: Rajat Bose",__label__2
IndusInd Bank may test Rs 865: Amit Gupta,__label__1
"PSU banks, complete avoid; positive on SKS Micro: Dipan Mehta",__label__2
IndusInd Bank sponsored Level 1 American Depository Receipt Programme,__label__2
"Prefer Karur Vysya Bank, IndusInd Bank: Jai Bala",__label__2
6 stocks likely to see lot of action today,__label__2
"Like HDFC Bank over Kotak Mahindra Bank, says Mayuresh Joshi",__label__2
Exit IDFC Bank at around Rs 48: Vishal Malkan,__label__2
"Buy IndusInd Bank; target of Rs 1,080: Axis Securities",__label__2
"Buy IndusInd Bank; target of Rs 1,125: Religare",__label__2
Asian Paints may test Rs 926: Amit Gupta,__label__2
Buy Indusind Bank; target of Rs 1150:Motilal Oswal,__label__1
"Buy HDFC Bank, IndusInd Bank, Kotak Bank: Sudip Bandopadhyay",__label__1
Hold Indusind Bank; target of Rs 1000: ICICIdirect,__label__1
Buy Indusind Bank; target of Rs 1203: KRChoksey,__label__1
Buy Indusind Bank; target of Rs 1050: Prabhudas Lilladher,__label__1
Buy Indusind Bank; target of Rs 1050: Edelweiss,__label__1
"Bull's Eye: Buy HDIL, IndusInd Bank, Arvind; sell IFCI, CESC",__label__1
IndusInd Bank: Outcome of board meeting ,__label__2
Reliance Industries may test Rs 1210-1220: Prakash Diwan,__label__2
Expect margin expansion; 25-30% loan growth ahead: IndusInd,__label__2
"IndusInd Bank, PayU India tie-up for digital banking services",__label__1
Buy IndusInd Bank on correction: Dipan Mehta,__label__1
"Buy Federal Bank, cautious on IndusInd Bank: SP Tulsian",__label__1
Prefer private sector banks: Mayuresh Joshi,__label__1
"IndusInd Bank Q3 profit rises 30% to Rs 581 cr, provisions high",__label__1
"IndusInd Bank Q3 profit seen up 23%, NII growth may be 30%",__label__1
"Short ICICI Bank, target Rs 236, like SBI: Rajat Bose",__label__1
"Infosys, TCS may move up; buy IndusInd Bank: Rahul Mohindar",__label__2
"Buy Infosys, cautious on IT, avoid PSU banks: Sudip Bandopadhyay",__label__1
"Short SBI, IndusInd Bank; positive on HDFC Bank: Harchekar",__label__1
"IndusInd Bank Q3 results on Jan 12, 2016",__label__1
Like private banks; SBI top pick: R Sreesankar,__label__1
"IndusInd Bank looks strong, may test Rs 1000: Hemant Thukral",__label__1
Buy IndusInd Bank; sell BPCL: Prakash Gaba,__label__1
"Go long in IndusInd Bank, says Aditya Agarwal",__label__2
Short Bank of India; buy IndusInd Bank: Sukhani,__label__2
Top chart picks for December 28,__label__2
"Pick Kotak Mah Bank, IndusInd Bank: SP Tulsian",__label__2
IndusInd Bank may touch Rs 970: Rahul Mohindar,__label__2
Sell Bank of India; prefer IndusInd Bank: Pankaj Jain,__label__2
Bank of Baroda may slip to Rs 152-155: Rajat Bose,__label__1
"Buy IndusInd Bank, SBI may test Rs 265: Rahul Mohindar",__label__1
"Sell Axis Bank, target Rs 425.50: Rajat Bose",__label__1
Dilip Shanghvi to make open offer to buy 26% Suzlon stake,__label__2
"Despite gloom over NPAs, these banks could be good bargains",__label__2
IndusInd Bank opens a new branch in Indore,__label__1
Prakash Gaba's stock picks that can fetch handsome returns,__label__2
"Sell IDFC on rallies, says Pankaj Jain",__label__1
"IndusInd Bank, HDFC Bank, SKS Micro top bets: Rahul Arora",__label__2
"Buy IndusInd Bank on dips, says Sameet Chavan",__label__2
"IndusInd Bank good pick, target Rs 953-960: Thukral",__label__2
Buy IndusInd Bank; target Rs 978: Sameet Chavan,__label__2
Super Six stocks that can boost your portfolio on Nov 23,__label__2
"Buy IndusInd Bank, Bata India: Manas Jaiswal",__label__2
"Buy YES Bank 740 Put, IndusInd Bank 800 Put: VK Sharma",__label__1
15 quality stocks for Samvat 2072: AB Money,__label__1
Eyeing for gains post tie-ups with payment banks: IndusInd,__label__1
"Bull's Eye: Sell Dr Reddy's, JSW Energy, Ceat, buy BoI",__label__1
"Buy Motherson Sumi Systems, IndusInd Bank: Hemen Kapadia",__label__2
"Buy Coal India; sell IndusInd Bank, JSW Steel: Sukhani",__label__2
Diwali shopping list of 12 stocks by Sharekhan,__label__2
IFSC at GIFT City begins operations with Yes Bank launch,__label__1
"Axis Bank may test Rs 530-535, says Hemant Thukral",__label__1
"Exit Tata Steel on rally, like IndusInd Bank: Rakesh Bansal",__label__2
AB Money 'Neurtal' on IndusInd Bank; target of Rs 1010,__label__2
"Money laundering scam: ICICI, OBC, Axis Bank in ED's net",__label__1
Buy IndusInd Bank; target of Rs 1060: Firstcall,__label__1
Buy IndusInd Bank; target of Rs 1060: Firstcall research,__label__2
Accumulate IndusInd Bank; target of Rs 1070: P Lilladher,__label__2
Buy Indusind Bank; target of Rs 1050: ICICIdirect,__label__2
Hold Indusind Bank; target of Rs 1020: Edelweiss,__label__2
Buy IndusInd Bank; target of Rs 1175: Reliance Securities,__label__2
"Like pharma, consumer stocks: Gautam Sinha Roy",__label__2
Six in 60: Six stocks one needs to keep an eye on,__label__2
"Buy NBCC; sell Maruti, IndusInd Bank: Rajat Bose",__label__2
"IndusInd Bank Q2 beats estimates; profit, NII jump over 30%",__label__2
Positive on IndusInd Bank: Deven Choksey,__label__2
Positive on private sector banks: Nischal Maheshwari,__label__2
"IndusInd Bank Q2 profit, NII growth may be over 26%: Poll",__label__1
"Keep SBI, ICICI Bank, HDFC Bank in portfolio: R Sreesankar",__label__2
"NCDEX, Kotak Mahindra Bk pact to provide commodities loans",__label__2
Buy IndusInd Bank 940 Put: Gaurav Bissa,__label__2
Indusind Bank inaugurates a new branch at Jamshedpur,__label__2
"SBI, HDFC Bank, ICICI Bank have upside potential: Sukhani",__label__2
"IndusInd Bank's Q2 results on Oct 09, 2015",__label__2
"Exit SBI, invest in IndusInd Bank: Vishal Malkan",__label__2
Accumulate IndusInd Bank; target of Rs 1080: Emkay,__label__1
"Lupin, Infosys, IndusInd Bank look interesting: MOST",__label__1
"Prefer HDFC Bank, Dalmia Bharat: Mehraboon Irani",__label__1
"Buy IndusInd Bank 920 Call, BoB 185 Call: VK Sharma",__label__2
"HDFC Bank, Infosys top picks; like L&T, IOC: R Sreeshankar",__label__1
"Prefer Bank of Baroda, IndusInd Bank: Meghana Malkan",__label__2
"Buy HDFC Bank, IndusInd Bank: Sahil Kapoor",__label__2
Foreign investors can buy more shares in IndusInd Bank,__label__1
IndusInd Bank: Updates on outcome of AGM,__label__2
"Buy HDFC Bank, HDFC, Kotak Bank: Mehraboon Irani",__label__2
"HDFC Bank, ICICI Bank, SBI top picks: R Sreesankar",__label__2
"Buy IndusInd Bank, target Rs 930: Sahil Kapoor",__label__2
Moving towards marginal cost of funding: IndusInd Bk,__label__2
Prefer IndusInd Bank for long term: Parag Thakkar,__label__1
"Sell Arvind, IndusInd Bank; buy Indraprastha Gas: Sukhani",__label__2
"Short IndusInd Bank, can move lower to Rs 800-820: MOST",__label__1
"Sell IndusInd Bank, target Rs 770: Shubham Agarwal",__label__1
"Buy YES Bank, IndusInd Bank, ICICI Bank on dips: Elara Cap",__label__1
"Buy YES Bank, IndusInd Bank; like ICICI Bank: Devang Mehta",__label__1
"Pick IndusInd Bank, expect move to Rs 1070: ICICIdirect",__label__1
"Buy JK Tyre, IndusInd Bank: Kunal Bothra",__label__2
"Hold Kotak Mahindra Bank, IndusInd Bank: Rahul Mohindar",__label__2
Buy ITC; sell IndusInd Bank: Sameet Chavan,__label__2
6 stocks likely to see lot of action today,__label__2
IndusInd raises Rs 753 crore through preferential issue,__label__2
"IndusInd Bk raises Rs 5,081-cr via QIP, preferential issue",__label__2
Super Six trading bets that can fetch you handsome returns,__label__2
IndusInd Bank allots shares worth Rs 753 crore,__label__2
IndusInd Bank receives RBI approval to set up IFSC banking unit,__label__2
Experts see Rs 370 as fair value for ICICI Bank,__label__1
"Buy Tata Chemicals Aug futures, advises Krish Subramanyam",__label__1
"Buy IndusInd Bank 980 Call, sell 1020 Call: VK Sharma",__label__1
"IndusInd Bank's AGM on August 17, 2015",__label__1
"Buy IndusInd Bank, expect move towards Rs 1000: ICICIdirect",__label__1
"HDFC Bank, IndusInd better play in banking space: Sabharwal",__label__1
"Buy L&T on correction, look at Tata Motors: Dilip Bhat",__label__2
IndusInd completes acquisition of RBS bullion financing biz,__label__1
"Overweight on pharma, private sector banks: Dipan Mehta",__label__1
IndusInd completes acquisition of RBS bullion financing biz,__label__1
Indusind Bank acquires Royal Bank of Scotland's Diamond & Jewellery Financing biz,__label__1
"Go long in IndusInd Bank, may test Rs 1020: Uttekar",__label__1
Focus on private sector banks: Dipan Mehta,__label__1
Hold IndusInd Bank; target of Rs 976: Arihant capital,__label__2
Buy IndusInd Bank; target of Rs 1100: KRChoksey,__label__2
Buy IndusInd Bank; target of Rs 1050: ICICIdirect,__label__1
Buy IndusInd Bank; target of Rs 1200: Religare,__label__1
Accumulate IndusInd Bank; target of Rs 1050: P Lilladher,__label__1
Accumulate IndusInd Bank; target of Rs 1050: Emkay,__label__2
IndusInd Bank top pick: R Sreesankar,__label__2
Loan growth at 23%; Q1 net slippages at Rs 7 cr: IndusInd,__label__2
Look at HDFC Bank: Anand Tandon,__label__2
Like DCB Bank; Axis Bank can outperform: Rahul Mohindar,__label__2
"IndusInd Bank Q1 net up 25% at Rs 525 cr, NII gains 22%",__label__2
Harendra Kumar neutral on IndusInd Bank,__label__2
"IndusInd Bank Q1 NIM, asset quality seen stable; NII up 22%",__label__2
"Remain invested in Voltas, says Gaurang Shah",__label__2
Use dips to enter IndusInd Bank: Rahul Mohindar,__label__1
Super Six trading ideas for the day,__label__1
"IndusInd Bank Q1 results on July 13, 2015",__label__1
IndusInd Bank-RBS deal gets Competition Commission nod,__label__1
"Buy IndusInd Bank, BPCL, HUL, Kotak Bank: Hathiramani",__label__1
"Prefer HDFC Bank, Axis Bank, IndusInd Bank: Baliga",__label__1
"Bharti Airtel may hit Rs 500, Idea Cellular Rs 230: Shah",__label__1
"TS Harihar negative on PSU banks, positive on private banks",__label__2
"Look at Pidilite Industries, Kotak Bank: Saurabh Mukherjea",__label__2
"Buy TVS Motor, Century Textiles, SBI: Sudarshan Sukhani",__label__2
"Private sector banks top pick, avoid PSU banks: Dipan Mehta",__label__2
Lakshmi Vilas Bank raises deposit rates by 1%,__label__2
IndusInd Bank promoters to retain stake at 15% post QIP,__label__1
"Sell IndusInd Bank, Bharat Heavy Electricals: Rajat Bose",__label__1
"Short IndusInd Bank, Allahabad Bank: Ashish Chaturmohta",__label__2
Indusind Bk in talks with banks for $750 m share sale: Srcs,__label__2
"Buy IndusInd Bank, says Mehraboon Irani",__label__1
"Prefer IndusInd Bank, HDFC Bank: Ambareesh Baliga",__label__1
Short IndusInd Bank; target Rs 810-815: Hemant Thukral,__label__1
R Seshasayee replaces KV Kamath as Infosys Chairman,__label__1
"Sell IndusInd Bank, target Rs 760: Shubham Agarwal",__label__1
Look at Kotak Mahindra Bank: CK Narayan,__label__2
"Look at HDFC Bank, DCB Bank: Ambareesh Baliga",__label__2
"Buy Voltas, pick YES Bank, look at BHEL, HDIL: CK Narayan",__label__1
Prefer private sector banks: Gaurang Shah,__label__2
"Exit IDBI Bank, prefer ICICI Bank: Gaurang Shah",__label__2
Go long in IndusInd Bank 840 Put: Gaurav Bissa,__label__1
"IndusInd Bank, Worldpay ink pact to offer services in India",__label__2
"Prefer Axis Bank, IndusInd Bank: Gaurang Shah",__label__2
"Short BHEL, IndusInd Bank: Ashish Chaturmohta",__label__2
"Look at PNB, IndusInd Bank: Mehraboon Irani",__label__2
Prefer private banks: Devang Mehta,__label__2
Accumulate IndusInd Bank; target of Rs 960: Sushil Finance,__label__2
Prefer private sector banks over PSU banks: Baliga,__label__2
Hold IndusInd Bank; target of Rs 984: Emkay,__label__2
"Prefer Axis Bank, IndusInd Bank: Parag Thakkar",__label__2
"Sell IndusInd Bank, advises Sudarshan Sukhani",__label__2
"Buy IT stocks on dips, says Parag Thakkar",__label__2
"Hold IndusInd Bank, says Mahantesh Sabarad",__label__2
"Prefer IndusInd Bank, says Mehraboon Irani",__label__2
IndusInd Bank: Updates on outcome of board meeting,__label__2
Indusind Bank appoints Yashodhan M. Kale as additional director,__label__2
IndusInd€™s Q4 in line; CV book guidance key: Nirmal Bang,__label__2
"IndusInd Bank Q4 profit jumps 25%, asset quality improves",__label__2
IndusInd Bank recommends dividend of Rs 4 per share,__label__2
DCB Bank may hit Rs 148 in 2-3 months: Ambareesh Baliga,__label__2
IndusInd Bank Q4 profit seen up 25.8% to Rs 498 cr: Poll,__label__2
Buy IndusInd Bank; target of Rs 1110: ICICIdirect,__label__2
To buy RBS unit; acquisition to be EPS-accretive: IndusInd,__label__2
Indusind Bank to acquire Royal Bank of Scotland's Diamond & Jewellery Financing biz in India,__label__2
IndusInd Bank may hit Rs 900-910: Kunal Bothra,__label__2
"Short IndusInd Bank, says Sudarshan Sukhani",__label__1
Go long in IndusInd Bank: Rahul Mohindar,__label__1
Look at IndusInd Bank: Rahul Mohindar,__label__2
Here are top 10 stocks to keep an eye on March 13,__label__2
"IndusInd Bank expands presence across Chandigarh, Panipat and Mohali",__label__2
"Prefer Axis Bank, HDFC Bank, YES Bank, IndusInd Bank: Bhat",__label__2
Look at private sector banks: Parag Thakkar,__label__2
"Pick IndusInd Bank, Kotak Mahindra Bank: CK Narayan",__label__2
"Buy IndusInd Bank, UCO Bank: Manas Jaiswal",__label__2
"IndusInd Bank to raise upto Rs 2,000cr via bonds and NCD",__label__1
To invest over $1.5bn in India over 5 yrs: General Atlantic,__label__2
"Buy IndusInd Bank, says Sudarshan Sukhani",__label__2
"Axis Bank, IndusInd Bank, Kotak Bank top picks: Thakkar",__label__2
"Exit PNB, look at ICICI Bank: Gaurang Shah",__label__2
"Buy Axis Bank, DCB Bank on declines: Ambareesh Baliga",__label__2
"Prefer Axis Bank, SBI, KPIT Tech: Parag Thakkar",__label__2
Expect upside in IndusInd Bank: Sudarshan Sukhani,__label__2
"IndusInd Bank may breakout, says Sudarshan Sukhani",__label__2
Indusind Bank appoints Ranbir Singh Butola as additional director,__label__2
Q4 to outdo Q3; see rate cut post Budget: IndusInd Bank,__label__2
"IndusInd Q3 in line, maintain buy on stock: ICICI Direct",__label__2
"IndusInd Bank meets forecast, profit up 29% at Rs 447 cr",__label__2
IndusInd Bank Q3 PAT seen up 30% at Rs 451cr: Motilal Oswal,__label__2
IndusInd Bank Q3 profit seen up 27% to Rs 443 cr: Poll,__label__1
"Buy Jubilant Foodworks, IndusInd Bank: Sudarshan Sukhani",__label__1
"Q3 Preview: PSU banks will see treasury gains, says UBS",__label__1
"Prefer Axis Bank, PNB: Harendra Kumar",__label__1
"Prefer HDFC Bank, IndusInd: Rahul Mohindar",__label__2
"Buy Arvind, IndusInd Bank, Sun Pharma: Sukhani",__label__2
"IndusInd Bank Q3 results on Jan 13, 2015",__label__2
IndusInd Bank re-appoints Romesh Sobti as MD & CEO ,__label__2
Buy IndusInd Bank on breakout: Sudarshan Sukhani,__label__2
"Buy IndusInd Bank, Canara Bank; sell Wipro: Rahul Mohindar",__label__1
Prefer Asian Paints for long term: Sudarshan Sukhani,__label__1
IndusInd Bank expands presence across Punjab,__label__2
"Prefer Kotak Mahindra Bank, Emami: Rajesh Agarwal",__label__2
IndusInd Bank top pick; sell Syndicate Bank: Rahul Arora,__label__1
"Buy Federal Bank, IndusInd Bank: Parag Thakkar",__label__1
Accumulate IndusInd Bank; target of Rs 750: ABMoney,__label__1
"Pick IndusInd Bank, says Parag Thakkar",__label__2
"Prefer YES Bank, Bank of Baroda: Mayuresh Joshi",__label__2
Hold IndusInd Bank; target of Rs 750: Sushil Finance,__label__2
"Buy IndusInd Bank, Federal Bank on dips: Parag Thakkar",__label__2
IndusInd Bank's director Ajay Hinduja resigns,__label__2
'YES Bank posted strong Q2 nos; accumulate on stock',__label__2
IndusInd Bank may test Rs 710: Rahul Shah,__label__2
"Hold IndusInd Bank, advises Kunal Bothra",__label__1
IndusInd Bank may touch Rs 660-670: Kunal Bothra,__label__1
"Buy IndusInd Bank, Tata Chemicals: Kunal Bothra",__label__1
"Buy IndusInd Bank, UPL, LIC Housing Finance: Kunal Saraogi",__label__1
"Bull's Eye: Buy Glenmark, HPCL, Sintex, IndusInd Bank",__label__1
Hold IndusInd Bank; tgt of Rs 685: Arihant capital market,__label__2
Buy IndusInd Bank; target of Rs 715: KRChoksey,__label__2
Buy IndusInd Bank; target of Rs 714: ICICIdirect,__label__2
"Buy Tata Power, REC, IndusInd Bank: Sudarshan Sukhani",__label__2
Accumulate IndusInd Bank; target of Rs 690: PLilladher,__label__2
Hold IndusInd Bank; target of Rs 650: Emkay,__label__2
"Buy IndusInd Bank, advises Sudarshan Sukhani",__label__2
Buy IndusInd Bank at target of Rs 714: ICICI Direct,__label__1
"Buy IndusInd Bank, advises Sudarshan Sukhani",__label__1
IndusInd Bank Q2 profit up 30% to Rs 430 cr on other income,__label__1
"YES Bank, IndusInd to post good Q2 results: Edelweiss",__label__1
IndusInd Bank Q2 profit may jump 25% to Rs 412 cr: Poll,__label__1
IndusInd Bank Q2 PAT seen up 30% at Rs 430 cr: KR Choksey,__label__1
IndusInd Bank Q2 PAT may rise 30.6% at Rs 431.4 cr: MOST,__label__1
Accumulate IndusInd Bank; target of Rs 625: PLilladher,__label__1
Why PSBs may bridge valuation gap with private banks,__label__1
"Buy Tata Motors, IndusInd Bank: Manas Jaiswal",__label__1
Hold IndusInd Bank: target of Rs 650: Emkay,__label__2
"Expect better Q2, CV loan demand to pick up in Q4: IndusInd",__label__2
Dipan Mehta neutral on banking space,__label__2
"Expect lower levels in YES Bank, IndusInd Bank: Sukhani",__label__1
Indusind Bank opens new branch in Mira Road in Thane District,__label__2
Indusind Bank opens new branch at New Delhi,__label__2
"Bull's Eye: Tata Global, LIC Housing, Sarda Energy",__label__2
Buy bank stocks on dips: Parag Thakkar,__label__2
Buy IndusInd Bank; target Rs 620: Kunal Saraogi,__label__2
Super Six trading stocks for short term gain,__label__2
Buy IndusInd Bank 570 Call: VK Sharma,__label__2
Super Six: Top chart picks for August 20,__label__2
Super Six short term picks for August 19,__label__2
Pick IndusInd Bank: Gopi Suvanam,__label__1
"Buy HDFC Bank, sell HDFC: Gopi Suvanam",__label__1
Indusind Bank expands presence across Thane district,__label__1
"Buy Century Textiles, M&M, IndusInd Bank: Sudarshan Sukhani",__label__1
Super Six stocks likely to see lot of action today,__label__1
"RBI penalises ICICI Bank, Canara Bank, Yes Bank & 9 others",__label__2
"Buy IndusInd Bank, Lakshmi Machine Works: Vishal Jajoo",__label__2
Super Six trading stocks for short term gain,__label__2
"Buy Godrej Industries, M&M, IndusInd Bank: Sukhani",__label__1
"Prefer Kotak Mahindra Bank, IndusInd Bank, HDFC Bank: Irani",__label__2
NIMs should improve on asset mix rebalance in H2: IndusInd,__label__1
"Sell IndusInd Bank, Bharat Forge, Arvind: Paras Bothra",__label__1
"Bull's Eye: Buy Bata, DHFL; short Titan, Aurobindo Pharma",__label__1
"Buy HDFC Bank, IndusInd Bank, HDFC: Mehraboon Irani",__label__2
Buy IndusInd Bank; target of Rs 700: Religare Capital,__label__2
Six in 60: Six stocks one needs to keep an eye on,__label__2
"IndusInd Bank meets forecast, Q1 net rises 26% to Rs 421 cr",__label__2
IndusInd Bank Q1 PAT seen up 25.3% to Rs 420 cr: Poll,__label__1
"Bull's Eye: Buy Indiabulls Real, ITI, Exide, Tata Comm",__label__2
"IndusInd Bank's Q1 results on July 09, 2014",__label__2
Indusind Bank inaugurates a branch in Solapur,__label__2
Induslnd Bank inaugurates a branch in Satara,__label__2
"Indusind Bank opens branch at CBD Belapur, Navi Mumbai",__label__2
IndusInd Bank launches tractor and farm equipment division for agri-finance,__label__2
IndusInd Bank unveils its third Currency Chest in Chennai,__label__2
IndusInd Bank may test Rs 610-620: Amit Gupta,__label__1
Buy IndusInd Bank; target of Rs 625: ICICIdirect.com,__label__2
"Buy Syndicate Bank, IndusInd: Kunal Saraogi",__label__2
"Bull's Eye: Buy IRB Infra, Kalpataru Power, Syndicate Bank",__label__2
IndusInd Bank fixes book closure for dividend & AGM,__label__1
Don't levy penalty on inoperative bank accounts: IndusInd,__label__1
"IndusInd Bank opens new branch at Varachha, Gujarat",__label__1
Accumulate IndusInd Bank; target of Rs 575: Sushil Finance,__label__2
Indusind Bank opens new branch at Jaipur,__label__2
Buy IndusInd Bank; target of Rs 550: Firstcall Research,__label__2
Buy IndusInd Bank; target of Rs 600: KRChoksey,__label__2
Buy IndusInd Bank; target of Rs 570: Motilal Oswal,__label__2
"Top 10 stocks: Focus on RIL, HCL, Bajaj Auto, USL",__label__2
Buy DCB Bank; positive on IndusInd Bank: Ambareesh Baliga,__label__2
Prefers private sector banks: Mayuresh Joshi,__label__1
"Short Canara Bank, BHEL: SP Tulsian",__label__1
"IndusInd Bank Q4 beats forecast, net up 29% on other income",__label__1
IndusInd Bank's Q4 PAT at Rs 396cr,__label__1
IndusInd Bank recommends dividend,__label__1
"Buy IndusInd Bank, advises Sudarshan Sukhani",__label__1
IndusInd Bank Q4 PAT seen up 13.5% to Rs 349 cr: Poll,__label__1
Checkout: Stocks that should be on your radar for April 16,__label__1
Buy IndusInd Bank 500 Put: VK Sharma,__label__1
Top 10 stocks to focus on April 11,__label__1
FIIs need RBI nod to buy further shares in IndusInd Bank,__label__2
"IndusInd Bank's FY14 results on April 16, 2014",__label__2
Indusind Bank appoints T. Anantha Narayanan as additional director,__label__2
IndusInd Bank may touch Rs 530-550: Sahil Kapoor,__label__1
Checkout how these top 10 stocks are fairing today,__label__2
Super Six stocks you can bet on March 14,__label__1
"Prefer Persistent, IndusInd Bank: Manishi Raychaudhuri",__label__1
"Banks to face near-term asset quality, margin woes: Experts",__label__1
"Bull's Eye: Buy EIL, HDIL, NCC, Havells; sell Biocon",__label__1
Ten stocks to watchout for as mkt hits new highs,__label__2
IndusInd Bank may move to Rs 430-435: Chandan Taparia,__label__2
SP Tulsian positive on private sector banks,__label__2
"Prefer YES Bank, IndusInd Bank: Ajay Srivastava",__label__1
"Buy IndusInd Bank, Voltas; sell SAIL: Kunal Saraogi",__label__2
"Bull's Eye: Buy Voltas, Godrej Properties, Allahabad Bank",__label__2
Super Six: Top chart picks for February 25,__label__2
Prefer IndusInd Bank: Sudarshan Sukhani,__label__2
"Indusind Bank relocates branch in Valsad, Gujarat",__label__2
"Buy IndusInd Bank, Crompton Greaves: Lancelot D Cunha",__label__2
"Bull's Eye: Buy Siemens, MphasiS, Financial Tech, KPIT Tech",__label__2
"Buy Motherson Sumi, BOI, IndusInd Bank: Dharmesh Kant",__label__2
"Buy IndusInd Bank, target of Rs 507: Rajiv Mehta",__label__2
IndusInd Bank: Updates on reappointment of MD & CEO,__label__2
"Sell YES Bank, IndusInd Bank: Sudarshan Sukhani",__label__1
Induslnd Bank relocates branch in Rajkot,__label__2
Buy IndusInd Bank; target of Rs 470: Firstcall Research,__label__2
"Sell IndusInd Bank, buy ICICI Bank: Gopi Suvanam",__label__1
"Prefer TCS, HCL Tech over Infosys: India Infoline",__label__2
IndusInd Bank may test Rs 380-385: Hemant Thukral,__label__2
"Buy IndusInd for long-term, recommends Quant Broking ",__label__2
Book profits in IndusInd Bank: Prakash Diwan,__label__2
IndusInd Q3 NPA jump sign of things to come?,__label__2
"Short IndusInd Bank, says SP Tulsian",__label__2
"IndusInd Bank Q3 beats forecast, net up 30% but NPA rises",__label__2
IndusInd Bank announces Q3 results; PAT at Rs 346.9cr,__label__2
IndusInd Bank Q3 PAT seen up 21% to Rs 328 cr: Poll,__label__2
Indusind Bank Q3 profit may beat estimates: StarMine,__label__2
IndusInd Bank Q3 PAT may rise 28% at Rs 344cr: ICICIdirect,__label__2
IndusInd Bank Q3 PAT seen up 19% at Rs 318.3cr: MOST,__label__2
"See mixed Q3 for banks; HDFC Bank, IndusInd top bets: UBS",__label__2
Why Equirus Securities is betting on these 8 stocks,__label__2
Hold IndusInd Bank; target of Rs 475: Sushil Finance,__label__1
Super Six buy/sell call for December 31,__label__1
"IndusInd Bank's Q3 results on Jan 10, 2014",__label__2
Accumulate IndusInd Bank; target of Rs 481: Emkay,__label__1
Ashok Leyland sells IndusInd Bank shares worth Rs 75 cr,__label__2
Short IndusInd Bank: Hemant Thukral,__label__1
"Short IndusInd Bank, advises Kunal Bothra",__label__1
IndusInd Bank may slip to Rs 415-416: SP Tulsian,__label__1
Check Out: Super Six stocks for December 12,__label__2
"Prefer Crompton Greaves, Exide, DCB, IndusInd Bank: Baliga",__label__2
IndusInd Bank opens new branch in Aliganj area of Lucknow,__label__2
"Prefer ICICI Bank, SBI, YES Bank: Sandip Sabharwal",__label__2
"Buy IndusInd Bank, advises Lancelot D'Chuna",__label__2
"Hold IndusInd Bank, says Vishal Malkan",__label__2
See 30% upside in IndusInd Bank: Siddharth Teli,__label__2
HDFC Bank top pick: Siddharth Teli,__label__2
"Sell IndusInd Bank, BOI, Exide; buy Dhampur Sugar: Jain",__label__2
"Bull's Eye: Buy Voltas, Amara Raja; short LIC Housing",__label__2
Super Six stocks you can bet on November 22,__label__2
"Buy Adani Enter, Sesa Sterlite; sell IndusInd Bank: Tulsian",__label__1
"Add SBI, Axis Bank, ICICI Bank in portfolio: Choksey",__label__2
Indusind Bank opens new branch in Lucknow,__label__2
"Sell IndusInd Bank, Reliance Infra, Andhra Bank: Tulsian",__label__1
6 trading bets for short term gain,__label__1
IndusInd Bank may slip to Rs 426: SP Tulsian,__label__1
"Buy IndusInd Bank, Motherson Sumi, Delta Corp: Jajoo",__label__1
"Bull's Eye: Buy Aurobindo, IndusInd Bank; short HDIL, Bata",__label__1
Buy IndusInd Bank: Sudarshan Sukhani,__label__2
"HDFC Bank top pick, BoB from PSU space Religare Cap Mkts",__label__2
"Buy IndusInd Bank, advises Sudarshan Sukhani",__label__2
6 trading stocks for short term gain,__label__2
"Prefer YES Bank, IndusInd Bank, says Kunal Bothra",__label__2
Buy IndusInd Bank; target Rs 460: ICICIdirect.com,__label__2
Buy IndusInd Bank; target Rs 535: Gautam Trivedi,__label__2
"Short IndusInd Bank, advises Shardul Kulkarni",__label__2
"Accumulate IndusInd Bank, says Mayuresh Joshi",__label__2
"Buy IndusInd; asset quality, NIMs good: Religare Cap",__label__2
Book some profits in IndusInd Bank: Phani Sekhar,__label__2
IndusInd Bank may touch Rs 445-450: Kunal Bothra,__label__2
Buy IndusInd with a target of Rs 550: SBICAP Sec,__label__2
"IndusInd Bank Q2 beats estimates, net up 32% to Rs 330 cr",__label__2
IndusInd Bank announces Q2 results; PAT up at Rs 330.23cr,__label__2
"Buy YES Bank, IndusInd Bank on dips: Nitin Jain",__label__2
IndusInd Bank Q2 NII likely to rise 32% at Rs 675 cr,__label__2
Buy IndusInd Bank: Sudarshan Sukhani,__label__2
IndusInd Bank Q2 net likely to rise 10% at Rs 300.5cr: MOST,__label__2
IndusInd Bank Q2 net may grow 25% at Rs 312cr: P Lilladher,__label__2
Induslnd Bank opens three new branches in Vadodara,__label__1
"Buy IndusInd Bank on dips, advises Ambareesh Baliga",__label__1
Induslnd Bank opens new branch in Lucknow,__label__1
"Prefer HDFC Bank, ICICI Bank: Dhananjay Sinha",__label__2
Prefer YES Bank & Axis Bank over IndusInd: SP Tulsian,__label__2
"IndusInd Bank's Q2 results on October 14, 2013",__label__2
"Prefer Axis Bank, YES Bank over IndusInd Bank: Tulsian",__label__2
"Buy YES Bank, IndusInd Bank: Sandeep J Shah",__label__1
"Prefer HDFC Bank, ICICI Bank: BNP Paribas Securities",__label__2
"IndusInd Bank's Q2 results on October 15, 2013",__label__2
See lower levels in IndusInd Bank: Sudarshan Sukhani,__label__2
"Expect 20% returns in HDFC Bank, IndusInd: UBS",__label__1
"Below Rs 394-395, IndusInd Bank may test Rs 375-380: Bothra",__label__1
IndusInd Bank may come down to Rs 400-405: SP Tulsian,__label__2
YES Bank may test Rs 440-450: SP Tulsian,__label__2
"Buy IndusInd Bank, advises Jitendra Panda",__label__2
Sell ICICI Bank above Rs 1000: Shardul Kulkarni,__label__1
"Pick YES Bank, Tata Motors, SBI: Deven Choksey",__label__1
6 trading stocks for short term gain,__label__1
"Do not buy Tata Steel, prefer Idea Cellular: SP Tulsian",__label__2
Book profits in Axis Bank: SP Tulsian,__label__2
Sudarshan Sukhani prefers IndusInd Bank,__label__2
"Buy IndusInd Bank, advises Sudarshan Sukhani",__label__2
6 stocks likely to see lot of action today,__label__2
"Sell IndusInd Bank, says Jitendra Panda",__label__1
Buy IndusInd Bank on dips; target Rs 375-380: Thukral,__label__1
"Buy IndusInd Bank, advises Shardul Kulkarni",__label__2
"SBI, Allahabad Bank, Yes Bank may rise 5-10%: SP Tulsian",__label__2
Go long on IndusInd Bank: SP Tulsian,__label__1
Hold IndusInd Bank; target Rs 417: Firstcall Research,__label__2
Induslnd Bank opens two new branches at Vadodara,__label__2
Indusind Bank accepts resignation of R. S. Sharma,__label__2
"Buy IndusInd Bank, says Amit Trivedi",__label__2
Buy ICICI Bank 860 Put: VK Sharma,__label__1
"Buy IndusInd Bank 420 Put, keep stoploss at Rs 10: Sharma",__label__2
IndusInd Bank expands reach across Patna; opens 2 new branches,__label__2
IndusInd Bank may slip to Rs 320-330: Sukhani,__label__1
IndusInd Bank: Updates on Outcome of AGM,__label__1
IndusInd Bank expands reach across NCR and UP; Opens new branch in Greater Noida,__label__1
Buy IndusInd Bank; sell Ashok Leyland: SP Tulsian,__label__1
Yes Bank sees corporate rivalry behind family feud,__label__2
Buy IndusInd Bank; target of Rs 540: P Lilladher,__label__2
"Expect stable NIMs, retail growth in FY14: IndusInd Bank",__label__2
Sell IndusInd Bank: Ajcon Global,__label__2
Sell IndusInd Bank: Sudarshan Sukhani,__label__2
PLilladher stock bets this Q1 earnings season,__label__2
Book partial profits in IndusInd Bank: Sanjeev Agarwal,__label__2
"Hold IndusInd Bank, says Jagannadham Thununguntla",__label__2
IndusInd Bank Q1 net rises 42% on other income and NII,__label__2
"Buy IndusInd Bank, says Sudarshan Sukhani",__label__2
IndusInd Bank Q1: Analysts see 34% PAT growth to Rs 315 cr,__label__2
"Short SBI, HDFC Bank: Gopi Suvanam",__label__1
Angel Q1FY14 Preview: Subdued revenues to weigh on earnings,__label__1
What is in new banking licence to attract companies?,__label__1
"IndusInd Bank Q1 results on July 10, 2013",__label__2
"Bank hopefuls stare down road fraught with cost, risks",__label__1
Buy IndusInd Bank on decline: Sudarshan Sukhani,__label__1
"Buy IndusInd Bank, Madras Cements; sell YES Bank: Experts",__label__1
Sell IndusInd Bank & Kotak Mahindra Bank: Sudarshan Sukhani,__label__2
"Sell IndusInd Bank, says Sukhani",__label__2
IndusInd Bank launches 22K gold inlay credit card ,__label__1
"Pick IndusInd Bank, Axis Bank: PN Vijay",__label__1
Super Six stocks you can bet on June 17,__label__2
"Short IndusInd Bank, advises Shardul Kulkarni",__label__2
"Short IndusInd Bank, says Sudarshan Sukhani",__label__1
"IndusInd Bank: AGM on June 28, 2013",__label__1
Fire breaks out at Induslnd Bank back office,__label__1
"Accumulate Axis Bank, HDFC Bank, IndusInd Bank: Bhatnagar",__label__1
"Induslnd Bank, American Express announce strategic partnership",__label__1
Check out: Top trading picks by market experts,__label__1
Exit IndusInd Bank around Rs 535: SP Tulsian,__label__2
"Yes Bank, IndusInd Bank look good: Gopi Suvanam",__label__2
Will policy shift to reverse repo lead to lending rate cuts,__label__2
"Short IndusInd Bank, says Sukhani",__label__2
How banks will benefit from bond yield fall: Moses Harding,__label__2
IndusInd Bank may slip to Rs 484: SP Tulsian,__label__2
"Avoid IndusInd Bank, says Sudarshan Sukhani",__label__1
"Lupin, IndusInd Bank, Yes Bank best bets: Malkan",__label__2
"PN Vijay bullish on HCL Tech, TCS, IndusInd & Yes Bank",__label__1
Wait for correction to enter in IndusInd Bank: Kulkarni,__label__1
Buy IndusInd Bank on dips: Sukhani,__label__1
"IndusInd Bank, Yes Bank good opportunities: Nitin Jain",__label__1
IndusInd Bank selects Calypso for full front-to-back office treasury solution,__label__2
Build short positions in IndusInd Bank: Sudarshan Sukhani,__label__2
"Sell IndusInd Bank, Titan Industries: SP Tulsian",__label__2
"Buy IndusInd Bank for long term, says PN Vijay",__label__1
"Cautious on RCom; bullish on ICICI Bank, IndusInd: PN Vijay",__label__1
Buy Unitech; sell IndusInd Bank: Sukhani,__label__2
Remain invested in IndusInd Bank: Sukhani,__label__2
Antique's 5 bets in rising market environment,__label__2
Vayalar upbeat on IndusInd Bank,__label__2
Buy IndusInd Bank; target of Rs 493: Firstcall Research,__label__2
Buy IndusInd Bank: Sukhani,__label__2
"Yes Bank, IndusInd Bank top picks: Dhirendra Tiwari",__label__2
Buy IndusInd Bank; target Rs 500: P Lilladher,__label__2
"Buy IndusInd Bank, says Ventura Securities",__label__2
No discernible trends in CV loans: IndusInd's Sobti,__label__2
IndusInd Bank has resistance around Rs 465-470: SP Tulsian,__label__2
"IndusInd Bank looks good, says Roy",__label__2
IndusInd Bank board recommends dividend,__label__2
"IndusInd Bank Q4 net rises 38%, shares hit 52-wk high",__label__2
IndusInd Bank a good bet: PN Vijay,__label__2
Key things to watch for IndusInd Bank Q3,__label__2
Banking sector results preview for Q4FY13: Motilal Oswal,__label__2
"Short Yes Bank, IndusInd Bank: Sukhani",__label__1
"Yes Bank, IndusInd Bank may underperform: Sukhani",__label__2
"Short Yes Bank, IndusInd Bank: Sukhani",__label__2
"IndusInd Bank FY13 results on April 18, 2013",__label__2
"Cost of funds down, net interest margin to expand: IndusInd",__label__2
"IndusInd Bank, NMDC mixed on inclusion in Nifty",__label__2
"NMDC, IndusInd Bank look attractive: Roy",__label__1
"See 6-8% gain in IndusInd Bank, NMDC: SP Tulsian",__label__1
"Buy ICICI Bank, IndusInd Bank: Vayalar",__label__2
Check out: Short term trading ideas by market experts,__label__2
"Sell IndusInd Bank, Punj Lloyd, Shree Renuka: Joshi",__label__2
"Bull's Eye: Buy Manappuram, NHPC; short HDIL, Punj Lloyd",__label__2
IndusInd Bank opens its second currency chest in New Delhi,__label__2
"HUL, Dr Reddys Laboratories likely to outperform: Sukhani",__label__1
Sell IndusInd Bank Mar Fut below Rs 423; tgt Rs 409: IIFL,__label__1
6 trading bets that can fetch you handsome returns,__label__2
"Buy HPCL, Idea, IndusInd Bank: Parag Doctor",__label__2
IndusInd Bank can retest Rs 445-450 in short term: Thukral,__label__2
"Short IndusInd Bank, says Sudarshan Sukhani",__label__1
"Buy HDFC, HDFC Bank, Sun Pharma, says Irani",__label__1
"Buy Alembic Pharmaceutical, Dishman Pharma, NHPC: Agarwal",__label__2
"Bull's eye: Buy IndusInd Bank, NHPC, SKS Micro, PFC",__label__2
6 trading bets that can fetch you handsome returns,__label__1
Check Out: Super Six stocks for March 4 ,__label__1
6 trading bets that can fetch you handsome returns,__label__2
Buy IndusInd Bank; target Rs 500: Motilal Oswal,__label__1
"Roy bullish on ICICI Bank, HDFC Bank, Yes Bank",__label__2
Super Six stocks you can bet on Feb 20,__label__2
Buy IndusInd Bank; target of Rs 625: Nirmal Bang,__label__1
"Hold IndusInd Bank, says Ashu Madan",__label__2
"Add Yes Bank, IndusInd Bank: Nitin Jain",__label__2
Check out: Trading ideas from 3 market experts,__label__2
Go long on IndusInd Bank with target of Rs 460: Thukral,__label__2
Super Six: Top chart picks for Jan 31,__label__2
"Buy IndusInd Bank, City Union Bank, Cummins: Kapur",__label__2
"Bull's eye: Buy SKS Micro, AB Nuvo; short Opto Circuits",__label__2
"Buy IndusInd Bank, Sun TV, Unitech: Kapur",__label__2
"Bull's eye: Buy PNB Gilts, Unitech, Century; short RComm",__label__2
"Buy IndusInd Bank, Berger Paints, Karnataka Bank: Kapur",__label__2
"Bull's eye: Buy Bajaj Finserv, Kingfisher, short HDIL",__label__2
"Sell IndusInd Bank, says Sukhani",__label__1
"Buy Yes Bank, IndusInd Bank, Axis Bank on dip: Sukhani",__label__2
Buy IndusInd Bank; target Rs 486: Firstcall Research,__label__2
Accumulate IndusInd Bank; tgt of Rs 461: Aditya Birla Money,__label__2
Buy IndusInd Bank; target of Rs 500: Motilal Oswal,__label__2
IndusInd eyes Q4 margin growth; expects 25-50bps rate cut ,__label__2
Banks asset quality concerns to persist in Q3FY13 results,__label__2
"IndusInd Bank Dec '12 NII at Rs 1,800.49 crore",__label__2
Stay invested in IndusInd Bank: Phani Sekhar,__label__2
Buy IndusInd Bank; target of Rs 480: Prabhudas Lilladher,__label__2
Private banks to post healthy earnings growth in Q3FY13,__label__2
Accumulate IndusInd Bank; target of Rs 494: KRChoksey,__label__2
Buy IndusInd Bank; target Rs 485: Nirmal Bang,__label__2
IndusInd up 2% post strong Q3 ; check broker price targets,__label__2
IndusInd Bank can move to Rs 450-460: SP Tulsian,__label__2
IndusInd Bank Q3 net up 30% on higher interest income,__label__2
IndusInd Bank Q3 PAT seen up 32% YoY to Rs 272 cr ,__label__2
"Book profit in IndusInd Bank, says Sukhani",__label__2
Buy Lakshmi Vilas Bank on correction: Sukhani,__label__2
RBI takes measures to revive corporate bond and CDS markets,__label__2
15 stock ideas for 2013: Nirmal Bang,__label__2
Super Six stocks you can bet on Jan 2,__label__2
Buy IndusInd Bank; may rally to Rs 445-450: Kulkarni,__label__2
Buy IndusInd Bank; target of Rs 500: Motilal Oswal,__label__2
IndusInd Bank gains 1.5% on Motilal Oswal buy report,__label__2
IndusInd Bank a market performer: SMC Global,__label__1
Hold IndusInd Bank: Angel Broking,__label__1
IndusInd bank promoter sells 46 lkh shares for Rs 196 crore,__label__2
"IndusInd Bank Q3 results on Jan 09, 2013",__label__1
"L&T Finance, Bajaj Finance rally post Banking Bill cleared",__label__1
Credo India Fund buys 19 lakh IndusInd Bank shares,__label__1
IndusInd Bank enhances its core banking system to Finacle 10.2 version,__label__1
Super Six short term picks for Dec 13,__label__1
"IndusInd Bank may rally to Rs 445-450, says Harchekar",__label__2
"IndusInd raises Rs 2,000 cr via QIP issue",__label__2
" Induslnd Bank raises Rs 2,000 crore",__label__2
IndusInd Bank falls 2% after Rs 2K cr QIP issue,__label__2
Credo buys 28.6 lk shares in IndusInd Bank for Rs 119 cr,__label__2
Indusind Bank allots share under stock option scheme,__label__2
IndusInd Bank to allot equity shares to QIBs,__label__2
6 intraday picks to make smart gains,__label__2
Buy IndusInd Bank; target of Rs 480: Nirmal Bang,__label__1
IndusInd Bank's QIB issue of Rs 2006 cr closes today,__label__2
IndusInd Bank QIP issue opens on Nov 26,__label__2
IndusInd Bank plans to raise USD 350-360mn via QIP,__label__2
IndusInd selling shares to raise up to $360m: Sources,__label__2
"IndusInd Bank, Maruti can see smart upmove: Parikh",__label__2
Buzzing Karnataka Bank: What lifts investors' mood,__label__2
"Buy IndusInd Bank, Escorts, Exide: Joshi",__label__2
"Bull's Eye: Hotel Leela, Rolta, Escorts; short Pantaloon",__label__2
"Vayalar positive on Jindal Steel, Hindalco, IndusInd Bank",__label__2
"Buy IndusInd Bank, SREI Infra, Infotech: Joshi",__label__2
UBS India overweight on private banks,__label__2
"Bull's Eye: Infotech Enterprises, Ashok Leyland, SREI Infra",__label__2
Buy IndusInd Bank with a target of Rs 418: Parikh,__label__2
Mahindra Financial Services raises Rs 867 cr via QIP,__label__2
Buy IndusInd Bank 380 Call: VK Sharma,__label__2
"IndusInd Bank allots 1,36,964 shares under ESOS",__label__2
"Banking Q2: UBS Securities' preview, review and picks",__label__1
ICICI Bank numbers may surprise the market: Tulsian,__label__2
6 trading stocks for short term gain,__label__2
IndusInd picks banks for $250-$300m share sale: Sources,__label__1
RIL to be rangebound; pick IndusInd Bank: Sanju Verma,__label__2
"Remain invested in HDFC Bank, IndusInd Bank: Irani",__label__2
Baliga bullish on private sector banks,__label__1
Buy IndusInd Bank; target of Rs 415: Motilal Oswal,__label__2
Buy IndusInd Bank; target of Rs 413: Nirmal Bang,__label__2
Buy IndusInd Bank; target of Rs 400: PLilladher,__label__2
Accumulate IndusInd Bank; target of Rs 400: KRChoksey,__label__2
Accumulate IndusInd Bank; tgt of Rs 386: Aditya Birla Money,__label__2
See stress on banks' credit profiles; PSUs risky: Experts,__label__2
IndusInd Bank up 1% on firm Q2; what are analysts saying?,__label__2
Banking sector: Nomura's Q2 results preview; top picks,__label__2
Accumulate IndusInd Bank; target of Rs 402: Dolat Capital,__label__2
"See no asset quality concern, says IndusInd MD",__label__2
Book profit in IndusInd Bank at current level: Sukhani,__label__2
IndusInd Bank Q2 net profit grows 30% to Rs 250 cr,__label__2
IndusInd Bank Q2 PAT seen up 25% to Rs 241 cr,__label__2
IndusInd Bank Q2 NII likely to go up 23%,__label__2
PSU banks asset quality to remain under pressure in Q2,__label__2
Banking sector results preview for Q2FY13: Angel Broking,__label__2
Reforms must not stop; economy can bounce back:Chadha,__label__1
Buy IndusInd Bank; target of Rs 434: Dolat Capital,__label__2
"Buy Financial Tech, Havells, IndusInd Bank: Parag Doctor",__label__2
"Bull's eye: Buy Tilaknagar Ind, Havells, short Cairn, HDFC",__label__2
"IndusInd Bank allots 1,32,396 equity shares",__label__2
Buy IndusInd Bank; target of Rs 345: Firstcall Research,__label__2
Tulsian negative on Sesa Goa and Sterlite,__label__1
No big impact from QE3 on Indian stocks: CLSA,__label__1
Check out: Super Six stocks for August 29,__label__1
"Sun Pharma can test Rs 700, says Sudarshan Sukhani",__label__1
"IndusInd Bank allots 63,354 shares under company's ESOS",__label__1
"IndusInd Bank allots 211,339 shares under ESOS ",__label__2
Buy IndusInd Bank at Rs 320: Anu Jain,__label__2
"Prefer ICICI Bank, Axis Bank, says Ajay Bodke",__label__2
Banks to post 15-20% earnings growth in Q1: Nirmal Bang ,__label__2
Accumulate IndusInd Bank; target of Rs 371: SKP Securities,__label__2
Buy IndusInd Bank; target of Rs 415: Motilal Oswal,__label__1
Accumulate IndusInd Bank; tgt of Rs 363: Aditya Birla Money,__label__1
"Buy IndusInd Bank on decline, says Sukhani",__label__2
IndusInd Bank Q1 net profit up 31% at Rs 236 cr,__label__2
IndusInd Bank Q1 PAT seen up 27% to Rs 228 cr,__label__2
Banks margins to come under pressure in 1HFY2013: Angel,__label__2
IRDA imposes penalty of Rs 15L on IndusInd Bank,__label__2
"Buy ICICI Bank, Axis Bank, says PN Vijay",__label__2
"IndusInd Bank allots 60,699 equity shares of Rs 10",__label__2
HDFC Bank cuts base rate and BPLR by 20 bps,__label__2
IndusInd Bank may test Rs 400: Sukhani,__label__2
"Boost saving deposits, grow retail loans 30%: Govt to banks",__label__1
IndusInd Bank Q1 results on July 10,__label__1
Tata Motors (DVR) has target of RS 128-125: Sukhani,__label__1
IndusInd Bank may lose Rs 10-15 from current level:Sukhani,__label__1
Accumulate IndusInd Bank: Arihant capital markets,__label__2
Buy IndusInd Bank; target of Rs 419: Motilal Oswal,__label__2
Buy IndusInd Bank; target of Rs 397: KRChoksey,__label__2
Buy IndusInd Bank; target of Rs 400: PLilladher,__label__1
"IndusInd Bank Mar '12 profit at Rs 1,481.02 crore",__label__1
IndusInd Bank's Q4 net up 30% to Rs 223 cr,__label__2
Aim to have 650-700 branches by March 2014: IndusInd Bank,__label__2
IndusInd Bank Q4 PAT seen up 25% at Rs 214.7 cr,__label__2
IndusInd Bank Q4 NII seen up 17% at Rs 454.5 cr,__label__2
Book profits in IndusInd Bank around Rs 350: Harchekar,__label__2
IndusInd Bank can touch Rs 342: IIFL,__label__1
Buy IndusInd Bank; target of Rs 387: FairWealth Securities,__label__1
IndusInd Bank has target of Rs 340-345: Panda,__label__2
"Stay away from Sesa Goa, says Nitin Raheja",__label__2
"Buy IndusInd Bank, HUL, says Sukhani",__label__2
"Avoid PSU Banks, says Prakash Diwan",__label__1
CEO Spotlight: Engineer-turned-banker Sobti's journey,__label__2
"Add long positions in ING Vysya Bank, says Sukhani",__label__1
PN Vijay bullish on IndusInd Bank,__label__1
Accumulate IndusInd Bank: Arihant capital markets,__label__1
No exposure to stressed out aviation space: IndusInd Bank,__label__1
Banking Stocks results preview for Q3FY12: KRChoksey,__label__2
Financial sector results preview for Q3FY12: MOST,__label__2
Hold IndusInd Bank; target of Rs 288: Unicon Investment,__label__2
Buy IndusInd Bank for long term: PN Vijay,__label__2
Buy Induslnd Bank; target Rs 309: KRChoksey,__label__2
Buy IndusInd bank; target Rs 315: Prabhudas Lilladher,__label__2
Buy IndusInd Bank at current levels: Sukhani,__label__2
Bandyopadhyay`s view on IndusInd Bank,__label__2
IndusInd Bank Q3 net up 34% at Rs 206 cr,__label__2
"Bull's Eye: Buy HCL Tech, BHEL, Titan; Short REC",__label__2
"HDFC Bank, IndusInd Bank best bets, says Irani",__label__1
KR Choksey showcases equity portfolio for 2012,__label__1
Expect to grow at 25% CAGR: IndusInd Bank,__label__1
"IndusInd Bank plans to open 650 branches by March, 2014",__label__1
All you want to know about IndusInd Bank,__label__1
Inside Companies: What drives IndusInd Bank to growth?,__label__1
"Axis Bank, IndusInd Bank may see some upmove: Choksey",__label__1
"Bull's Eye: Short Jet Airways, ABG Ship; buy Titan, NMDC",__label__1
RBI allows banks to use excess SLR for MSF window,__label__1
"IndusInd Bank looks weak, says Sukhani",__label__1
"ICICI Bank, Axis Bank may see more downside: Sukhani",__label__1
Sell Suzlon Energy: Sukhani,__label__2
IndusInd Bank may come down to Rs 230: Jai Bala,__label__2
"Yes Bank, Axis Bank, IndusInd Bank top picks: Dipan Mehta",__label__2
Choksey's view on Reliance Industries,__label__2
IndusInd tightens loan parameters to improve asset quality,__label__2
Hope to sustain 25-30% loan growth ahead: IndusInd Bank,__label__1
ICICI Bank has target of Rs 740-750: Sukhani,__label__1
"Suresh Mahadevan positive on Muthoot Fin, Manappuram Fin",__label__2
DCB looks attractive: Mehraboon Irani,__label__2
Federal Bank not to jump into savings rate hike war,__label__1
"IndusInd Bank appoints Arun Khurana as Head, Global Mkts",__label__1
Prefer banking stocks over IT: Paul,__label__1
Buy IndusInd Bank; target of Rs 286: IIFL,__label__2
"Buy IndusInd Bank, says Thunuguntla",__label__2
Bull's Eye: Top chart picks for today,__label__2
"Yes Bank, IndusInd Bank good investment bets: Prime Broking",__label__1
Stay invested in HDFC Bank for long term: Tulsian,__label__2
Accumulate IndusInd Bank; target Rs 326: ULJK Securities,__label__2
South Indian Bank a good long term bet: Angel Broking,__label__1
IndusInd Bank Q2 net profit up 45% at Rs 193 cr,__label__1
IndusInd Bank Q2 NII seen up 23% at Rs 407 cr,__label__1
IndusInd Bank Q2 PAT seen up 40% at Rs 186 cr,__label__2
Diwan`s view on IndusInd Bank,__label__2
IndusInd Bank can test Rs 320: Madhumita Ghosh,__label__2
Bull's Eye: 12 buying ideas for the day,__label__2
"Invest in IndusInd Bank, says Deven Choksey",__label__1
IndusInd Bank Sep qtr PAT seen up 37% at Rs 182.3cr: Unicon,__label__2
"Short IndusInd Bank, says SP Tulsian",__label__2
"Manish Shah bearish on Axis Bank, ICICI Bank",__label__1
Buy IndusInd Bank; target of Rs 280: IIFL,__label__2
IndusInd Bank may rally to Rs 320: PN Vijay,__label__2
Sell IndusInd Bank for target of Rs 215: LKP,__label__2
Super Six trading ideas for the day,__label__2
"Short IndusInd Bank, says Aashish Tater",__label__1
3 analysts & 12 stocks: Who will hit Bull's Eye?,__label__1
Hold Indusind Bank: Manas Jaiswal,__label__1
Tulsian positive on Axis Bank,__label__2
Sell IndusInd Bank Future; target Rs 266-260: ABMoney,__label__2
Accumulate IndusInd Bank: Arihant capital markets,__label__2
Accumulate IndusInd Bank; target of Rs 326: ULJK Securities,__label__2
IndusInd Bank Jun qtr PAT seen up at Rs 181cr: KRChoksey,__label__1
Buy IndusInd Bank; target of Rs 325: P Lilladher,__label__1
Buy IndusInd Bank; target of Rs 328: Way2Wealth,__label__1
IndusInd Bank Jun qtr PAT seen up at Rs 170.4cr: PLilladher,__label__1
Buy IndusInd Bank; target of Rs 331: KRChoksey,__label__1
Accumulate IndusInd Bank; target of Rs 320: Unicon,__label__1
IndusInd Bank expects FY12 loan growth at 25%,__label__1
Houseviews: Four stocks that need your attention,__label__1
"Hold IndusInd Bank, says Devang Mehta",__label__2
IndusInd Bank Q1 net profit jumps 52.5% at Rs 180 cr,__label__2
Buy Indusind Bank: Chandan Taparia,__label__2
Earnings season: What to expect from banks?,__label__2
Indusind Bank Q1 profit after tax seen up 45% at Rs 172 cr,__label__2
IndusInd Bank has target of Rs 289: Thununguntla,__label__2
Bull's Eye: 12 trading strategies for exciting gains,__label__2
IIFL's technical and F&O strategy for 4 popular stocks,__label__2
IndusInd Bank looks attractive: PN Vijay,__label__2
Dewan Housing raises RPLR by 25 bps to 17.75%,__label__2
Corporation Bank raises lending rate by 35 basis points,__label__2
Thukral`s view on banking space,__label__2
IndusInd Bank signs MoU with Indian Army,__label__2
IndusInd Bank to add 400 branches by March 2014,__label__2
"Buy IndusInd Bank, says PN Vijay",__label__2
In focus: Will banks pass RBI's 25 bps rate hike to you?,__label__2
Short IndusInd Bank; target of Rs 249: Bothra,__label__1
Bull's Eye: 12 must-have stocks for your portfolio,__label__1
IndusInd inks agreement with Atos for POS services,__label__2
ElectraCard Services ties-up with IndusInd Bank,__label__1
IndusInd Bank to add 150 branches in FY12,__label__2
"Invest in Yes Bank, says Hemang Jani",__label__1
Buy banking stock at lower levels: Baliga,__label__1
"Buy Bank of India at current level, says Dilip Bhat",__label__1
"IndusInd Bank, Yes Bank top picks: Diwan",__label__2
IndusInd Bank signs MoU with HDFC to sell home loans,__label__2
IndusInd Bank to sell HDFCï¿½s home loan products,__label__2
Buy Indusind Bank; target of Rs 320: Unicon Investment,__label__1
IndusInd Bank selects Finacle core banking transformation,__label__2
Kotak Institutional positive on IndusInd Bank,__label__2
Buy IndusInd Bank; target of Rs 325: P Lilladher,__label__2
IndusInd Banks' gross yields one of highest among peers,__label__2
"Buy SBI, says Amit Gupta",__label__2
Slideshow: Hits and Misses of Q4 earnings season so far,__label__1
"IndusInd Bank Mar '11 profit at Rs 1,048.84 crore",__label__1
IndusInd Bank to hike exposure in used car market by 150%,__label__2
IndusInd Bank Q4 net profit up 75.5% at Rs 172 cr,__label__2
"Hold IndusInd Bank, says Kunal Bothra",__label__2
Indusind Bank declares dividend at Rs 2 per share,__label__2
Indusind Bank likely to post 69% growth in Q4,__label__2
IndusInd snaps up Deutsche Bank India's credit card biz,__label__1
IndusInd Bank Mar qtr PAT seen up at Rs 161.6 cr: UNICON,__label__1
Buy IndusInd Bank; target of Rs 328: Way2Wealth,__label__2
Which 11 stocks is ULJK Securities putting money on?,__label__2
"Motilal Oswal bullish on Axis Bk, HDFC Bk, ICICI Bk, IndusInd Bk, Yes Bk",__label__2
IndusInd Bank can test Rs 270: Anu Jain,__label__2
Yes Bank can touch Rs 305-307: Kulkarni,__label__1
Indusind Bank to buy Deutsche Bank's India credit card biz: Report,__label__2
Buy IndusInd Bank; target of Rs 312: Prabhudas Lilladher,__label__2
IndusInd Bank can test Rs 235: IIFL,__label__2
Sell IndusInd Bank Fut; target Rs 233.5: IIFL,__label__2
Buy IndusInd Bank: Rakesh Gandhi,__label__1
General Atlantic buys IndusInd Bank pie for Rs 67cr,__label__2
Mahindra's automotive sector ties up with IndusInd Bank,__label__2
See stability in margins ahead: IndusInd Bank,__label__2
All you want to know about Romesh Sobti,__label__1
Buy IndusInd Bank; target of Rs 303: ULJK Securities,__label__2
"Q3 results: Review of IndusInd, Bk, LIC Housing, JSW Energy",__label__2
IndusInd Bank has target of Rs 318: D'cunha,__label__2
IndusInd Bank Dec '10 profit at Rs 914.91 crore,__label__2
Buy IndusInd Bank; target of Rs 247: IIFL,__label__2
Downward pressure may see IndusInd Bank: Jain,__label__2
IndusInd Bank Q3 net profit up 75% at Rs 154 cr,__label__2
IndusInd Bank revises interest rates on domestic term deposits 10% per annum,__label__2
RBI bans FII purchases in IndusInd Bank,__label__2
IndusInd Bank has support at Rs 220: Mehta,__label__2
Prefer IndusInd Bank for long term: Mehta,__label__2
Prefer largecap banking stocks: Devang Mehta,__label__2
Buy realty stocks with long term prospective: Nanavati,__label__1
Buy IndusInd Bank with a target of Rs 308: Gujral,__label__1
Buy IndusInd Bank on dip: Anu Jain,__label__2
IndusInd Bank has target of Rs 308: Gujral,__label__2
"Vora bullish on IndusInd Bank, Yes Bank",__label__1
IndusInd Bank has target of Rs 320-325: Thacker,__label__2
IndusInd Bank can touch Rs 305-310: Thacker,__label__2
ING Vysya Bank has strong support at Rs 380: Gujral,__label__2
Expect NIMs to trend upwards ahead: IndusInd Bank,__label__2
IDFC sees 20% return from Infy in next 6 months,__label__2
IndusInd Bank reports Rs 854.08 cr profit for quarter ended Sep 2010,__label__2
IndusInd Bank can touch Rs 310-320: Jatinder Sharma,__label__2
IndusInd Bank Q2 net profit rises at Rs 133 cr,__label__2
Buy IndusInd Bank: Gujral,__label__2
"Buy IndusInd Bank, says Tulsian",__label__2
IndusInd Bank has good support at Rs 238: Bhambwani,__label__2
Buy IndusInd Bank on all declines: Gujral,__label__2
Hold IndusInd Bank: Mitesh Thacker,__label__2
IndusInd Bank share sale raises USD 250 million,__label__2
IndusInd Bank launches QIP to raise $ 215-250mn; stk up 5%,__label__2
Hold IndusInd Bank; target of Rs 234: Asit C. Mehta,__label__2
Buy IndusInd Bank on dips: Gujral,__label__2
IndusInd Bank can go upto Rs 253: Gujral,__label__2
Hold IndusInd Bank around Rs 229-232: Jain,__label__1
Enter IndusInd Bank: Anu Jain,__label__1
Earnings Review: June quarter a mix bag for India Inc,__label__1
"Add IndusInd Bank, Yes Bank in portfolio: Choksey",__label__2
Buy IndusInd Bank; target of Rs 255: Anand Rathi,__label__1
"Irani positive HDFC Bank, Axis Bank",__label__1
IndusInd Bank to raise Rs 10 billion by Dec,__label__2
IndusInd Bank's PE rerating may happen soon: Mehta,__label__2
IndusInd Bank has target of Rs 250: Hathiramani,__label__2
IndusInd Bank Q1 net profit up 38% at Rs 119 cr,__label__2
Indusind Bank Q1 net profit seen up 24.85% at Rs 108 cr,__label__2
IndusInd Bank has target of Rs 225: Gujral,__label__1
IndusInd Bank target at Rs 225: Gujral,__label__1
IndusInd Bank can test Rs 220-225: Sharma,__label__2
Buy IndusInd Bank: Irani,__label__2
IndusInd Bank can test Rs 195-200: Bhambwani,__label__2
Buy IndusInd Bank on dips: Anu Jain,__label__1
IndusInd Bank has support at Rs 174: Gujral,__label__1
IndusInd Bank can go upto Rs 215-220: Rahul Mohindar,__label__2
Buy IndusInd Bank: Gujral,__label__1
IndusInd Bank has target of Rs 210: Gujral,__label__2
Pick largecap private banking stocks: Chakraborty,__label__2
Buy IndusInd Bank: Gorakshakar,__label__2
Book profits in IndusInd Bank: Sukhani,__label__2
Buy IndusInd Bank at Rs 170: Salil Sharma,__label__1
IndusInd Bank Q4 net profit up 94.06% at Rs 98 cr,__label__1
IndusInd Bank looks expensive: Mukadam,__label__1
"Hold IndusInd Bank, says Thacker",__label__1
IndusInd Bank Q4 PAT seen up 90.22% to Rs 96.1 cr,__label__2
Hold IndusInd Bank; target of Rs 176: Arihant Capital,__label__2
IndusInd Bank plans to open 120 branches in FY11,__label__2
Buy IndusInd Bank; target of Rs 202: Networth,__label__2
"Buy IndusInd Bank, says Anu Jain",__label__2
IndusInd Bank has target of Rs 170: Gujral,__label__1
IndusInd Bank can test Rs 240-250: Gujral,__label__2
IndusInd Bank has target of Rs 164: Thacker,__label__2
IndusInd Bank has target of Rs 160-165: Thacker,__label__1
Buy IndusInd Bank; target Rs 175: Anand Rathi,__label__2
"Buy IndusInd Bank, says Manas Jaiswal",__label__2
IndusInd Bank expects no dent in profit in Jan-Sept - MD,__label__2
IndusInd Bank Q3 net profit up at Rs 88.04 cr,__label__2
Buy IndusInd Bank; target of Rs 160: IndiaInfoline,__label__2
IndusInd Bank trades in range of Rs 120-145: Thacker,__label__2
IndusInd Bank has target of Rs 155-160: Thacker,__label__1
Buy IndusInd Bank above Rs 140: Sukhani,__label__1
IndusInd Bank can test Rs 145-150: Mitesh Thacker,__label__2
IndusInd Bank Q2 net profit up 130.9% at Rs 77.8 cr,__label__2
Indusind Bank Q2 net profit seen up 58.64% to Rs 53.4 cr,__label__2
Buy IndusInd Bank with a target of Rs 112-115: M Thacker,__label__2
See more appetite for bank's QIP from investors: IndusInd,__label__2
QIP bonanza: IndusInd raises $100m via 13% stake sale,__label__2
Buy IndusInd Bank on dips: Sukhani,__label__1
Keep Rs 75 stoploss in IndusInd Bank: Mohoni,__label__2
IndusInd Bank has resistance at Rs 92-95: Bose,__label__2
IndusInd Bank has support at Rs 72: Gujral,__label__2
Don't buy IndusInd Bank: Sukhani,__label__1
NPAs improved drastically in FY09; now at 1%: IndusInd Bank,__label__1
IndusInd Bank Q1 net profit up at Rs 86.5 cr,__label__1
Buy IndusInd Bank at Rs 82-83: M Thacker,__label__2
Banksï¿½ credit to realty sector expands in 2008-09,__label__2
Will raise $75-100m via QIPs: IndusInd Bank,__label__2
IndusInd Bank can go upto Rs 85: M Thacker,__label__1
IndusInd Bank has support at Rs 67: Gujral,__label__2
IndusInd Bank can test Rs 90-100: R Shah,__label__2
Limited upside in IndusInd Bank: P Sekhar,__label__2
IndusInd Bank can test Rs 62: Mathew,__label__2
No plans to raise capital in next six months: IndusInd Bank,__label__2
IndusInd Bank Q4 net profit up 249% at Rs 50.5 cr,__label__2
IndusInd Bank may buy RBS' Indian operations,__label__1
IndusInd Bank-CRISIL sign MoU on bank loan ratings,__label__2
"IndusInd Bank Q3 Net Profit at Rs 45.06cr, up by 80%",__label__1
See full-year advances grow at 25%: IndusInd Bank,__label__1
IndusInd Bank Q3 net profit at Rs 45.06 cr,__label__1
