Headlines,Labels
"buy hdfc bank, oil india, ncc: sandeep wagle",1
deutsche's 10 pick to play the rural demand theme,1
more bank cut rate by up to 0.9%,1
here be a few stock ideas from ajay bodke,1
yes bank cut base lend rate by 25 bps to 10.5%,1
keki mistry on hdfc's mega fund-raise drive,0
hold hdfc bank; target of rs 513: unicon investment,1
hdfc bank q1 net may rise 31% at rs 1862cr: motilal oswal,0
here be top 10 stock to keep an eye on january 9,0
buy hdfc bank; target of rs 2251: prabhudas lilladher,0
pick kotak mahindra bank: ashwani gujral,1
"bank of baroda valuation pick, say vineet bhatnagar",1
retail credit add to 23% loan book expansion: hdfc bank,0
consumer loan become cheaper as bank adopt new rate formula,0
"hdfc bank's q2 result on oct 21, 2015",1
"sell bajaj auto, hdfc, pidilite; buy hdfc bank, sbi: thacker",0
hdfc bank q4 nii see up 20% to rs 2824cr,0
"hold hdfc bank, say prakash gaba",0
india inc q4 advance tax nos a mix bag,0
"pick hdfc bank, icici bank, axis bank: sukhani",0
"buy hero motocorp, indusind bank on dips: sudarshan sukhani",0
"icici bank, hdfc bank good picks: siddharth bhamre",0
"buy state bank of india, hdfc bank: sudarshan sukhani",0
"prefer infosys, tcs, axis bank, hdfc bank: gaurang shah",0
hdfc bank q2 earn preview: watch out for these 5 key factor,1
will appoint external agency to probe scams: new bob chief,0
bank may further cut interest rat by end of week: hdfc,1
"hdfc bank fpi trade: rbi, sebi to tighten norms on trigger point",0
"fidelity tip india infrastructure, consumer firm",0
"sbi, hdfc bank, icici bank have upside potential: sukhani",1
"tcs biggest wealth creator in 2012-17, ajanta pharma the fastest: wealth creation study",1
remain invest in hdfc bank: vijay chopra,0
motilal oswal neutral on hdfc bank,0
top diwali stock pick by r sreeshankar,0
obc cut rat on select term deposit by 0.10%,0
"hdfc bank cut base rate by 10 bps, stock down",0
hdfc bank have target of rs 1850-1900: mohindar,0
buy hdfc bank; target of rs 2288: krchoksey,1
uday & uday: matchmakers of kotak moment,1
"avoid hdfc bank, say sudarshan sukhani",1
"buy ril, hdfc bank, lic house finance: sudarshan sukhani",1
12 budget measure to expect; stock likely to benefit: db,0
hdfc bank q3 pat may rise 25.3% at rs 2329.8cr: icicidirect,0
"buy hdfc bank, tata steel, interglobe aviation, v-guard industries, bombay dyeing: ashwani gujral",1
"buy hdfc bank, hindustan zinc; sell jet air, cummins: sukhani",0
hdfc bank may test rs 1100-1120: devang mehta,1
news highlight for the day: centre to table triple talaq bill in parliament tomorrow,1
"short axis bank, hdfc bank: sukhani",0
"hdfc bank trim workforce by 11,000 in 9 months",0
hdfc bank appoint umesh chandra sarangi as additional director,1
analysts see limit impact on banks' earn after rbi move,0
retail credit to grow 40% on back of rate cut: vijaya bank,0
"buy hdfc bank, future consumer, krbl: ashwani gujral",1
hdfc bank launch credit card with no pre-set limit,0
punjab national bank cut fix deposit rat by 0.25%,0
"buy hdfc bank, advise sudarshan sukhani",1
hdfc bank sign mou with government e-marketplace,1
cobrapost expose: rbi initiate action against bank,0
see pick up in credit growth by quarter-end: hdfc bank,1
angel broking neutral on hdfc bank,0
super six intraday pick for the day,0
book profit in axis bank: sp tulsian,1
hdfc bank can test rs 2000: bhambwani,0
why psbs may bridge valuation gap with private bank,1
indusind bank may slip to rs 426: sp tulsian,0
here be some stock ideas from sp tulsian,0
hdfc bank may slip to rs 495: harchekar,0
super six intraday pick for may 15,0
here be top 10 stock to focus on april 8,1
"enter axis bank, hdfc bank, icici bank: sp tulsian",0
govt spend to help boost credit growth: hdfc bank chair,0
hdfc bank revise lend rat base on marginal cost,0
"buy, sell, hold: 4 key stock to watch out post q3 result",1
"buy hdfc bank, vedanta; ambuja cement may test rs 212: taparia",0
cobrapost expose: axis bank: systems robust; to probe money launder claim,1
hold hdfc bank; target of rs 650: icicidirect.com,1
"buy hdfc bank, target of rs 1,139: sharekhan",1
"hold hdfc bank, target rs 1738: indiabulls securities",0
"hdfc bank q2 meet estimates, profit and nii increase 21%",1
axis bank have support at rs 930-940: amit gupta,0
hdfc bank q4 pat see up 31% at rs 1099 cr,0
"hdfc bank q3 profit rise 20%; loan growth strong, but have asset quality hiccup",1
ncmsl enter into strategic alliance with corporation bank,0
buy hdfc bank; target of rs 1387: geojit bnp paribas,0
psu bank employees go on two-day strike,1
hdfc bank allot 1988635 equity share under esop,1
see 10-15% upside in axis bank: ts harihar,1
hdfc bank: outcome of committee meet,1
prefer hdfc bank over icici bank: ramki ramakrishnan,0
manish chowdhary positive on private sector bank,0
"buy yes bank, indusind bank, hdfc bank on dips: ashwani gujral",0
"hdfc bank mop up rs 1,405 cr from bond",0
hdfc bank: outcome of agm,0
buy hdfc bank; target of rs 925: plilladher,1
"icici bk rule out money laundering, see transaction error",0
"hdfc bank q1 loan book grow 22% to rs 7.08 lakh crore, deposit growth at 20%",1
buy hdfc bank: sudarshan sukhani,0
"banks' credit rise over 16% y-o-y, deposit up at 14%",1
sbi launch contactless debit and credit card,1
loan growth to be impact by economic slowdown: hdfc bank,1
hdfc bank: re-appointment of chairman,1
hdfc bank q2 nii see up 18% at rs 2981 cr,0
"pick axis bank, federal bank, hdfc bank: ambareesh baliga",0
hdfc bank to outperform amongst banks: mohindar,1
"look at axis bank, icici bank, hdfc bank: mayuresh joshi",0
"hdfc bank to train 25,000 people in cashless transactions",1
"sell hdfc bank, voltas; buy adani transmission: ashwani gujral",1
buy hdfc bank; target of rs 2050: icici direct,1
"buy hdfc bank, reliance industries: mitesh thacker",1
"hdfc bank raise rs 8,000 crore in largest issue of perpetual debt fund",0
"buy hdfc bank, yes bank: tirthankar patnaik",0
"sell icici bank, hdfc bank, bhel; buy cadila health: gujral",0
look at reform positively: aditya puri,0
"buy axis bank, hdfc bank, icici bank: mayuresh joshi",0
"motilal oswal neutral on hdfc bank, target of rs 515",0
"hdfc bank may hit rs 1405, bata india rs 515: rajat bose",0
"buy, sell, hold: how to trade bank & auto stocks?",0
reliance ind pay rs 850 crore oct-dec advance tax,0
"hdfc bank's agm on july 21, 2016",1
finmin set up panel to iron out insurance broking issue,0
"hdfc bank q3 profit up 30%, challenge ahead",1
"rakesh jhunjhunwala's rare enterprises, hdfc bank, icici bank interest in il&fs securities: report",1
"prefer axis bank, icici bank and hdfc bank: baliga",1
here be how bad loan affect bank in jan-march quarter,1
"buy hdfc bank, mrf, adani ports, fortis health: mitesh thacker",1
hdfc bank recommend 343% dividend,0
"hdfc bank, icici bank good bets: kulkarni",1
hdfc bank cut lend rate by 0.15%,1
prabhat awasthi bullish on bank,1
"hdfc, hdfc bank should outperform nifty: sudarshan sukhani",1
"sp tulsian negative on bank nifty, may touch 12300",0
hdfc bank to grow 30% if economy expand at 7%: aditya puri,1
hdfc bk see green shoot as indian company borrow again,0
"top six cos add rs 33,985 cr in m-cap, ril scale up the most",0
institutions continue to lap up indian equities in june quarter,0
super six stock you can bet on october 26,0
"citi see sensex at 28,800; list 5 largecaps, midcaps to buy",1
high fii hold make private bank vulnerable: analysts,0
6 stock likely to see lot of action today,0
here be what to expect from hdfc bank's q3 earn,1
buy hdfc bank: vishal malkan,1
buy hdfc bank; target of rs 2700: icici direct,0
"see higher level in gail, buy hdfc bank: sudarshan sukhani",0
"buy hdfc bank, target price of rs 1,366: angel broking",1
prefer private sector banks: pramerica mutual fund,0
hdfc bank raise fix deposit rat by up to 0.6%,0
"icici bank, hdfc bank may give 15-20% returns: khemani",0
"buy hdfc bank, short infosys, idfc: amit harchekar",1
hdfc bank q4 net hit 30% magic figure but share fall 2%,0
top 10 stock that will make your portfolio greener,0
"buy reliance industries, hdfc bank; sell bel: sukhani",1
"clsa retain 'buy' on hdfc bank, see 21% cagr in profit over fy17-20",1
"hdfc bank q1 profit see up 27%, loan growth may be strong",0
"bharti airtel may hit rs 500, idea cellular rs 230: shah",0
pnb have support at rs 960: gujral,1
citi cut base rate to 9.35%,1
hdfc bank may slip to rs 655: siddharth bhamre,0
"hdfc bank fpi trades: sebi, rbi mull safeguard",0
"buy hdfc bank, asian paints, bpcl, ifci; sell marico: thacker",1
"buy hdfc bank, target of rs 1310: krchoksey",1
top 10 stock to keep an eye on november 26,1
accumulate hdfc bank; target of rs 1180: ab money,0
"hdfc bank q4 net surge on strong loan growth, fee income",0
"npa issue sticky, 5.5% gdp can push loan growth: hdfc bank",1
reasonably well position in retail: hdfc bank ed,1
buy hdfc bank; target of rs 1135: firstcall research,0
new hire at indian banks' association spark controversy,0
"buy hdfc bank, indiabulls house finance, adani enterprises: ashwani gujral",1
"hdfc bank q1 result on july 21, 2015",0
hdfc bank have support at rs 396: kulkarni,0
"prefer hdfc bank, icici bank, tcs, lupin: jeff chowdhry",0
seth positive on bank stock,0
"short hdfc bank around rs 610-615, say bhamre",1
6 trade stock for short term gain,1
buy bank stock on corrections: srivastava,1
expect no suprise from banks' q3 earn growth,1
here be what cfos be expect from modi budget,1
"buy hdfc bank, ongc, tata motors, bharti airtel: irani",1
"buy icici bank, axis bank: ambareesh baliga",1
hdfc may slip to rs 550: manghnani,1
"accumulate hdfc bank, hero motocorp: mayuresh joshi",1
"hdfc bank q3 profit see up 20%, nii growth could be highest in last few quarter",1
hold hdfc bank: ventura,1
"buy, sell or hold:investment strategies by analysts for 8 stock",0
hdfc bank want reasonable mdr charge,1
"hdfc bank q1 profit, net interest income see up over 20%",1
here be sanjiv bhasin's top trade ideas,0
hdfc bank q3 pat see at rs 808 cr: prabhudas lilladher,0
hdfc bank allot debentures worth rs 1405 cr,0
bank loan miss fy13 rbi projection; grow 14% yoy,0
hdfc bank may fall further: ajay srivastava,1
buy hdfc; target of rs 2160: prabhudas lilladher,0
bourses seek clarification over debit card data breach,0
"buy hdfc bank, larsen & toubro, bhel: sudarshan sukhani",0
accumulate hdfc bank; target of rs 880: dolat capital,1
hdfc bank sept qtr pat see at rs 912 cr: sharekhan,0
buy hdfc bank; target of rs 2580: aditya birla money,0
"cobrapost expose: hdfc bank, icici, axis accuse of money launder",1
buy havells india; sell tata steel: ashwani gujral,0
15 stock ideas for 2013: nirmal bang,1
hdfc bank appoint shyamala gopinath as non-executive chairperson,1
how rbi have damage its credibility in cobra's sting,1
here be a few investment ideas from prakash diwan,0
"sell zee entertainment, hdfc bank; buy raymond: ashwani gujral",0
"buy icici bank, vedanta, srei infra: ashwani gujral",0
accumulate hdfc bank; target of rs 2046: kr choksey,1
"sell hdfc bank, say sudarshan sukhani",0
can cut rat only when deposit rat cool: hdfc bank,1
"hdfc bank q3 pat may rise 25%, asset quality key: poll",0
"hdfc bank standalone september 2018 net interest income (nii) at rs 11,763.41 crore, up 20.62% q-o-q",1
see 12-13% upside in hdfc bank: vaibhav agrawal,0
"prefer hdfc bank, say sharmila joshi",1
hdfc bank: outcome of board meet,1
be sun pharma expensive at current valuations?,1
"see lower level in hdfc bank, say sukhani",0
"separate transportation, market biz: pngrb",0
"see upmove in hdfc bank, say ajay bodke",1
hdfc bank allot 2100030 equity share under esop,1
"hdfc bank q3 net profit see up 17.2% yoy to rs. 5,439.9 cr: sharekhan",1
"see 4-5% upside in sbi, hdfc bank, icici: shardul kulkarni",0
"buy hdfc bank, dr reddy's labs may hit rs 2970: rajat bose",0
asset quality an issue among banks: karvy stock broking,1
baliga bullish on private sector bank,1
bank credit grow 14.65% y-o-y in fortnight end may 17,0
"hdfc bank, axis bk trade at reasonable valuations: gupta",1
why hsbc securities feel private bank be a better bet,1
"sell jubilant foodworks, metal stocks: sudarshan sukhani",1
indiabulls real to raise rs 6k cr to fund power project,1
buy hdfc bank; target rs 762: firstcall research,0
hdfc bank q1 net profit see up 30% to rs 605 cr,1
see over 20-21% loan growth ahead: hdfc bank,1
hold hdfc; target of rs 2160: edelweiss,0
accumulate hdfc bank; target of rs 1200: sushil finance,1
"buy hdfc bank, indusind bank, kotak bank: sudip bandopadhyay",1
"prefer hdfc bank, say sandeep shenoy",1
hdfc bank cut rat on certain save account,0
super six: top chart pick for feb 21,1
"buy hdfc bank 1040 call, say gaurav bissa",0
"sell indusind bank, advise sudarshan sukhani",1
hdfc bank q2 pat see up 6.3% to rs 3443.3 cr: kr choksey,0
"buy hul, hdfc bank, ab nuvo, vedanta; sell indo count: sukhani",0
buy hdfc bank; target of rs 2400: icici direct,1
"private sector bank may outperform, say ajay bagga",0
"buy hdfc bank, cummins india: mitesh thacker",1
"buy hdfc bank, kolte-patil, motilal oswal financial: ashwani gujral",1
"hdfc bank q3 profit rise 15% to rs 3865cr, loan growth at 13.5%",1
"axis, boi, uco among top loan recast candidates in april",1
bank sector result preview for q4fy13: motilal oswal,1
corporation bank cut lend rate by 0.25%,0
"go long on hdfc bank, dcb: sudarshan sukhani",1
motilal oswal neutral on hdfc bank,1
nris can invest in nps: pfrda,1
"union bk hike base rate to 10.25%, up nre deposit rate",1
"buy, sell or hold: 17 stock to watch out ahead of expiry",1
scope for 25-50 bps fall in lend rates: hdfc bank,0
sbi may lead downtrend: anil manghnani,0
sbi aim for top spot in mobile bank,1
"bet on hdfc, hdfc bank, kotak mahindra bank: darashaw",1
"short hdfc bank, may slip to rs 545- 550: harchekar",1
"buy axis bank, icici bank, hdfc bank: sukhani",0
buy hdfc bank; target of rs 2683: kr choksey,0
"hdfc bank assets free of strain, may hike rat by 25-50bps",0
s&p raise outlook of 11 fis;maintains -ve for syndicate bk,1
modi landslide win may bring ipos back to table,0
morgan stanley turn 'overweight' on private bank,1
buy hdfc bank; target of rs 2400: dolat capital,0
"whatsapp leak: sebi to soon take action against market operators, cos' senior staff",1
sensex cos to see 9.1% growth in profit in q4 fy'17: deutsche,0
hdfc bank q1 pat may rise 20% at rs 2681.2cr: motilal oswal,0
here be top 10 stock to focus on february 20,0
mahantesh sabarad positive on yes bank,0
hdfc bank a very good investment stock: rajesh jain,1
hdfc bank may fall 5-6% if move below rs 598: harchekar,1
emis to rise as bank set the ball roll on increase interest rat on loan,1
"obc may test rs 165-167, worry on psu banks: thukral",0
"rahul rathi, a wizard of dalal street, have 2 invest style",1
"avoid wipro, hcl tech: sandeep bhatia",1
quick tips: 6 stock analysts advice to buy post june quarter,1
"buy hdfc bank, say sukhani",1
"invest in axis bank, pick hdfc bank on correction: baliga",0
hdfc bank cut base rate and bplr by 20 bps,1
keki mistry cease to be director of hdfc bank,1
hdfc bank may touch rs 800: devang mehta,0
kotak-axis merger in the works? both bank say no,0
hdfc bank may slip to rs 444- 452: murlidhar,0
bank margins to come under pressure in 1hfy2013: angel,1
look at hdfc bank: anand tandon,1
hdfc bank q4 net may rise 22% at rs 2839 cr: p lilladher,0
buy bharti airtel on dips: siddarth bhamre,1
"go long in hdfc bank, say hemant thukral",0
check out: darashaw's stock pick and wealth creators,1
"hdfc bank allot 21,47,040 equity share under esop",0
buy hdfc bank: sudarshan sukhani,1
"buy hdfc bank, say sudarshan sukhani",0
"prefer hdfc bank, kotak mah bank: gupta",0
"prefer icici bank, sun pharma: kunal bothra",0
"buy unite breweries, say rajat bose",1
"expect 20% return in hdfc bank, indusind: ubs",0
hdfc bank may touch rs 1050: mehraboon irani,1
"hdfc bank have target of rs 670, say panda",1
aditya puri debunk some economists' theory that gdp could fall,1
"roy bullish on icici bank, hdfc bank, yes bank",0
buy hdfc bank on dips: thukral,1
"traders may take long position in hdfc, hdfc bank: thukral",0
"hdfc bank may rally to rs 555, say amit gupta",0
buy hdfc bank; target of rs 2700: prabhudas lilladher,0
fall inflation? number from state don't say so: hdfc bank,1
"sell hdfc bank, say sukhani",0
"buy hdfc bank, target rs 1500; like hcc: mitessh thakkar",1
will use proceed from ncd issue to lend in near-term: hdfc,0
prefer private sector banks: prakash diwan,1
asian paint may test rs 926: amit gupta,0
"short icici bank, axis bank: siddharth bhamre",0
hdfc bank appoint additional director,1
"book some profit in hul, itc: shardul kulkarni",1
axis bank gain ahead of expect share sale,1
hdfc bank q2 net see up 28% at rs 1999 cr: kotak sec,0
invest in hdfc bank: mehraboon irani,1
hdfc bank's nim a positive surprise: analysts,0
"sell icici bank 1350 put, buy hdfc bank 820 call: trivedi",0
icici bank raise lend rat by 50 basis point,1
samvat 2072 - opportunities amidst challenges: reliance sec,1
top 100 company pay 10% more in advance tax in q2,0
buy voltas; sell hdfc bank: hemen kapadia,0
sbi have support at rs 2550: amit gupta,1
hdfc bank recommend 475% dividend,0
icici bank hike base rate by 25 bps to 10%,1
"hdfc bank raise rs 3,000 crore via bond on pvt placement",1
accumulate hdfc bank; target of rs 1020: emkay,1
"buy hdfc bank, lupin, colgate palmolive: sandeep wagle",1
hdfc bank an underperformer: karvy,1
"like yes bank, hdfc bank, indusind bank, kotak bank: irani",0
jet airways may test rs 556; buy hdfc bank over hdfc: rajat bose,1
credit growth improve in fy18 €“ who do it benefit?,0
"buy hdfc bank, say ajay srivastava",0
govt up axis bank's foreign ownership limit to 62%,1
hero honda look attractive: mehta,1
malkani positive on bank stock,0
"hdfc bk cut rates, dare to outdo system on credit growth",1
buy hdfc bank; target of rs 925: plilladher,0
hdfc bank sept qtr pat see up by 32.1% at rs 908 cr: angel,0
sbi chief say new bank charge will help jan dhan cost,1
accumulate hdfc bank; target of rs 590: dolat capital,1
accumulate hdfc bank; target rs 1165: kotak securities,1
hdfc bank's total income grow by 58.8% to rs 5407.9cr,0
hdfc bank mar qtr pat see at rs 894.10 cr: emkay,0
uco bank have strong support at rs 115-116: gujral,1
"cautious on rcom; bullish on icici bank, indusind: pn vijay",0
"with 31% jump, hdfc bank's aditya puri top gainer in salary hike",0
accumulate hdfc bank; target of rs 535: p lilladher,0
hdfc bank q2 review: scale new highs in a tough environment; buy,1
hdfc bank q2 net profit see up 24.74% to rs 658.6 cr,1
"avoid axis bank, say prakash diwan",1
hdfc bank q1 pat up 30.5% to rs 606 cr,0
q3 margins may not reflect lower deposit rates: federal bk,0
"sell hdfc bank, reliance industries: prakash gaba",0
"buy bank of india, hdfc bank: pritesh mehta",1
rcom get rs 1400cr order from hdfc bank,0
"hdfc bank's board meet on may 19, 2014",1
govt to give 2% interest subsidy on farm loans: rbi,0
buy hdfc bank; target of rs 1350:motilal,1
"mehta bullish on banking, it sector",1
6 intraday pick to make smart gain,1
"siddharth teli overweight on hdfc bank, hdfc",0
rbi credit policy: here's what the country's top bankers be say,1
oriental bank have target at rs 450: iifl,0
buy hdfc bank; target of rs 2300: sharekhan,1
buy hdfc bank; target of rs 2675: prabhudas lilladher,1
keep private sector bank in portfolio: raamdeo agrawal,1
hdfc bank q3 net profit see up 29.2% to rs 1057.4 cr,1
hdfc bank may hit rs 885: amit harchekar,0
"buy sbi, union bk, positive on icici bank, hdfc bank: mehta",1
"enter yes bank around rs 387, say mohindar",1
"like bank nifty; buy hdfc bank, apollo tyres: hemant thukral",1
buy hdfc bank; target of rs 1400: axis securities,1
hdfc bank dec qtr pat see up 28% at rs 1047.8cr: karvy,0
"prefer icici, hdfc bank: dipen shah",1
hdfc bank: outcome of committee meet,1
rbi reject bankers' plea for rate cut in pre-policy meet,1
hold hdfc bank; target of rs 575: krchoksey,1
"prefer hdfc bank, icici bank: dhiraj agarwal",1
"irani positive hdfc bank, axis bank",1
"exit hdfc bank on rallies, advise jai bala",0
"hdfc bank raise mclr by 10 basis points, signal an uptrend",1
hdfc bank promoters dilute 0.7% stake to raise capital,1
expect hdfc bank to surge in come 4-5 quarters: bhambwani,1
"prefer icici bank, cummins, sun pharma: sharmila joshi",1
"buy hdfc bank, say phani sekhar",0
hdfc bank declare dividend at rs 16.50 per share,0
"hdfc bank q2 profit likely to rise 26% at rs 1,963 cr: poll",0
"buy hdfc bank on dips, say sudarshan sukhani",0
"exit rana sugars, prefer private sector banks: gaurang shah",1
"prefer indusind bank, hdfc bank: ambareesh baliga",0
hdfc bank have resistance at rs 1455: mohindar,1
see no alarm slowdown in any segment yet: hdfc bank,1
"tata motor top pick, may test rs 510: ajay bodke",0
"buy asian paints, hdfc bank: ashwani gujral",1
"go long in hdfc bank, short nifty: amit gupta",1
rbi stiffen loan restructure norms for bank,1
"axis bank q3 net see up 13%, net interest income up 20%",1
"global economy still fragile, say rbi",1
accumulate hdfc bank; target of rs 510: plilladher,0
"axis, icici, sbi, hdfc bank buy opportunities: sukhani",1
"buy hdfc bank, advise sudarshan sukhani",0
"keep hdfc bank in portfolio, say sharmila joshi",0
hdfc bk miss profit expectation by 4%; experts deject,0
hdfc bank one of the strongest banks: nirmal bang securities,1
hdfc bank can touch rs 570: sukhani,0
buy hdfc bank with 7% return: ashish chaturmohta,1
"prefer axis bank, icici bank, hdfc bank: sudarshan sukhani",0
buy hdfc bank; target of rs 1020: p lilladher,0
look at private sector banks: nilesh shah,0
prefer hdfc bank: hemant thukral,0
jitender kumar's view on hdfc bank,1
"buy coal india, hdfc bank: mitesh thacker",1
"check out: brokerage call on wipro, hdfc, dr reddy's",0
citi to offer swift's service to indian firm,0
accumulate hdfc bank; target rs 685: dolat capital,1
"q3 nos: nii improve on rise margins, say hdfc bank",0
"rbi penalise icici bank, canara bank, yes bank & 9 others",0
overweight on hdfc bank: thakkar,0
prefer private sector banks: ur bhat,1
"super six: kulkarni, jadeja, agarwal on their top pick",1
"bank sector may outperform, say sukahni",1
"pick larsen & toubro, kotak mahindra bank: neeraj dewan",0
prefer hdfc bank & kotak mahindra among retail banks: ubs india,1
super six stock you can bet on jan 28,1
"buy godrej consumer, hdfc bank, lupin: sudarshan sukhani",1
"indusind bank, hdfc bank best bets: mehraboon irani",1
super six short term pick for oct 16,1
hdfc bank may outperform: sukhani,1
latest fix deposit rat offer by hdfc bank,0
"buy tvs motor, century textiles, sbi: sudarshan sukhani",1
mobile payments to grow 200 fold in 7 yrs to $3k bn: bofa,1
hdfc bank q3 nii see up 38% at rs 1997.56 cr,0
"hdfc bank raise rs 15,151 crore from domestic, overseas market",0
"short hdfc bank, rec: sukhani",0
"growth risk prompt rbi to cut repo, crr by 25bps",0
hdfc bank may move to rs 640-650: mohindar,1
buy hdfc bank; target of rs 817: angel broking,1
"sbi, hdfc bank, icici bank best bets: sukhani",1
"go long in hdfc bank, advise amit gupta",0
"icici bank, ongc look good for trading: india infoline",0
icici bank may slip to rs 590: jai bala,1
"buy hdfc bank, maruti suzuki, divi's lab; sell tata steel: ashwani gujral",0
"hdfc bank q1 net miss forecast, rise 21% to rs 2,233 cr",0
buy hdfc bank; target of rs 1059: firstcall research,0
buy hdfc bank; target of rs 474: iifl,0
"divis labs can climb to rs 810, hdfc bank look good: gaba",1
"sbi q1 advance tax outgo rise 4% to rs 1,290 crore",0
sbi extend 8% special home loan scheme till june 30,1
"buy hdfc bank, indian oil corporation, canara bank, icici bank: ashwani gujral",1
here be top 10 stock to focus on march 12,1
"pay min rs 150 at hdfc bank, icici, axis after 4 cash deposit",0
"hdfc bank can slip to rs 1200, power grid may hit rs 204: gupta",1
"hold hdfc bank, target of rs 1250: krchoksey",0
hdfc bank's aditya puri name best bank ceo in asia,1
buy private sector banks: sudarshan sukhani,1
"avoid hdfc bank, sell capital first, fortis health, siemens; buy ambuja cements, bajaj auto: sudarshan sukhani",1
expect 15-20% upside for hdfc bank post q4 result: angel broking,0
here's how latest bank credit grow in may 17 fortnight,1
buy hdfc bank; target rs 740: ajcon global,0
hdfc bank q2 net profit surge 30% to rs 687.5 cr,1
lend rat can be cut when credit pick up: sbi,0
"itc become third most value co; surpass infosys, hdfc bank",1
mmtc to tie-up with sbi to sell gold coin,1
"hdfc bank can climb to rs 1860, sun pharma rs 530: prakash gaba",1
"buy hdfc bank, target of rs 1366: angel broking",0
here's what to expect from hdfc bank's q1 earn,0
hdfc report steady q3 earn,1
"emphasis on agri, retail, msme lead to rate cut: union bk",1
"hold hdfc bank, say kunal bothra",1
prefer private sector banks: ramesh damani,1
"cabinet clear hdfc bank's proposal to raise rs 24,000 cr via fdi",1
npci to ask bank not to charge upi transactions,1
hdfc bank block all its card to buy/trade cryptocurrencies,1
"hdfc bank to raise rs 50,000 cr in next 12 months",1
"buy, sell, hold: 3 stock that analysts be watch today",1
motilal oswal neutral on hdfc bank,1
hdfc bank an underperformer: karvy,0
here be top 10 stock to keep an eye on january 21,0
why the dream run of hdfc bank could continue,1
hdfc have support at rs 2300: ashwani gujral,0
axis bank have resistance at rs 1340: anu jain,1
"buy yes bank, indusind bank; like icici bank: devang mehta",0
buy hdfc bank; target of rs 2499: angel broking,1
analysis: how experts read sbi's q2 earn,0
"hdfc bank seek shareholders' nod to raise rs 10,000 cr",0
stay invest in hdfc bank: ajay srivastava,1
motilal oswal neutral on hdfc bank,0
"buy sbi, hdfc bank: sudarshan sukhani",1
"kotak securities' q3 outlook for banks, suggest buy",0
here be a few stock ideas from sandeep shenoy,0
"sell dlf, sbi, hpcl: ashwani gujral",0
hdfc bank to set the ball roll in hunt for aditya puri's successor,1
"prefer hdfc bank, say prakash gaba",1
"buy hdfc bank, sell hdfc: gopi suvanam",0
"accumulate icici bank, hdfc bank: mayuresh joshi",0
india home to 56 of the world's largest public firms: forbes,1
how do experts review bank space after earn results?,1
"buy hdfc bank, may hit rs 1265: daljeet singh kohli",0
"indusind bank look weak, say sukhani",1
buy hdfc bank; target of rs 1360:edelweiss,0
"buy hdfc bank, say ambareesh baliga",1
"buy hdfc bank, hindustan unilever, dabur india: ashwani gujral",1
buy hdfc bank; target of rs 1325: religare,1
buy hdfc bank: sudarshan sukhani,0
"buy larsen & toubro, hdfc bank, state bank of india: gujral",0
prefer private bank space over psu banks: vinay khattar,0
hdfc bank share sale likely this week: source,0
be hdfc bank not tell you something about its bad loans?,1
reduce hdfc bank: emkay global financial service,1
allege money launder not a case of systemic issue: rbi,0
mkt look weak; buy acc & ambuja cement on dip: tulsian,1
hdfc bank's aditya puri say the best be yet to come in term of loan growth,1
buy hdfc bank; target of rs 804: dolat capital,1
"prefer yes bank, kotak mahindra for long term: mohindar",0
"prefer hdfc bank, say meharaboon irani",1
buy hdfc bank; target of rs 2300: sharekhan,1
"hdfc bank share gain over 2%; mcap surge by rs 8,918 cr",1
"sell allahabad bank, hdfc bank: mitesh thacker",0
"buy hdfc bank, jain irrigation systems: mitesh thacker",0
hdfc bank launch rs 30 cr market campaign,1
"prefer yes bank, indusind bank, hdfc bank: anand tandon",0
"hdfc bank, icici bank may give 5-8% gains: thacker",1
"buy tata coffee, niit tech; sell dabur, dish tv, jspl: thacker",0
credit growth for psu bank a concern: karvy,1
"buy hdfc bank; target of rs 1,260: krchoksey",0
buy hdfc bank; target of rs 2548: prabhudas lilladher,1
buy hdfc bank; target of rs 503: iifl,1
state bank of mysore cut base rate by 0.10% to 9.9%,1
"trade calls: buy hdfc, lic hfl, hdfc bank; sell bob",0
"buy hdfc bank, target rs 2,820: anand rathi",0
"hdfc bank q1 profit up 21% to rs 2696cr, nii beat street",0
buy hdfc bank; target of rs 1510: motilal oswal,1
"hdfc bank; july 07, 2011 record date for payment of dividend warrant",1
"short sbi, indusind bank; positive on hdfc bank: harchekar",1
sbi card's valuation begin as partner ge cap plan exit,0
9 things to know about the atm security breach,0
here be sp tulsian's top trade pick,1
sukhani bearish on hdfc bank,0
bank stock result preview for q3fy12: krchoksey,1
"stay invest in hdfc bank, say sameet chavan",1
"hdfc bank, infosys top picks; like l&t, ioc: r sreeshankar",0
hdfc bank jun qtr pat see up 32.2% at rs 1073cr: angel,0
sbi get shareholders nod for raise rs 15k cr from market,0
"mobile wallet cos don't have profitable models, say aditya puri",1
npa issue in bank far from over; better mechanism needed: pros,1
hdfc bank q2 pat up 30% aid by robust loan growth,0
hdfc bank aim to grow share of rural biz to 50% in 5 years,1
hdfc bank con q3 pat see up 30.7% at rs 813 cr: sharekhan,0
"buy hdfc bank, target of rs 1,200: sharekhan",0
here€™s why religare cap mkts initiate sell on sks micro,0
here be mayuresh joshi's top trade bet,1
buy hdfc; target of rs 1980: axis direct,0
rbi probe bank for sale of gold investment products,0
"buy hdfc bank, target rs 1310: mitessh thakkar",1
hdfc bank q3 pat see up at rs 604.8 cr: religare,1
"buy mcleod russel, upl; sell hdil: ashwani gujral",0
indian financial service company be wary of these risk in 2019,1
add hdfc bank: iifl,0
"brokerages stay overweight on crompton, hdfc bank & cadila",0
bank for maintain priority sector status for mfis,1
stay away from smallcap banks: ajay srivastava,1
"stanchart upbeat on growth; idr price sound, say jm fin",0
hold hdfc bank; target rs 2530: emkay,1
hold ashok leyland; accumulate hdfc bank: emkay,0
news highlight of the day: delhi metro train ram into wall during trial run,1
"hdfc bank, idfc top picks: jitendra sriram",0
here be few stock trade ideas by mayuresh joshi,0
"prefer hdfc bank, yes bank: sudarshan sukhani",1
demonetisation to impact nbfcs for next 3-4 months: macquarie,0
"buy hdfc bank, edelweiss financial services, tata communications: ashwani gujral",1
icici bank have target of rs 1125: anil manghnani,0
to review base rate at alco meet next week: uco bank,1
confident of gain market share: hdfc bank's aditya puri,0
stay invest in hdfc bank: sp tulsian,0
s&p take hdfc bank's 3 bond sales off negative watch list,1
buy hdfc bank; may move to rs 1100: rajat bose,1
hdfc bank buck the trend: see rise in unsecured loan,1
hdfc bank recommend 400% dividend,0
"buy hdfc bank, target rs 2,190: ashish chaturmohta",1
ihh open offer for fortis to commence on sept 7,1
citi to offer swift's service to indian firm,0
"buy hdfc bank, hdfc: jatinder sharma",1
"pick indusind bank, expect move to rs 1070: icicidirect",0
buy hdfc bank; target of rs 1325:religare,0
"sell hdfc bank, vedanta: rajat bose",0
news highlight of the day: n korea's 'twisted dictatorship' cannot hold the world hostage say trump,1
"buy pnb, bob, hdfc bank, icici bank: sukhani",0
"cobrapost expose: icici, axis, hdfc bank share flat; but reputation hit",1
"axis bank, hdfc bank top picks: nischal maheshwari",0
hdfc bank among top 100 most valuable global brand in 2015,0
honda cars tie up with bank to limit demonetisation impact,0
"buy hdfc bank, icici bank, axis bank: ashwani gujral",1
"hdfc bank q3 meet estimates, profit rise 20%; nii jump 24%",0
icici bank may see some bounce: bhamre,0
"icici bank, hdfc bank may see 7-8% downside: mohindar",0
buy hdfc bank; target of rs 1025: religare capital,0
"emirates bank, sbi join hand for easier remittances",1
accumulate hdfc bank; target of rs 826: krchoksey,0
hdfc bank raise key lend rate by 25 bps,0
buy hdfc bank; target of rs 2650: sharekhan,0
"positive on hdfc bank, indusind bank: mehraboon irani",1
sell hdfc bank; target of rs 1920: sukhani,0
"buy hdfc bank, sbi, hcl tech, say sukhani",0
buy hdfc bank; target of rs 1025: motilal oswal,0
22 list company may default in fy14: india rat,1
whatsapp leak case: hdfc bank say commit to highest standards of corp governance,0
"asset quality still a concern; like icici, axis, sbi: kotak",1
hdfc bank fall short-term; buy at rs 875-880 level: experts,0
"hold hdfc bank, say dilip bhat",1
"hdfc bank q1 preview: pat see rise 23% on stable asset quality, interest income",1
"hdfc bank can climb to rs 1860, unite spirit rs 2750: prakash gaba",1
accumulate hdfc bank; target rs 567: angel broking,1
super six trade stock for short term gain,0
bank crash; nomura say base rate cut likely to hit nim,0
"pick asian paints, britannia; like yes bank, hdfc bank: emkay",1
hdfc bank sept qtr pat see at rs 917.5 cr: most,1
"tulsian's take on house finance, tata grp cos & others",0
hdfc bank look attractive: hemang jani,0
"go long in hdfc bank, advise amit harchekar",1
"hdfc bank: asset quality stabilisation, a key for q4 result",1
"thacker bullish on sbi, icici bank, axis bank",1
"sell hdfc bank, say sudarshan sukhani",1
hdfc bank hint at lend rate cut by weekend,1
hold hdfc bank; target of rs 1358: arihant capital,0
idfc see 20% return from infy in next 6 months,0
kotak mahindra bank may test rs 480: paul,0
"hdfc bank q2 profit rise 20% on higher nii, other income",1
"pick sbi, icici bank, hdfc bank: sudarshan sukhani",0
"hdfc bank trade settle smoothly, foreign hold cap intact",0
"buy dhanlaxmi bank, say baliga",1
hdfc bank jan-mar qtr pat may go up 25% at rs 2363cr: most,0
uco bank revise lend rat base on marginal cost,0
"buy sbi, bata, siemens; sell ultratech, bharti infratel: gujral",0
buy hdfc bank; target of rs 2100: edelweiss,0
"rbi fin hdfc bank, axis & icici rs 1-5 cr",0
check out mitesh thacker`s top pick in bank space,1
accumulate hdfc bank: ventura,0
"sbi q1 profit rise 10% to rs 3692 cr, nii disappoint",1
check out: super six stock for march 22,1
"short sell hul, itc: sukhani",0
aditya puri hop hdfc bank benefit from rivals' npa pain by expand market share,1
"book profit in bharti airtel, say phani sekhar",0
"sell ncc, srf; buy upl: ashwani gujral",0
hdfc bank allot debentures worth rs 6700 crore,1
"prefer hdfc bank, say shardul kulkarni",0
buy hdfc bank; target of rs 1400: axis direct,1
top buy & sell ideas by mitessh thakkar & prakash gaba for november 15,0
bank of baroda up lend rate by 75 bps,0
"after policy move, can home loan borrowers breathe easy?",1
hdfc bank may touch rs 960: amit harchekar,1
bank to pass on rate hikes; see pressure on assets,0
"hdfc issue india€™s largest masala bond to raise rs 3,300 crore",0
hdfc bank: update on clarification,0
sbi card see growth in premium credit cards; aim to top market share in 3 years,1
allahabad bank cut lend rate by 0.3%,0
lupin have target of rs 530: pankaj pandey,0
"hdfc bank, tvs motor in pact for inventory fund",1
"with bank cut save interest rates, what be your options now?",0
buy hdfc bank; target of rs 2310: prabhudas lilladher,1
"hdfc bank: loan to grow 20-21%, see no strain from retail assets",0
buy hdfc bank; target of rs 2016: kr choksey,0
angel broking neutral on hdfc bank,0
expect higher level in hdfc bank: sudarshan sukhani,0
hdfc bank overtake tcs to become second most valuable company,1
"ncdex, kotak mahindra bk pact to provide commodities loan",1
hdfc get 2-yr extension to cut capital mkt exposure,0
buy hdfc bank; target of rs 1030: motilal oswal,1
accumulate hdfc bank; target of rs 2510: angel broking,1
buy hdfc bank; target of rs 2250: aditya birla money,0
"federal bank, catholic syrian merger likely in a month",0
buy bajaj finance on dips: ashwani gujral,0
sell hdfc bank sep fut below rs 603: iifl,1
prefer eros international media: jigar shah,0
buy opportunity see in hdfc bank: sukhani,0
"good time to buy icici bank, hdfc bank, say radhika gupta",0
"go long in infosys; sell hdfc bank, lic housing, hul: thacker",1
"hdfc bank look good, m&m may test rs 1225: prakash gaba",1
here be manoj murlidharan€™s top f&o pick,0
"prefer icici bank, axis bank, say ajay bodke",0
"buy hdfc bank on every dip, hdfc may test rs 1175: ab money",1
go long in hdfc bank: siddharth bhamre,1
"axis bank queue up, cut base rate by 10 bps to 9.85%",0
see icici bank roa @1.6% for fy17; stress assets a worry: pros,1
"buy hdfc bank, infosys: rajat bose",0
"hold icici, sbi, shriram transport, hdfc bank: kothari",0
"accumulate hdfc bank, target of rs 1100: p lilladher",1
"buy hdfc bank, say sudarshan sukhani",1
'yes bank post strong q2 nos; accumulate on stock',0
"buy chennai petroleum, hdfc bank, yes bank: ashwani gujral",1
lic eye 10% stake in cdsl from bse for about rs 83 cr,1
nearly 1 lakh indians sign petition to rbi governor against unfair bank charge,1
"hdfc bank sep '11 profit at rs 6,717.70 crore",0
"buy icici bank, hdfc bank: siddharth teli",0
"prefer private banks, say anand tandon",1
hdfc bank rule out more rise in bad loan & base rate cut,0
here be top 10 stock to focus on december 19,0
neutral outlook on hdfc bank: angel broking,0
buy canara bank on dips: baliga,0
look at hdfc bank: sudip bandopadhyay,0
"pick idfc, hdfc bank, ashok leyland: sandip sabharwal",0
hdfc bank q4 pat see up at rs 631 cr: sharekhan,1
aditya puri feature in world's 30 best ceos list by barron's,0
hdfc bank may test rs 853: siddharth bhamre,1
hdfc bank can go upto rs 640: thukral,1
"hdfc bank, l&t finance hold be top picks: r sreesankar",1
icici bank have target of rs 1150: manghnani,1
kotak mahindra bank lower base rate to 9.75%,1
"sell hdfc bank, india cements; buy gnfc: ashwani gujral",1
axis bank look very attractive: f&c investments,0
"buy zee ent, hdfc bank, ntpc; sell bharti infratel: sukhani",1
"global investors be reap benefit of hdfc growth story, not indians: uday kotak",1
discoms loan at rs 7k cr; rs 3.3k cr restructured: dena bk,0
karur vysya bank a top pick: darashaw,0
"hdfc bank's q3 result on jan 17, 2014",1
"hdfc bank a better bet, say anu jain",0
asia telecom cos bet on bank to drive mobile money boom,1
"see mix q3 for banks; hdfc bank, indusind top bets: ubs",0
worst of liquidity crunch be over: hdfc bank,0
sell dena bank: parag doctor,0
accumulate hdfc bank; target of rs 636: aditya birla money,0
hdfc bank may test rs 710: ashish chaturmohta,1
"pick l&t, bhel, icici bank, sun pharma: sharmila joshi",1
hold hdfc bank; target of rs 540: karvy stock broking,1
rbi find kyc violation in cobra expose: source,0
"buy hdfc bank, advise sudarshan sukhani",1
"buy hdfc bank, target of rs 1769: angel broking",1
"prefer hdfc bank, icici bank, sbi, sun pharma: dilip bhat",0
hdfc bank q3 net profit up 32.89% at rs 1087 cr,1
"podcast | stock pick of the day: nifty likely to hover within 11,100-11,500 level this week",0
hdfc bank: outcome of agm,1
hdfc bank see credit growth at 18-20%,1
"buy hul, hdfc bank, arvind: chandan taparia",0
accumulate hdfc bank; target of rs 880: kotak securities,1
"hdfc bank may head lower, say amit gupta",0
"hdfc group m-cap cross rs 10 trillion, only second after tatas",1
buy psu banks: sukhani,0
draft rbi norms on large bank seek add'l capital buffer,0
"sell hdfc bank; buy cipla, infosys: mitesh thacker",0
hdfc bank: outcome of committee meet,1
"buy hdfc bank, target rs 2,820: anand rathi",0
won't sell icici bank shares: pk tayal,0
bank asset quality may stabilise in 18 months: phillipcap,1
"optimistic on banks; stay with hdfc bank, sbi: angel broking",1
"hdfc bank q3 profit, net interest income see up 20-21%",0
buy hdfc; target of rs 2287: prabhudas lilladher,0
buy hdfc bank; target of rs 1417: geojit bnp paribas,0
"banking, auto stock may outperform: agarwal",1
"sell hdfc bank, target rs 1980: rupak de",1
"buy balrampur chini, hdfc bank, bharat financial: ashwani gujral",1
super six intraday pick for the day,0
"like tata motors, prefer icici bank: r sreesankar",1
avoid hdfc bank: amit trivedi,1
hold hdfc bank; target of rs 1840: icici direct,1
"buy hdfc, hdfc bank on decline: sukhani",1
hdfc bank fix record date for dividend & agm,1
"buy bajaj finance, cairn, hdfc bank; sell ceat: sukhani",1
"hdfc bank fy13 result on april 23, 2013",0
"hdfc bank may test rs 1270, short apollo tyres: most",0
bank propose measure to revive flag house sector,1
hdfc bank: outcome of board meet,0
"hdfc bank q3 profit may rise 20.6% to rs 2,804 cr: poll",0
"buy hdfc bank, irb infra, rec, bhel, motherson sumi; short coal india: sukhani",1
hdfc bank to sell silver bar from may,1
"positive on tata global, hdfc bank, ril: amit harchekar",0
buy dcb with a target of rs 57: sp tulsian,1
"pick zee entertainment, hdfc, tata power: shahina mukadam",0
"hdfc bank q3 profit see up 12%, loan growth may slow down",1
accumulate hdfc bank: prabhudas lilladher,1
"buy ashok leyland, colgate: sudarshan sukhani",0
"buy coromandel international, tata motors, ntpc: ashwani gujral",1
fund managers be not gung-ho on these 20 stocks; do you have them in your portfolio?,0
buy hdfc bank on dips: advani,0
hdfc bank to cut lend rate by march: aditya puri,1
"hdfc bank's fy16 result on april 22, 2016",1
hdfc bank's chatbot address 2.7 m query in 6 months,1
sell bank nifty 19100 put; see momentun in petronet: amit gupta,1
should be able to maintain margins at 3.9-4.3%: hdfc bank,1
buy hdfc bank; target of rs 2500: motilal oswal,0
super six buy/sell call for september 17,0
atms run out of cash on second day of bank strike,0
"morgan stanley rat hdfc bank overweight, see stock at rs 3,020 in bull case scenario",1
"rbi leave key rate unchanged, shift focus to growth",1
hdfc bank fix book closure for dividend & agm,0
bank unions to strike today; cheque clearances may be hit,0
"axis bank, hdfc bank top pick in private sector bank: iifl",1
ubs india overweight on private bank,1
here's why private bank may have show interest in axis bank,0
hdfc bank to pick additional 4% stake in clear corp for rs 124 cr,0
"buy hdfc bank, sell kpit technologies: mitessh thakkar",0
dalal`s view on bank,0
hdfc bank rope in citi executive to head corporate bank,0
buy hdfc; target of rs 2056: icici direct,0
hold hdfc bank: ventura,0
"sbi to send new cheque book by dec 15, update your address",1
high-powered group set up to regulate chit funds: takru,0
bank stock likely to underperform: sukhani,0
hdfc bank launch its upi on chillr,0
"keep hdfc bank in portfolio, say ajay bodke",1
bofa merrill turn positive on indian state-owned bank,0
buy hdfc bank; target of rs 2750: sharekhan,0
govt doles out extra dealer commission in bond market,1
"buy l&t on correction, look at tata motors: dilip bhat",1
super six stock you can bet on november 14,1
"bad loan to rise till sept, downgrade over: india rat",1
buy hdfc bank; target of rs 1500: icici direct,0
buy hdfc bank; target of rs 1200: p lilladher,0
bank sector earn review: who's lead q1 race?,0
bob reduce mclr by up to 75 bps,1
executive order need to solve fdi insurance issue: ey,1
"buy hdfc, hdfc bank, sun pharma, say irani",1
aditya puri be cnn-ibn indian of the year (business),0
"go long in hdfc bank, advise amit harchekar",0
myntra offer emi of rs 51 on clothe range,1
"hdfc bank q4 pat see up 30% at rs 1,449 cr",1
"prefer hpcl, beml, oil india: rajesh agarwal",1
"hdfc bank's fy14 result on april 22, 2014",1
air arabia passengers can pay for ticket in instalments,0
"buy hdfc bank, say sudarshan sukhani",1
idbi deal effect? lic on sell spree in bank,0
axis bank cut base rate by 0.20% to 9.95%,1
"hold hdfc bank, target of rs 1530: krchoksey",1
super six chart pick for june 18,0
base rate regime won't impact retail lending: hdfc bank,0
play safe; buy lakshmi vilas bank & obc: prakash diwan,1
"like icici, hdfc bank: dipen shah",0
"buy hdfc bank, lic housing, bharat financial: ashwani gujral",1
buy hdfc bank; target of rs 2371: prabhudas lilladher,0
advance tax collection in q1 up 5% at rs 33089cr,1
idbi raise $300 mn via overseas bond sale at 5.06% coupon,0
hdfc bank q3 pat see up 38% at rs 594 cr,0
hdfc bank have target of rs 2585: gujral,0
friendship and bank be not co-related: aditya puri,1
"pick hdfc bank, say pankaj jain",0
hold hdfc bank; target of rs 513: unicon investment,1
"hdfc bank€™s new mobile app continue to malfunction, remain unfixed",1
go long in hdfc bank: sudarshan sukhani,1
super six stock ideas to liven up your trade,0
online fraud: why should you not blame bank,0
hdfc bank an outperformer: karvy stock broking,0
hdfc bank be india's most value brand for 5th year in a row: report,1
"hdfc bank top pick, bob from psu space religare cap mkts",0
hdfc bank to focus on digital platform for sustain growth,1
hold hdfc bank; target of rs 610: emkay,0
icici bank can head towards rs 1770-1780: hemant thukral,1
hdfc bk launch prepay medical card with apollo hospitals,0
"hdfc bank board approve raise up to rs 24,000 crore",1
"hdfc bank report divergence of rs 2,051 cr for fy17; profit grow 20%",1
overall value of top 50 brand dip 2% this year: report,1
sbi cut interest rate on home loan by 5-15bps,1
sbi cut retail term deposit rat by 25 bps,1
"restructure asset, a key trigger for banks' q4 result",0
"buy hdfc bank, dcb: sudarshan sukhani",1
"buy hdfc bank, target of rs 1200: motilal oswal",0
hold hdfc; target of rs 920: icicidirect.com,0
buy hdfc bank at rs 1200-1225: irani,1
"look at hdfc bank, l&t, yes bank, kotak bank: kunal bothra",1
money launder sting: hdfc bank say will probe matter,1
"hdfc bank, oriental bank good picks: iifl",0
"buy hdfc bank on declines, say suruchi jain",0
keep hdfc bank in portfolio: joshi,0
experts see rs 370 as fair value for icici bank,1
hdfc bank q4 nii see up 17% to rs 3974 cr,0
hdfc bank launch global search for aditya puri's successor,1
"pick hdfc bank, axis bank: ambareesh baliga",0
"short hdfc bank, target rs 995: aditya agarwal",0
"icici bank, hdfc bank, bajaj finance top picks: sachin shah",0
"book profit in axis bank, icici bank, hdfc bank: sukhani",0
"pick icici bank, target rs 380: shubham agarwal",0
prefer private sector banks: manishi raychaudhuri,1
hdfc bank plan to raise up to $3.75 billion from share sale,1
"look at hdfc bank, dcb bank: ambareesh baliga",1
buy hdfc bank; target of rs 724: firstcall research,0
"buy hdfc bank, advise amit harchekar",0
accumulate hdfc bank; target of rs 2550: dolat capital,0
"india infoline bullish on hdfc bank, lic house fin",1
"hdfc bank q2 profit rise 20% to rs 3455cr, asset quality stable",0
here be sp tulsian's top trade ideas,1
hdfc bank tie up with ioc to provide bank service,1
avoid private sector bank stocks: hemen kapadia,0
"keep icici bank, hdfc bank in portfolio: sharmila joshi",1
"keep sbi, icici bank, hdfc bank in portfolio: r sreesankar",1
"buy hdfc bank, bank of baroda: rahul mohindar",0
hdfc bank may head lower: sudarshan sukhani,1
"yes bank raise $500m in foreign currency loans, deposit",0
hike in icici bank base rate to hold margins: angel broking,1
"top buy & sell ideas by ashwani gujral, sudarshan sukhani, prakash gaba for short term",1
"trade calls: buy hindalco, bpcl, zee; sell hdfc bank",1
hdfc plan to raise $750 mn via rupee denominate bond,1
"hdfc raise rs 3,000 cr in 1st ever masala bond issue",1
"buy hdfc bank, target rs 2,420: anand rathi",1
hdfc bank an outperformer; target rs 2314: karvy,0
hdfc bank hit overseas bond market with benchmark issue,0
buy hdfc bank; target of rs 2400: motilal oswal,0
here be why sp tulsian be bullish on petronet lng,1
hdfc bank may move to rs 635-640: hemant thukral,1
"buy hdfc bank, hul; sell bajaj finance: ashwani gujral",0
big pvt sector spend 12-15 months away: hdfc bank's puri,0
buy bank stock on correction: vikas khemani,0
prefer hdfc bank: sanjeev prasad,1
"short yes bank, axis bank, icici bank: rajat bose",1
there be more room for lend rate cuts: hdfc bank ceo puri,1
hdfc bank report healthy number in q4; what should investors do now?,0
datta`s view on bank stock,1
"sbi, icici bank, hdfc bank top picks: r sreeshankar",1
rbi ask hdfc bank to classify a project loan account as npa,0
"podcast | stock pick of the day: nifty to find support at 10,700-10,750 amid volatility",0
hdfc bank may rally towards rs 695: pritesh mehta,1
here's list of icici direct's f&o stock pick,0
be cautious on hdfc bank and kotak mahindra bank: merani,1
"add hdfc bank, target of rs 1102: iifl",1
"hdfc bank digitise over 1,200 dairy co-operatives",1
"buy bharat electronics, sell hdfc bank: mitesh thacker",0
new board of directors appoint at satyam,0
buy hdfc bank; target of rs 2500: motilal oswal,0
hdfc bank q3 net profit up 31.5% at rs 818 cr,0
what experts make of hdfc bank's q2fy15 earn,1
"accumulate hdfc bank, target of rs 1770: angel",0
"buy hdfc bank, siemens: prakash gaba",1
go long on hdfc bank futures close to rs 532-534: iifl,1
"ccea to decide on hdfc bank, lupin fdi proposals today",0
"rupee fall pinch home-owners; hdfc, icici bk hike rat",1
hdfc bank may test rs 810: hemen kapadia,0
reverse trend: axis bank hike base rate by 25 bps,0
"buy sun pharma, sell bank stocks: ashwani gujral",1
hdfc bank mar qtr pat see up at rs 1110 cr: angel,1
low inflation give rbi room to cut rat further: hdfc,1
hdfc bank top pick: siddharth teli,0
comment: here's why we should happily pay our atm fee,1
lakshmi vilas bank cut base rate by 0.15%,1
super six buy/sell call for june 13,0
buy hdfc bank; target of rs 1500: icici direct,1
"buy ultratech, hdfc bank, bharat financial: ashwani gujral",1
bank rates: where be lend rat and bond yield headed?,1
daily wrap up: news from the world of business,0
"hdfc bank get cabinet nod to raise rs 24,000 crore as fdi",0
"buy hdfc bank, indusind bank, hdfc: mehraboon irani",0
"short hdfc bank, pnb; sukhani",0
"sell axis bank, target rs 425.50: rajat bose",0
"hdfc bank q4: analysts expect pat growth at 26%, 16% in nii",0
"short hdfc bank, sbi: sudarshan sukhani",1
"icici, axis bank withdraw from deccan chronicle debt recast",0
sell hdfc bank: sudarshan sukhani,0
buy hdfc bank; target of rs 2700: prabhudas lilladher,0
"key takeouts from cobrapost sting on hdfc, axis and icici",1
"keep hdfc bank, pnb, bob in portfolio: rahul mohindar",0
"mfs flock to indusind, kotak mahindra bank and infosys in july",0
"hdfc bank q2 profit, net interest income, loan growth see around 20%",1
hdfc bank dec qtr pat see up 33.3% at rs 1091cr: angel,1
"buy yes bank, hdfc bank: ravikant bhat",1
buy hdfc bank; target rs 664: iifl,1
"rbi look at bank regulations, not black money: thakru",1
hdfc bank an underperformer: karvy stock broking,1
kotak cut hdfc bank to,0
"buy hdfc bank, niit technologies; sell motherson sumi: rajat bose",1
"sell tata steel, beml; buy hdfc bank: sudarshan sukhani",0
"rbi likely to cut interest rat next week, say hdfc's keki mistry",1
"now, hdfc too match sbi,icici's rates, lower to 8.35%",1
"buy infosys, beml, hdfc bank; sell pidilite, wockhardt: sukhani",0
hdfc bank q1 net see up 21% to rs 3262 cr: kr choksey,0
rbi issue guidelines for new bank licence,1
hdfc bank add 6 more payment options on merchant terminals to convert them into digipos,1
"axis bank, icici bank look attractive: sachin shah",1
"look at sadbhav engineering, sbi, shriram trans: ajay bodke",0
buy hdfc bank; target of rs 2100: sharekhan,1
hdfc bank growth to be lead by volume; q3 show stable: experts,1
buy hdfc; target of rs 2250: icici direct,0
best buys: which stock be brokerages back after brexit,0
"buy arvind, gruh finance; sell bharti airtel: ashwani gujral",1
hdfc bank q3 pat see up 19.8% at rs 2227cr: dolat capital,0
"go long on yes bank, axis bank, hdfc bank: baliga",1
hold hdfc bank: bonanza,0
"hdfc bank fy13 result on april 23, 2013",0
accumulate hdfc bank; target of rs 1100: ab money,0
accumulate hdfc bank; target of rs 1020: emkay,1
hold hdfc bank; target of rs 868: sharekhan,0
"bank q3 results: how be experts read bob, union bank?",0
hdfc bank q3 net up 31.4% at rs 1430 cr,1
"hold hdfc bank, advise deven choksey",0
stay away from reliance capital: sukhani,0
"hdfc bank raise rs 8,500 cr by issue equity to parent hdfc",1
"vora`s view on bank stocks- icici bank, hdfc bank",0
bank-borrowings from rbi repo window hit 9-month low,0
"sell hdfc bank, target rs 940: gaurav bissa",1
hdfc bank launch smartup zone in hyderabad,0
frontline stock and midcaps may face pressure: bhatnagar,1
"remain invest in hdfc bank, indusind bank: irani",1
be brokerages happy with hdfc bank q2 performance?,0
sell hdfc bank; target rs 471: dolat capital,0
"buy hindustan unilever, l&t, ultratech cement: ashwani gujral",1
equity dilution to aid hdfc bank€™s credit growth: idbi cap,1
review: hdfc bank q3 number,0
"buy hdfc bank, apollo hospitals, reliance ind: sukhani",1
hdfc bank mar qtr pat see up at rs 1102 cr: sharekhan,0
hdfc bank q2 net profit see up 32% to rs 908 cr,0
"these stock will see ftse, wisdomtree earn index rebalance",1
"hold hdfc bank, advise kunal bothra",0
bond yield to scale back to 6.7% level by march: hdfc bank,0
may cut interest rat before next rbi policy: bob,0
motilal oswal neutral on hdfc bank,0
unite bank of india slash lend rate by up to 0.90%,1
"hdfc bank's q3 result on january 24, 2017",1
hold hdfc bank; target of rs 1337: arihant capital,1
"hdfc bank, pnb may slip further: sukhani",0
buy hdfc bank; target of rs 2670: krchoksey,1
hdfc group say yet to consider merger plan,0
hdfc bank hold digital innovation summit in gujarat,0
add hdfc bank; target of rs 2187: iifl,0
hdfc bank have target of rs 489: prakash diwan,0
hdfc bank top pick: jignesh shial,0
"podcast | stock pick of the day: nifty likely to trade in the range of 10,740€“11,100",1
"buy kesoram industries, niit technologies: ashwani gujral",1
state-owned banks' npa cross rs 1.23 lakh cr at june-end,1
npa divergences point to a need for bank auditors to have a dialogue with rbi,1
"closely watch nbfc space, positive on bank: ajay bodke",0
hdfc bank q2 net may rise 29% at rs 2020 cr: kr choksey,0
"cobrapost expose: i-t issue notice to icici, axis, hdfc bank",1
profit book likely to be see in hdfc bank: sp tulsian,1
"stay with hdfc bank, say rahul mohindar",0
"hdfc bank's q3 result on february 14, 2015",0
short hdfc bank; target rs 585: hemant thukral,1
state bank of india have support at rs 2770: bhambwani,0
"buy hdfc bank; sell tata steel, idfc bank: ashwani gujral",1
"bullish on yes bank, indusind bank, hdfc bank: hemant thukral",0
"exit south indian bank, buy hdfc bank: parag doctor",1
bank sector result preview for q4fy12: angel broking,0
hold hdfc bank; reduce persistent systems: emkay,1
"vikram kotak of crest cap upbeat on indian equities; like financials, bearish on it",1
prefer hdfc bank: sandip sabharwal,0
bankers divide over logic behind farm loan waiver,1
"buy, sell, hold: here be 8 stock that analysts be track today",0
"q1 asset quality tad weak, yet hdfc bank best bet: experts",0
top five key takeaways from hdfc bank q2 results; stock up 50% in 2017,1
"infosys, hdfc bank, aurobindo be top picks: r sreesankar",1
your stocks: where to invest in volatile market,1
15 stock to buy this earn season: emkay,1
hold hdfc bank; target of rs 520: unicon investment,0
"buy hdfc bank, advise sudarshan sukhani",1
buy hdfc bank; target of rs 1375: icici direct,0
"soon, a robotic assistant will greet you at nearest hdfc bank",0
prefer private sector banks: mayuresh joshi,0
"rbi credit policy: bank unlikely to cut rat soon, no relief for emis",0
rbi take measure to revive corporate bond and cds market,0
"buy hdfc bank, infosys, capital first: rahul shah",1
hdfc bank to offer loan online against share in 3 minutes,1
bank to go ahead with atm expansion,0
buy or sell: top stock trade ideas by market experts which be good short term bet,0
buy hdfc bank on correction: krishna kumar karwa,0
"aviation company owe rs 40,621 cr to banks: govt",0
prefer hdfc bank: mehraboon irani,0
buy hdfc bank; target of rs 751: firstcall research,0
hdfc bank look weak: sharma,0
"buy tcs, hdfc bank: sudarshan sukhani",1
cobrapost: what worry & why incentive culture be revised?,0
"comment: axis bank suitor list grows, but kotak unlikely to overpay",0
"rbi do its bite to ease interest rates, what about banks?",0
news highlights: facebook ban far-right group; all-woman crew of indian navy begin return journey,1
"cautious on rec, pfc and ntpc: tulsian",0
"prefer icici bank, axis bank over hdfc bank: sukhani",0
"ideas for profit: hdfc continue steady performance in q1, buy",0
"buy hdfc bank, say hemant thukral",0
"short sbi, hdfc bank: gopi suvanam",0
hdfc arm hbd financial service to raise up to rs 350 cr,1
bank sector result preview for q2fy13: angel broking,1
bank to restructure rs 2 lakh cr loan by end-fy13: crisil,0
hdfc bank only domestic brand in brandz's top 100 global list,1
short hdfc bank: amit harchekar,1
ideas for profit | hdfc bank q4 review: steady show aid by robust loan growth; must buy,0
"focus on hdfc, hdfc bank, hul, itc: sudarshan sukhani",0
buy hdfc bank; target of rs 2000: motilal oswal,1
"hold hdfc bank, say phani sekhar",0
"hdfc bank hike base rate by 20 bps to 9.15%, indusind bank hike mclr by 5 bps",0
hdfc bank look overpriced: pn vijay,1
gautam shah bullish on private bank space,1
"hdfc bank may hit rs 1600, eicher motor rs 27000: ashwani gujral",1
hdfc bank an underperformer: karvy stock broking,0
hdfc bank's q1 non interest income likely to grow 20%+,1
"buy hdfc bank, bpcl, bajaj auto: sudarshan sukhani",1
accumulate hdfc bank; target of rs 2450 : dolat capital,0
hdfc bank may test rs 875-885: kunal bothra,1
hold hdfc bank; target of rs 2670: krchoksey,0
q1 earn to be tepid; analysts pick best & worst sectors,0
"buy, sell, hold: 18 stock that analysts be watch out",1
hdfc bank q1 net see up 31.4% at rs 2423.5 cr: emkay,0
hdfc bank could potentially be delete in nov review: msci,1
hdfc bank launch 'meritus' scholarship,0
hdfc bank earn total income of rs 5365.5 cr,1
"itc set to correct; buy tata motors, hdfc: mehraboon irani",1
"buy axis bank, dcb bank on declines: ambareesh baliga",1
"hdfc bank dec '11 profit at rs 7,202.64 crore",0
here be top 10 stock to focus on february 5,1
"buy hdfc bank, hdfc, can fin homes, hindalco, tata steel, beml: ashwani gujral",1
expect hdfc bank to move towards rs 1130: amit harchekar,0
hdfc bank reappoints paresh sukthankar as deputy manage director,1
"brace for 'weak' indian q1 earnings, say bofa-ml",1
reliance result may surprise market: tulsian,0
hdfc bank q4 nos bang in line with expectations: experts,0
short hdfc bank around rs 625-630: amit gupta,1
buy suven life sciences: rajat bose,0
"helios favour hdfc, say telcos to underperform: fund view",0
buy hdfc bank; target of rs 2136: prabhudas lilladher,1
happy holi! top 10 stock to colour your portfolio which could give up to 40% return,1
fipb to consider hdfc bank's fdi proposal on oct 1,0
hdfc bank deputy md paresh sukthankar resign,0
financial sector result preview for q3fy12: most,1
hold hdfc bank: radhika gupta,1
"buy ashok leyland, hdfc bank: yogesh mehta",1
move towards marginal cost of funding: indusind bk,1
hdfc bank q3 net see up 25% at rs 2323.5cr: motilal oswal,0
sbi draw pvt bank customers with home loan at 8% interest,0
hdfc bank q4 nii at rs 1852 cr,1
budget 2017: experts pick 16 stock that may benefit from the big event,1
"prefer hdfc bank, yes bank: sudarshan sukhani",1
hdfc bank to raise nre deposit rate to 9%,1
"like hdfc bank, icici bank: mayuresh joshi",1
nod to hdfc bank to raise fii limit may be delay,1
bank to post 27% yoy growth in pat for q1fy13: dolat,1
18 bank have rs 660-cr exposure to satyam,1
freecharge to manage snapdeal's capital assist program,1
"hdfc bank, indusind bank best bets, say irani",0
7th pay hike may raise consumption to 8%: stock you can buy now,1
"prefer axis bank, hdfc bank, yes bank, indusind bank: bhat",0
buy hdfc bank closer to rs 1700: gujral,0
hdfc bank unveil payzapp online payment solution,0
"cautious banks; no cheer see on interest rates, npas: jp morgan",1
"buy hdfc bank, sell aurobindo pharma: sudarshan sukhani",1
sun pharma may rally further: sukhani,0
"hdfc bank cut base rate by 0.05%, effective january 4",1
"go long in hdfc bank, short nifty: icicidirect",1
"remain invest in hdfc, say prakash gaba",1
hdfc bank advance likely to grow by 30%,1
tata steel may slip below rs 250: rajat bose,0
shift to daily interest rate impact 18 bps: hdfc bank,1
stay away from psu bank space: baliga,0
back to normal: rbi put up long-term govt bond for sale,1
"buy hdfc bank, may hit rs 1028: manoj murlidharan",1
hdfc bank q1 pat see at rs 555 cr: iifl,1
"hdfc bank plan to list nbfc arm, raise $1 bn",1
"tulsian's take on construction cos, zee, rbl bank & other stock",1
"buy hdfc bank, voltas, maruti suzuki: sudarshan sukhani",1
plilladher stock bet this q1 earn season,1
"icici, hdfc bank develop watchbanking apps for apple watch",0
accumulate hdfc bank; target of rs 940: krchoksey,1
"hdfc bank to declare q1 result on july 13, 2012",0
prefer hdfc bank: srivastava,0
demonetisation will help the economy in long run: aditya puri,0
buy hdfc bank; target of rs 2200: motilal oswal,0
short uco bank at current level: gupta,0
"bad loan to shackle sbi fy14 net, hurt smaller rival",0
"buy sbi, bank of baroda: ambareesh baliga",1
axis bank appoint kpmg for money launder inquiry,0
hdfc bank q4 net profit see up at rs 647 cr: angel,0
"sell dhfl, hdfc bank; buy finolex cable: ashwani gujral",0
"buy sbi, say amit gupta",1
rbi team move into branch name by cobrapost: source,0
"buy hcl tech, infosys, wipro: sudarshan sukhani",0
pnb can test rs 840-845: thukral,1
hdfc bank launch chatbot eva for customer service,1
short hdfc bank: sudarshan sukhani,1
phillipcapital 'banks' on 4 factor in financials; 5 stock to bet on,1
alpha trade: short hdfc; long hdfc bank: icicidirect.com,0
tourism fin corp to seek licence from rbi to set up bank,1
upside look limit in hdfc bank: mohindar,0
icici bank cut base rate by 5 bps to 9.70%,1
"hdfc bank's board meet on july 24, 2017",0
hdfc bank q1 net see up 32% to rs 1869 cr: emkay,0
"buy hdfc bank, target rs 2420: anand rathi",1
buy hdfc bank on declines: phani sekhar,0
npa woes: why bank be not sell bad loan,0
buy hdfc bank; target of rs 530: krchoksey,0
"icici look attractive, hdfc bank to outperform: sabharwal",1
security breach at atm maker compromise 3.2 million debit card,0
hdfc bank look negative: mohindar,0
wonder where to invest? mfs have these 20 large & midcap stock in their kitty,0
time internet partner hdfc to launch co-branded debit card,0
short hdfc bank; target rs 613: siddharth bhamre,1
"ntpc sign rs 3,000 cr worth of term loan",0
"buy hdfc bank; target of rs 1,265: angel broking",0
hdfc bank hike lend rat by 50-55 bps,0
hdfc bank could go sideways: subramanian,0
stake in hdfc bk intact; credit growth @ 20% in 5 yrs: hdfc,0
"buy hdfc bank on dips, say rajat bose",0
see lower level in hdfc bank: sudarshan sukhani,0
accumulate hdfc bank; target of rs 1778: arihant capital,1
"prefer icici bank, sbi, hdfc bank: ca rudramurthy bv",0
"bank stock may rally, say taher badshah",0
kotak mahindra md see sector loan growth below rbi target,1
ratio trade - long hdfc; short hdfc bank: emkay,0
why icici bank can fetch you double return in four years,1
"stay with pharma, bullish on sun pharma: sudip bandopadhyay",1
hdfc bank emerge as india's most valuable brand,1
"look at aurobindo pharma, tcs, dcb bank: kunal bothra",0
"hdfc bank share sale hit market to raise rs 10,000 cr",1
hdfc bank q1 net may rise 26.3% at rs 2328 cr: p lilladher,0
"buy hdfc bank, hul, godrej industries: sudarshan sukhani",1
hold hdfc bank; target rs 600: icicidirect.com,0
"hdfc bank, sbi may see 4-5% bounce: thacker",1
"sell hdfc bank, advise sudarshan sukhani",0
"buy hdfc, avoid hdfc bank: sudarshan sukhani",0
"buy rallis india, andhra sugar: sudarshan sukhani",1
"hdfc bank q2 net up 31.5%, beat street estimate",0
unusual billionaires: axis and hdfc bank's secret sauce,0
"above rs 950-955, hdfc bank can test rs 972-980: bose",0
hold hdfc bank; target of rs 1365: arihant capital,1
hdfc bank raise key lend rate by 45 bps,0
"top 6 cos lose rs 26,191 cr in m-cap, infosys hit hard",1
prefer hdfc bank on correction: ajay srivastava,1
"sbi best in psu banks, prefer hdfc bank: sukhani",1
see 10% upside in hdfc bank: vaibhav agrawal,0
buy hdfc: vijay bhambwani,1
"buy, sell, hold: 4 largecaps and 3 midcap stock on analysts radar today",0
"buy hdfc bank, say sudarshan sukhani",0
prefer private sector banks: jagdish malkani,0
"sell crompton greaves, hdfc bank: mitesh thacker",1
go long on hdfc bank on correction: sudarshan sukhani,1
"buy icici bank, hdfc bank: sudarshan sukhani",0
gmr infra can touch rs 23-24: jitendra panda,0
book profit in hdfc bank: sukhani,1
better kyc norm compliance needed: rbi on cobrapost sting,0
"keep hdfc bank in portfolio, prefer dcb bank: prakash diwan",0
buy hdfc bank; target of rs 2454: edelweiss,0
"hdfc bank set aside rs 206 cr provision for agri, telecom, iron & steel sectors",1
"buy yes bank, axis bank post q1 results: baliga",1
hdfc bank q4 net profit see up at rs 545 cr: krchoksey,1
"asci uphold complaints against gcpl, hdfc bank, others",1
buy hdfc bank; target of rs 2346: kr choksey,1
"hdfc bank raise rs 6,700 cr via bond",1
"hdfc bank's q2 result on october 25, 2016",1
change in base rate to depend on deposit rates: hdfc bank,1
investors upbeat over india's reform push: bcg,1
hdfc bank q2 above expectation; retain a buy: experts,1
donï¿½t expect another shock for sector in budget: hdfc bk,0
inside companies: federal bank's main focus on sme lend,0
sambit patra's appointment to ongc board challenge in hc,1
hdfc bank open its 100th branch in bihar,1
"prefer sbi, hdfc bank, axis bank, lic housing: vishal goyal",1
3 hot stock pick from geojit financial service,0
"prefer hdfc bank, indusind: rahul mohindar",0
"houseviews: analysts bet on 7 largecaps, 5 midcaps for profit",1
hdfc bank q1 net see up 28% at rs 1815.6 cr: dolat capital,0
hdfc bank q4 net profit see up 32% at rs 832.96 cr,1
psu bank asset quality to remain under pressure in q2,1
"go long in private banks; short psu banks, short ifci: thacker",1
hdfc bank dec qtr pat see up 23% at rs 1009cr: krchoksey,1
hdfc bank allot lower tier ii bond of rs 565 crore,0
buy hdfc bank; target of rs 2627: kr choksey,1
6 trade stock for short term gain,0
"how bank dress book to meet loan, deposit growth target",0
sell hdfc bank call options: amit gupta,0
prefer hdfc bank: rajat bose,0
buy private sector banks: sudarshan sukhani,1
apollo hospitals raise rs 200 cr via ncds,0
hdfc bank's q2 net profit see up 28%,1
fipb likely to reject hdfc bank's proposal to increase fdi,1
"sell arvind; buy hexaware, hdfc bank: sudarshan sukhani",0
super six stock you can bet on feb 20,0
stay invest hdfc bank: phani sekhar,0
hdfc bank - outcome of board meet,1
"expect rally in hdfc bank, may test rs 1040: amit gupta",1
"slideshow | wipro, hdfc bank among top 11 pick by brokerages with up to 60% upside",0
book profit in hdfc bank around rs 436- 439: murlidhar,0
buy hdfc bank; target of rs 2284: nalanda securities,1
"buy dabur india, ntpc, hdfc bank, icici bank: sudarshan sukhani",1
pay income tax dues in advance to avoid last minute rush: rbi,0
"hdfc bank q4 net profit see up 20.5% yoy to rs. 5,784.6 cr: kotak",0
"buy hdfc bank, say sudarshan sukhani",0
hold hdfc bank: avinash gorakshakar,0
hdfc bank tie up with retail body to offer cash at 50 store,1
super six stock you can bet on july 23,0
4 india-born ceos on fortune businessperson of the year list,1
hdfc bank to mull 2-for-1 stock split on may 22,0
bank will lead rally: hemant thukral,1
"natarajan positive on icici bank, hdfc bank",1
"buy hdfc bank, target rs 2185: shabbir kayyumi",0
here's what market expect from rbi credit policy,0
see better q2 for infy; buy hdfc bank: india nivesh sec,0
sell hdfc bank; gail india may head higher: mitesh thacker,0
buy hdfc bank; target of rs 1412: edelweiss,1
buy hdfc bank; target of rs 1246:khambatta securities,1
"buy hdfc bank, target rs 2,300: ashish chaturmohta",1
"prefer hdfc bank, icici bank: bnp paribas securities",1
axis bank have good support at rs 1400-1420: gujral,1
"hdfc bank top pick in private bank space, bullish on the stock for next 10 years: akash jain",0
remain invest in hdfc bank: phani sekhar,1
"hdfc bank headcount fall for 2nd quarter, down by 6,100 in q4",1
"buy hdfc bank, say vaibhav agrawal",0
atm transaction volumes rise post waiver of charge,0
"hdfc bank q2 profit, net interest income see up over 20%",1
hdfc bank an underperformer: karvy stock broking,0
hdfc bank q1 net profit up 33.83% at rs 811 cr,1
"buy asian paints, hero moto, hdfc bank; sell just dial: taparia",0
fipb clear hdfc bank & ratnakar bank fdi proposals,0
"buy hdfc bank, jsw steel, fortis healthcare: rahul shah",1
sell hdfc bank march future; target rs 499: iifl,0
prefer financials over capital goods: irani,1
good time to build position in private banks: ashwani gujral,0
loan rejig to pare finance cost by rs 110cr: sadbhav infra,0
hdfc bank have good support at rs 2300: harchekar,0
"short sell hdfc bank, axis bank: sukhani",0
"prefer axis bank, hdfc bank, kotak bank: ambareesh baliga",0
"buy hdfc bank, federal bank, tata motors: chandan taparia",0
"buy hdfc bank, sell bhel: rahul mohindar",0
"short hdfc bank, hdfc: sukhani",0
"hdfc bank: agm on june 27, 2013",0
hdfc bank board recommend dividend,0
bank net to plunge 11% qoq: stanchart secs,1
don't rush to buy these post-q1 largecaps: elara cap,0
ambareesh baliga negative on it space,0
npci all set to file for patent on upi technology,0
hdfc bank customers get wrong a/c balance info due to glitch,1
"hdfc bank can test rs 1370, upl rs 600: prakash gaba",1
"motilal oswal bullish on axis bk, hdfc bk, icici bk, indusind bk, yes bk",1
"buy itc, dr reddy's laboratories: sudarshan sukhani",1
hdfc bank launch 10 second loan disbursement scheme,1
here be abhimanyu sofat's top trade ideas,0
"buy union bank of india, hdfc bank: yogesh mehta",0
"sell hdfc, advise sudarshan sukhani",0
not keep min bank balance? be ready to pay rs 600 fine & more,1
"lic house finance look attractive, say sandip sabharwal",1
go short on hdfc bank & ultratech cement: angel broking,1
hdfc bank: outcome of committee meet,1
rbi repo cut: will bank reduce interest rates?,0
buy hdfc bank; target of rs 1350: prabhudas lilladher,1
hdfc bank may come down to rs 545-550: thukral,0
buy hdfc bank; target rs 635: aditya birla money,0
hdfc bank q1 pat see up 30% to rs 1411 cr,1
hdfc bank q2 net profit up 32.65% at rs 912 cr,0
buy hdfc bank; target of rs 1170:icicidirect,0
"hdfc plan to raise rs 35,000 cr via bond",1
hdfc bank q1 net up 31% on higher other income,1
"hdfc bank, icici bank top picks: santosh singh",1
hdfc bank may test rs 980-990: sameet chavan,1
"buy hdfc bank, say phani sekhar",1
"buy hdfc bank, say sudarshan sukhani",1
super six short term pick for december 05,1
hdfc bank say get an i-t enquiry post cobrapost expose,1
"hdfc bank, sbi have good potential to move up: harchekar",1
"positive on tata global, century textiles, sintex: tulsian",1
sell hdfc bank on rally: sukhani,1
"hold hdfc bank, say avinash gorakshakar",1
there's scope for further cut in lend rates: hdfc bank,1
happy holi! top 10 stock to colour your portfolio which could give up to 40% return,1
"warbug to invest rs 1,800 crore in piramal realty",0
bank borrow fall below rbi comfort zone to rs 52k cr,0
"no clean chit to icici, hdfc & axis banks: rbi",0
6 trade stock for short term gain,1
"expect hdfc bank to give good bounce, say rajat bose",1
"go long in hdfc bank, m&m, ongc: sudarshan sukhani",1
ed find 'unusual' activity in 200 bank a/cs in mumbai: srcs,1
"icici bank, hdfc bank look weak: mohindar",0
hdfc bank declare sept qtr results; pat up at rs 1982cr,0
"buy hdfc bank, itc on dips; spicejet may hit rs 90: prakash gaba",0
"hold indusind bank, kotak bank: mayuresh joshi",1
keki mistry appoint on hcl's board,0
"buy sbi, hdfc bank: sudarshan sukhani",1
upbeat on hdfc bank despite underperformance in rally: ubs,0
hdfc bank have target of rs 2125-2140: thukral,1
"focus on private banks, sbi from psu space: dipan mehta",1
buy hdfc bank on dip: abhijit paul,1
how do first quarter earn look? 'good but not great',1
hdfc bank: update on increase foreign shareholding limit,0
"buy pidilite, hdfc, dlf, axis bank: ashwani gujral",1
npci launch bharat bill payment system pilot project,1
boi cut fd rat by 0.25% on select maturities,0
buy hdfc bank; target of rs 2000: axis direct,1
hdfc bank say fully cooperate with probe agency,1
prefer private sector bank: dipan mehta,1
"add hdfc bank, target rs 1820: iifl",0
credit-card segment estimate to grow this year: report,0
hdfc bank may touch rs 925-930: amit harchekar,1
"hdfc bank agm on july 21, 2015",0
"federal bank rejig top deck, hire ganesh sankaran as ed",0
checkout: quant capital's view on private bank q4 earn,0
hdfc bank will not have deputy md position after sukthankar's exit: aditya puri,0
bank of baroda may slip to rs 152-155: rajat bose,1
"hdfc bank q4 net profit see up 20.9% yoy to rs. 5,803.3 cr: motilal oswal",0
"sell dewan house finance, buy hdfc bank: rajat bose",1
accumulate hdfc bank; target of rs 725: plilladher,0
"foreign brokerages raise target of these 10 stock post q2 earnings, do you own any?",0
rbi slap rs 27-cr penalty on 13 bank for fema violations,1
check out: 12 intraday stock pick for you,0
hdfc bank jun qtr pat see up 34% at rs 1089cr: krchoksey,0
sbi can go upto rs 2700: parag doctor,1
hindustan zinc enter rs 1 lakh cr m-cap league,1
hdfc bank rank 27th safest bank globally by 'the banker',0
hdfc bank q1 net profit at rs 1417 cr; total income at rs 9536.9cr,1
"go long in hdfc bank, advise sameet chavan",0
accumulate hdfc bank; target of rs 720: dolat capital,0
harihar bullish on public sector bank,1
buy hdfc bank; sell petronet lng: mitesh thacker,1
begin new year with these 10 best blue-chip stocks: karvy,1
"hdfc bank: agm on june 25, 2014",1
accumulate hdfc bank; target of rs 1250: emkay,1
hdfc bank will come down to rs 1050: siddarth bhamre,0
top diwali pick by sudarshan sukhani,0
hdfc bank say cut back on corporate lend,1
reduce hdfc bank; target of rs 582: krchoksey,0
reliance industries look strong: jai bala,1
six in sixty: stock to keep on your radar,0
ril regain lose glory; pip cil as most-valued firm,1
bank earn to ride on rebound in loan demand,0
buy hdfc bank; target of rs 2150: motilal oswal,1
sbi cut base rate by 0.25% to 9.75%,0
"buy hdfc bank, axis bank: seth",0
hdfc bank q4 pat may rise 25.2% at rs 2366.2cr: p lilladher,0
fiis reduce stake in bank in jul-sept qtr,1
expect 4-5% rally in hdfc bank: sudarshan sukhani,0
bet on bank stock with short term: mohindar,1
rbi clear re-appointment of aditya puri as ceo of hdfc bank for 2 years,1
convert credit card money to cash use paytm? this be how you can land in trouble,1
"wipro have rs 5,831-cr liquid investments",0
"prefer private sector banks, say phani sekhar",1
"hdfc bank remain top pick among large caps, up target to rs 2,350: nomura",0
sebi not happy with rbi's intervention in hdfc bank trade case,1
hdfc bank q4 pat see up 25% at rs 2362.5cr: icicidirect,0
hdfc bank may head towards rs 1100: prakash gaba,0
buy hdfc bank; target of rs 1300: sharekhan,0
hold hdfc bank; target rs 513: unicon investment,0
hdfc bank q2 pat may rise 20.4% at rs 2387.5 cr: most,1
hdfc bank q2 pat see up 30% at rs 1186.5 cr,0
"buy hdfc bank, expect stock to head higher: prakash gaba",1
"hdfc bank q3 result on jan 18, 2013",0
"hdfc bank, icici bank, sbi top picks: r sreesankar",1
"keep icici bank, psu bank in portfolio: sandip sabharwal",0
"hdfc bank, axis earmark higher provision for cos in iron, steel & telecom sectors",1
go long in hdfc bank: ashish chaturmohta,1
money laundering: hdfc bk sing rbi's tune on systemic risk,0
"post q3, clsa underweight on psus; see value in private bank",1
buy bharat financial; sell arvind: ashwani gujral,1
"morgan stanley maintain overweight on hdfc bank, up price target to rs 2,500 post fundraise plan",0
"buy hdfc bank 800 calls, sell 820 & 840 calls: amit trivedi",1
aditya puri say national bad bank be not a bad idea,1
"top 10 stocks: focus on ril, hcl, bajaj auto, usl",0
sign of weakness emerge in cv loans: crisil rat,1
respite for koutons retail as bank agree debt recast deal,0
"prefer icici bank, hdfc bank: dhananjay sinha",1
hdfc bank: outcome of board meet,0
"hdfc bank q1 result on july 17, 2013",0
hdfc bank allot 1690200 equity share under esop,0
hdfc bank to offer 2 mn credit/debit card to millennials in next 2 years,1
samsung launch mobile payment service in india,1
"sell hdfc bank, mindtree; buy bajaj auto: ashwani gujral",1
rbi rate hike hit investment growth the most,0
"news highlight of the day: india's economy to be usd 5 trillion by 2025, say paytm founder",1
accumulate hdfc bank; target of rs 1938: networth,1
hdfc bank ask executive to 'don't engage customer further' and assign 'if ranting' on twitter query,1
hdfc bank q4 net see up 21% at rs 2814.8 cr: icicidirect,0
hdfc bk q2 net profit see at rs 671cr: krchoksey,1
"yes bank, icici bank, hdfc bank top picks: siddharth teli",0
accumulate hdfc bank; target of rs 913: angel broking,0
hdfc bank csr spend rise 20% to rs 444 cr in fy19,0
"buy hdfc bank, upl; sell bharti airtel: ashwani gujral",0
"overweight on private sector banks, caution on psus: vijay",1
hdfc bank look weak: bose,0
"buy asian paints, dabur india, hero motocorp: sudarshan sukhani",1
little success for bank on npa resolution until q2 but better result likely by march,1
here be top 10 stock to keep an eye on november 7,0
"sell itc, hdfc bank may test rs 1013: rajat bose",0
bank of baroda can go upto rs 747: thukral,0
"dhfl may test rs 241, rel comm to test rs 93: prakash gaba",0
angel broking neutral on hdfc bank,0
hdfc bank q4 pat see up at rs 649.4 cr: religare,0
axis bank cut mclr by up to 70 bps,0
"hdfc bank q1 profit rise 20%, provision & npa remain higher",0
book profit in hdfc bank: rajesh agarwal,1
"icici, hdfc bank, canara, unite bank cut fd rat by up to 1%",1
"hdfc bank, maruti, britannia top samavat picks: ajay bodke",0
"sell yes bank, say shahina mukadam",1
no decision yet on hdfc bank's proposal of hike fii limit,0
"buy, sell, hold: 5 stock that analysts be watch out",0
"keep hdfc in portfolio, say dilip bhat",1
"prefer hdfc bank, axis bank, indusind bank: baliga",0
hdfc bank may hit rs 720-750: bothra,0
uae bank launch speedy money transfer service to india,0
buy hdfc bank; target of rs 2635: nalanda securities,0
"hdfc bank's agm on july 24, 2017",1
buy hdfc bank; target of rs 1681: geojit financial service,0
"hdfc bank q4 net up 20.6%, asset quality improve slightly",0
"buy hcl tech, hdfc bank, jubilant foodworks: sukhani",0
add hdfc bank; tgt of rs 2151: icici direct.com,0
"sell hdfc bank, say shardul kulkarni",1
hdfc bank's outcome of board meet,0
"economy on strong wicket, may grow at 7.5%: aditya puri",1
hdfc see mobile bank overtake net bank next year,0
hdfc bank increase cash transaction fee on save a/cs,1
buy hdfc bank 1000 call: krish subramanyam,0
bank share fall on year-end profit-taking,0
"hdfc bank may move up, outperform bank nifty: icicidirect",1
"ideas for profit: hdfc bank well poise to leap ahead, buy",0
"buy hdfc bank, nbcc; sell hcl technologies: ashwani gujral",1
"prefer hdfc bank, icici bank: dhananjay sinha",0
"buy hdfc bank, target of rs 1100: emkay global",1
"hdfc bank to raise up to rs 10,000 cr from share sale",0
"sell hdfc bank, yes bank; buy itc, hul: rajat bose",1
"hdfc bank q4 net up 23%, nim strong, asset quality stable",0
"buy maruti suzuki, say ajay srivastava",1
"buy reliance industries, hdfc, yes bank: sudarshan sukhani",1
hdfc bank have target of rs 532: pankaj pandey,0
"buy ntpc, igl, l&t, hdfc bank: ashwani gujral",1
"angel expect yes bank, axis bank, icici bank to outperform",1
nandita parker positive on bank sector,1
"buy marico, sun pharma; sell hdfc bank: gaurav bissa",1
"buy indiabulls real, hdfc bank, aban offshore: ashwani gujral",1
"buy hdfc bank on dips, advise sudarshan sukhani",1
"asian paint may test rs 866, hdfc bank rs 1010: rajat bose",1
"go short on hdfc bank, icici, hdfc: sukhani",1
"hdfc bk q1 net up 30% on loan growth, shrs fall on npa rise",0
"short hdfc bank, icici bank, axis bank: sukhani",0
frdi or not €“ the wind of change will create big winners,0
"hold hdfc bank, sesa sterlite, lic housing: icicidirect",1
"financial sector biggest wealth creator, and destroyer too: motilal oswal",1
"moody's lower rat of icici, axis & hdfc bank",1
buy hdfc bank; target of rs 1400: axis direct,1
"sell hdfc bank, say kunal saraogi",0
rbi to split cmd post for psu banks; experts debate outcome,0
hdfc bank top pick in bank space: murlidhar,0
"hdfc bank q3 result on jan 25, 2016",1
hdfc bank will be an outperformer: sukhani,1
see lower level in titan industries: sukhani,0
"yes bank turn to retail, sme biz to regain market position",0
"hdfc bank q2 profit rise 27% to rs 1982cr, nii disappoint",0
here be top 10 stock to focus on march 17,1
buy hdfc bank: salil sharma,1
"prefer hdfc bank, ongc, bharti airtel, infosys: rajgarhia",1
exit hpcl; prefer private bank stocks: phani sekhar,1
hdfc bank q1 nii up 7.6% rs 1855.5 cr,0
hdfc bank: cessation of director,0
hdfc bank can touch rs 1520: gujral,1
amit khurana positive on private sector bank,0
"accumulate ril, wipro, hdfc bank: emkay",1
"sell hdfc bank, bpcl, century textiles: pritesh mehta",0
foreign stake: hdfc bk say law can't apply retrospectively,0
"buy hdfc bank, axis bank: sudarshan sukhani",0
"hdfc bank, kotak mahindra continue to be strong: diwan",1
ease of do biz: com min start online payment facility,1
"buy hdfc bank, advise sudarshan sukhani",1
"correct - hdfc bank q2 net up 31.5%, beat f`cast",0
stay invest in hdfc bank for long term: tulsian,0
buy hdfc bank; target of rs 1260:krchoksey,0
hdfc bank: change in directorate,1
"sell hdfc bank, say sudarshan sukhani",0
hdfc bank may test rs 670-675: amit gupta,1
"short hdfc bank, say siddharth bhamre",1
super six short term pick for may 28,1
why investors in private bank should stay invest despite their outperformance?,1
aditya birla money neutral on hdfc bank,1
hold hdfc bank; target of rs 890: emkay,0
hdfc bank have support at rs 2000: guppy,1
"hdfc bank can break on upside, may hit rs 1,100: sukhani",1
pinc handpicks 27 stocks: gloom ends...boom to follow!,1
"news highlight of the day: world want to hear directly from horse's mouth, say pm modi on davos",1
here be the mutual fund favourites in april,0
"add hdfc, hdfc bank to portfolio: bothra",1
"buy sbi, hdfc bank, indusind bank, bob, icici bank: irani",1
"buy tech mahindra, hdfc bank; sell reliance infra: bothra",0
girnar software acquire zigwheels.com from time internet,0
happy to sacrifice margins in lieu of deposits: hdfc bank,1
check out: super six ideas for june 26,0
"buy yes bank, hdfc bank; sell jubilant foodworks: ashwani gujral",0
buy hdfc bank; target of rs 524: iifl,0
"sell hdfc bank, target of rs 1100: karvy",0
enter hdfc bank on declines: sp tulsian,0
"buy hdfc bank, canara bank; sell pc jeweller: ashwani gujral",1
"hdfc bank's q2 result on oct 21, 2014",1
hdfc bank q4 net profit see up at rs 645.1 cr: m oswal,1
12 indian firm in forbes' 50 best cos in asia pacific,1
"finmin, rbi probe money launder accusations",0
buy kotak mahindra bank; may test rs 640: manoj murlidharan,0
"stay invest in hdfc bank, say vijay chopra",0
here's what to expect from hdfc bank q4 earn,1
hdfc bank's fix book closure for dividend & agm,1
"hdfc bank make rtgs, neft online transactions free from nov 1",0
super six short term pick for december 14,1
"hdfc bank board meet on may 19, 2016",1
hdfc bank say 'comfortable' with higher bad loan in q1,0
"hdfc bank board approve fund raise of up to rs 15,500 crore via qip, adr",0
hdfc bank briefly pip ril to become second most value firm,1
"prefer hdfc bank, say emkay global",0
"hold hdfc bank, say rajesh agarwal",0
"buy tech mahindra, corporation bk; sell glenmark: thacker",1
buy hdfc bank at lower levels: ambareesh baliga,0
sbi may come down to rs 2700: bhamre,1
buy hdfc bank at around rs 1030-1065: ashwani gujral,0
axis bank cut deposit rat by 50 bps,0
axis bank q2 nos look good; remain top pick: angel,0
"buy hdfc bank, national aluminium company; positive on hindustan unilever: chandan taparia",1
here be top 10 stock to focus on december 4,1
hold hdfc bank; target rs 510: emkay,0
npa may go up 25bps but margins to be up 4%: hdfc bank,0
buy canara bank on dips: sukhani,0
"hdfc bank q3 net profit see up 18.6% yoy to rs. 5,505.7 cr: kotak",0
"buy hdfc, avoid hdfc bank, icici bank: sudarshan sukhani",1
prefer hdfc bank on dip for long term: angel broking,0
"buy hdfc bank, uflex, delta corp: ashwani gujral",1
hdfc bank see base rate in 6.75% - 8% range,0
"sbi, carlyle to buy out ge capital€™s 26% stake in sbi card",0
"bull's eye: buy itc, berger paint, hdfc bank; short ivrcl",0
go long in icici bank on dips: sudarshan sukhani,0
buy hdfc bank; target of rs 2400: aditya birla money,1
bank profit to accelerate on economic growth,0
"cash be our biggest competitor, so be hdfc bank and sbi: american express india chief",1
hdfc bank likely to outperform: kedia,1
"q1 to be muted, see 20% profit fall for psu banks: nomura",0
"short hdfc bak, target rs 1020-1025: siddarth bhamre",0
buy hdfc bank: gujral,1
here be mayuresh joshi's top trade ideas,1
bank asset quality concern to persist in q3fy13 result,1
"look at hdfc bank, kotak mahindra bank: basant maheshwari",1
union bank of india can touch rs 280-290: malkan,0
will take firm action if needed: govt on cobrapost expose,1
"book profit in dcb around rs 49-50, say sp tulsian",0
30-35% appreciation likely in hdfc bank: bhambwani,1
"icici bank, hdfc bank & axis bank cut deposit rat",1
hold hdfc bank; target of rs 900: icicidirect,1
hdfc bank to give 25% return in one year: srivastava,1
"sell kpit tech, buy tata global beverage: sudarshan sukhani",1
"hdfc bank, axis bank safe bets: atul badkar",0
iifl expect steady q2 number for hdfc bank,1
"buy hdfc bank, advise amit harchekar",0
"lending, deposit rate hike in-line with market: hdfc bank",0
hold hdfc bank: vivek mavani,0
large & mid-cap stock to keep an eye on: p lilladher,1
hdfc bank have good support at rs 670-675: gupta,0
sectors to watch closely after rbi rate cuts: gepl capital,0
"bullish on bob, sbi, obc & shriram transport: religare cap",0
"buy hdfc bank on declines, say amit gupta",0
amit gupta positive on hdfc bank,1
hold hdfc bank: h kapadia,0
"hold hdfc bank, target of rs 1150: finquest securities",1
hdfc bank q3 pat see up at rs 557.8 cr: iifl,0
"exit hdfc bank on bounce, say gaurav bissa",1
hdfc bank mar qtr pat see up at rs 1155.8 cr: unicon,0
no major exposure to stress sectors: hdfc bank,1
buy hdfc bank with 7% return: ashish chaturmohta,1
prefer axis bank to hdfc bank: angel broking,1
"buy hdfc bank, target of rs 1482: sharekhan",0
bank to remain stress next year too: fitch,1
"buy indusind; asset quality, nims good: religare cap",0
"buy cement stocks, hdfc, hdfc bank; sell concor: sukhani",1
"buy hdfc, hdfc bank: ashwani gujral",0
short hdfc bank with stoploss of rs 1686: thacker,0
buy hdfc bank; target of rs 2550: aditya birla money,0
"be cautious in bank space, say shardul kulkarni",0
go long on hdfc bank: ashish chaturmohta,0
high end home price in mumbai can correct: hdfc ceo mistry,1
hdfc bank q3 pat see up at rs 615 cr: m oswal,0
"hdfc bank launch '30-min auto', '15-min 2-wheeler' loan",0
how to trade your favourite stock next week?,1
stay away from reliance industries,0
hdfc bank up 2% post q3 show; brokerages remain upbeat,1
buy hdfc bank; target of rs 1000: religare capital,1
"bull's eye: short jsw steel, hdfc bank, pick dlf, bhel",1
private bank to post healthy earn growth in q3fy13,1
"buy hdfc bank, axis bank: vaibhav agrawal",0
"buy sobha, hdfc bank, maruti; pnb look strong: ashwani gujral",1
"hdfc bank q2 profit may jump 21% to rs 2,398 cr: poll",1
"accumulate axis bank, hdfc bank, indusind bank: bhatnagar",0
hdfc bank allot equity share under esop,1
hdfc bank hike deposit rat by up to 0.5%,0
"pick hdfc bank, say prakash gaba",0
sell hdfc bank; target of rs 471: dolat capital,1
hdfc bank q2 net profit see at rs 683cr: angel,0
no price correction likely in mumbai realty market: hdfc,1
private bank to post 23% pat growth in q4fy13: angel,0
"buy, sell, hold: 9 stock and 2 sectors be be track by investors today",1
happy holi! top 10 stock to colour your portfolio which could give up to 40% return,1
hdfc bank: outcome of board meet,1
"positive on it, fin services, logistics cos: prabhudas l",0
hdfc bank jun qtr pat see up at rs 1060cr: plilladher,0
hdfc bank an underperformer : karvy,1
hdfc bank q3 net profit see at rs 594 cr: sharekhan,0
hold hdfc bank; target of rs 580: emkay,1
hdfc bank growth to come from investments it make over 2 yrs: db,1
remain invest in hdfc bank: tulsian,0
"prefer bank stocks, say gautam shah",1
bank of baroda down 1% on money launder allegations,1
"buy bharat forge, maruti, apollo tyres, bob: chandan taparia",1
accumulate hdfc bank; target of rs 1020: emkay,0
hdfc bank q1 net may grow 28% at rs 1819.8 cr: nirmal bang,0
hold hdfc bank; target of rs 1950: emkay,0
sbi have support at around rs 2030: bhamre,1
hdfc bank q1 profit may rise 30% to rs 1842.9 cr: kotak sec,0
"thukral bullish on icici bank, hdfc bank",0
"buy hdfc bank, pc jeweller, tata global, pvr; sell kaveri seed: sudarshan sukhani",1
hold hdfc bank; target of rs 2201: anand rathi securities,1
"hdfc bank q4 profit see up 21%, retail may drive loan growth",1
"hdfc bank can climb to rs 1225, indiabulls house rs 700: gaba",1
"buy hdfc bank, dcb bank: ambareesh baliga",1
why these 10 stock should be on your radar today,1
sbi have good support at rs 2220-2240: gupta,0
sachin shah positive on hdfc bank,0
sell hdfc bank: sudarshan sukhani,0
accumulate hdfc bank; target of rs 2671: angel broking,1
"hdfc bank agm on july 13, 2012",1
hdfc bank q2 net profit up 31.5% at rs 1199 cr,0
standard charter india profit up wee bit; bad loan jump,1
"yes bank enter credit card space, eye no 3 slot in 4 yrs",1
"in letter to shareholders, deepak parekh detail succession plan at hdfc",1
hdfc bank's director mr. ashim samanta complete his tenure,1
cobrapost effect: rbi penalize six more bank,1
hdfc bank q3 pat see up at rs 601 cr: angel,0
buy hdfc bank; target of rs 2492: prabhudas lilladher,1
"go long in hul, hcl tech; hdfc bank, wipro look good: gaba",0
buy hdfc bank; target of rs 2780: motilal oswal,0
"buy hdfc bank, acc, zee entertainment: chandan taparia",1
hdfc can touch rs 1000: darashaw,1
bank of baroda partner mobile payment app chillr,0
bank of baroda cut lend rate by 0.1%,1
hdfc bank slash two-year mclr rate to 9.20% effective june 7,1
buy hdfc bank; target of rs 1700: icici direct,1
hdfc bank's puri exercise rs 57-cr stock options in fy17,1
"look at axis bank, icici bank, hdfc bank: r sreesankar",0
