Time,Dates,Sources,Headlines
8.39 am , 03 Dec 2019 ,   Source: Moneycontrol.com,"Hot Stocks: Stay bullish on Nifty with stop-loss at 11,883 for target of 12,300"
9.11 am , 11 Nov 2019 ,   Source: Moneycontrol.com,"Top buy and sell ideas by Ashwani Gujral, Prakash Gaba, Sudarshan Sukhani for short term"
7.52 am , 23 Oct 2019 ,   Source: Moneycontrol.com,"Kotak Mahindra Bank: Asset quality takes away sheen, buy on weakness"
7.54 am , 16 Oct 2019 ,   Source: Moneycontrol.com,"Podcast | Hot Stocks: Another round of short coverings could take Nifty towards 11,550"
9.18 am , 23 Jul 2019 ,   Source: Moneycontrol.com,Kotak Mahindra Bank: Ideally placed to negotiate a difficult environment; buy on dips
1.39 pm , 12 Jul 2019 ,   Source: Moneycontrol.com,"Kotak Mahindra Bank Q1 Net Profit seen up 35.6% YoY to Rs. 1,390 cr: Sharekhan"
7.56 pm , 03 Jun 2019 ,   Source: Moneycontrol.com,CII pitches for reducing cost of equity
7.47 am , 05 May 2019 ,   Source: Moneycontrol.com,"Below 11,650, Nifty may drift towards 11,600-11,550; 4 stocks could give 4-8% upside"
4.03 pm , 03 May 2019 ,   Source: Moneycontrol.com,Hold Kotak Mahindra Bank; target of Rs 1500: ICICI Direct
3.41 pm , 02 May 2019 ,   Source: Moneycontrol.com,Buy Kotak Mahindra Bank; target of Rs 1554: Nalanda Securities
3.30 pm , 02 May 2019 ,   Source: Moneycontrol.com,Hold Kotak Mahindra Bank; target of Rs 1385: Prabhudas Lilladher
3.18 pm , 02 May 2019 ,   Source: Moneycontrol.com,Buy Kotak Mahindra Bank; target of Rs 1481: HDFC Securities
1.55 pm , 02 May 2019 ,   Source: Moneycontrol.com,Accumulate Kotak Mahindra Bank; target of Rs 1550: Dolat Capital
9.58 am , 02 May 2019 ,   Source: Moneycontrol.com,"Kotak Mahindra Bank Q4 profit jumps 25% YoY; should you buy, sell or hold?"
9.22 am , 02 May 2019 ,   Source: Moneycontrol.com,Ideas for Profit | Kotak Mahindra Bank: Look to own this stock on any correction
9.40 pm , 30 Apr 2019 ,   Source: PTI,"Uday Kotak warns of more liquidity squeeze, muddying waters for financial sector again"
3.05 pm , 30 Apr 2019 ,   Source: Moneycontrol.com,"Kotak Mahindra Consolidated March 2019 Net Interest Income (NII) at Rs 4,001.02 crore, up  18.07% Y-o-Y"
3.05 pm , 30 Apr 2019 ,   Source: Moneycontrol.com,"Kotak Mahindra Standalone March 2019 Net Interest Income (NII) at Rs 3,047.87 crore, up  18.15% Y-o-Y"
2.36 pm , 30 Apr 2019 ,   Source: Moneycontrol.com,"Kotak Mahindra Bank Q4 profit jumps 25% YoY to Rs 1,408 cr"
9.35 am , 30 Apr 2019 ,   Source: Moneycontrol.com,"Kotak Bank Q4 preview: Net profit, NII expected to grow in double digits"
8.19 am , 30 Apr 2019 ,   Source: Moneycontrol.com,"Top buy and sell ideas by Sudarshan Sukhani, Mitessh Thakkar for short term"
8.40 pm , 25 Apr 2019 ,   Source: PTI,"Kotak Mahindra Investments exits Matrix, sells 19.77% stake for Rs 10 crore"
8.20 am , 24 Apr 2019 ,   Source: Moneycontrol.com,"As RBI and Kotak Bank spar over promoter stake rule, experts feel spirit of law at stake"
8.10 pm , 17 Apr 2019 ,   Source: PTI,Kotak Bank drags Ballarpur group firm to NCLT now
9.13 pm , 12 Apr 2019 ,   Source: Moneycontrol.com,"RBI rate cuts to boost demand, focus should be on 7% GDP growth: Uday Kotak"
3.05 pm , 09 Apr 2019 ,   Source: Moneycontrol.com,"Kotak Mahindra Bank Q4 Net Profit seen up 23.5% YoY to Rs. 1,388 cr: Motilal Oswal"
6.05 pm , 05 Apr 2019 ,   Source: Moneycontrol.com,Lakshmi Vilas Bank approves merger with Indiabulls Housing Finance
12.42 pm , 19 Mar 2019 ,   Source: PTI,Kotak Mahindra group sets up $400 mn fund with DivyaSree to build office properties
6.30 pm , 28 Feb 2019 ,   Source: PTI,Kotak Bank lowers lending rate by a marginal 5 bps
6.50 pm , 22 Feb 2019 ,   Source: Moneycontrol.com,ING Group sells entire 3% stake in Kotak Mahindra Bank
5.08 pm , 19 Feb 2019 ,   Source: Moneycontrol.com,Opinion | When the bubble bursts
4.07 pm , 18 Feb 2019 ,   Source: CNBC-TV18,Uday Kotak believes it is time for consolidation in NBFC space
8.42 am , 11 Feb 2019 ,   Source: Moneycontrol.com,"Top buy and sell ideas by Ashwani Gujral, Sudarshan Sukhani, Mitessh Thakkar for short term"
8.28 am , 06 Feb 2019 ,   Source: Moneycontrol.com,"Podcast | Stock picks of the day: 'Nifty likely to hover in 10,600-11,000 range'"
1.12 pm , 30 Jan 2019 ,   Source: Moneycontrol.com,Hold Kotak Mahindra Bank; target of Rs 1291: Prabhudas Lilladher
8.32 am , 30 Jan 2019 ,   Source: Moneycontrol.com,Accumulate Kotak Mahindra Bank; target of Rs 1420 : Dolat Capital
12.15 pm , 29 Jan 2019 ,   Source: Moneycontrol.com,Transcript| Kotak Mahindra Bank Q3 FY19 Earnings Conference Call
4.49 pm , 25 Jan 2019 ,   Source: Moneycontrol.com,Buy Kotak Mahindra Bank; target of Rs 1400: HDFC Securities
4.11 pm , 25 Jan 2019 ,   Source: Moneycontrol.com,Hold Kotak Mahindra Bank; target of Rs 1400: ICICI Direct
11.47 am , 22 Jan 2019 ,   Source: Moneycontrol.com,Kotak Mahindra Bank Q3 review: An ideal long-term compounding candidate
2.48 pm , 21 Jan 2019 ,   Source: Moneycontrol.com,"Kotak Mahindra Consolidated December 2018 Net Interest Income (NII) at Rs 3,804.05 crore, Up  19.4% Y-o-Y."
2.48 pm , 21 Jan 2019 ,   Source: Moneycontrol.com,"Kotak Mahindra Standalone December 2018 Net Interest Income (NII) at Rs 2,939.08 crore, up  22.78% Y-o-Y"
2.47 pm , 21 Jan 2019 ,   Source: Moneycontrol.com,"Kotak Mahindra Bank Q3 Review – capital market-linked biz soft, but steady overall show"
1.00 pm , 21 Jan 2019 ,   Source: Moneycontrol.com,"Kotak Mahindra Bank Q3 profit jumps 23 percent to Rs 1,291 crore; asset quality improves"
2.59 pm , 15 Jan 2019 ,   Source: Moneycontrol.com,"Kotak Mahindra Bank Q3 Net Profit seen up 19% YoY to Rs. 1,252.9 cr: Sharekhan"
2.59 pm , 15 Jan 2019 ,   Source: Moneycontrol.com,"Kotak Mahindra Bank Q3 Net Profit seen up 19% YoY to Rs. 1,252.9 cr: Sharekhan"
10.44 pm , 01 Jan 2019 ,   Source: Moneycontrol.com,"NBFC sector remains fragile, but seeing signs of recovery: Uday Kotak"
1.01 pm , 17 Dec 2018 ,   Source: Moneycontrol.com,HC refuses to stay Dec 31 deadline for Kotak Mahindra Bank promoter stake dilution
1.37 pm , 10 Dec 2018 ,   Source: Moneycontrol.com,Kotak Mahindra Bank tanks 6% as it moves Bombay HC against RBI order
8.42 pm , 07 Dec 2018 ,   Source: PTI,"Kotak Mahindra, Saraswat Bank launch services on WhatsApp"
10.47 am , 04 Dec 2018 ,   Source: Moneycontrol.com,"Buy Kotak Mahindra Bank, target Rs 1325: Vinay Rajani"
9.43 pm , 29 Nov 2018 ,   Source: Moneycontrol.com,"Independent directors have role of knowledge, scale and input; but don't push too hard: Uday Kotak"
8.05 pm , 15 Nov 2018 ,   Source: PTI,"ING sells Kotak Mahindra Bank shares worth Rs 1,440cr"
10.02 am , 15 Nov 2018 ,   Source: Moneycontrol.com,ING to sell 3.7% stake in Kotak Mahindra Bank this week: Report
1.10 pm , 13 Nov 2018 ,   Source: Moneycontrol.com,Kotak Mahindra Bank Q2 FY19 Earnings Conference Call
2.47 pm , 05 Nov 2018 ,   Source: Moneycontrol.com,Buy Kotak Mahindra Bank; target of Rs 1461: KR Choksey
11.49 am , 01 Nov 2018 ,   Source: Moneycontrol.com,"Sell Kotak Mahindra Bank, target Rs 990: Aditya Agarwala"
11.49 am , 01 Nov 2018 ,   Source: Moneycontrol.com,"Sell Kotak Mahindra Bank, target Rs 990: Aditya Agarwala"
8.23 am , 01 Nov 2018 ,   Source: Moneycontrol.com,Podcast | Stock picks of the day: PI Industries among stocks that could return 14% in November
3.36 pm , 26 Oct 2018 ,   Source: Moneycontrol.com,Buy Mahindra Finance; target of Rs 550: JM Financial
3.36 pm , 26 Oct 2018 ,   Source: Moneycontrol.com,Buy Kotak Mahindra Bank; target of Rs 1300: JM Financial
3.36 pm , 26 Oct 2018 ,   Source: Moneycontrol.com,Buy Kotak Mahindra Bank; target of Rs 1400: ICICI Direct
3.36 pm , 26 Oct 2018 ,   Source: Moneycontrol.com,Buy Kotak Mahindra Bank ; target of Rs 1377: HDFC Securities
5.26 pm , 25 Oct 2018 ,   Source: Moneycontrol.com,Accumulate Kotak Mahindra Bank; target of Rs 1325: Dolat Capital
5.12 pm , 25 Oct 2018 ,   Source: Moneycontrol.com,Hold Kotak Mahindra Bank; target of Rs 1291: Prabhudas Lilladher
5.11 pm , 25 Oct 2018 ,   Source: Moneycontrol.com,Buy Kotak Mahindra Bank; target of Rs 1371: Nalanda Securities
2.34 pm , 25 Oct 2018 ,   Source: Moneycontrol.com,Kotak Mahindra Bank Q2: CLSA upgrades rating to buy; brokerages wary of promoter stake dilution
11.58 am , 25 Oct 2018 ,   Source: Moneycontrol.com,Kotak Mahindra Bank posts steady Q2; promoters’ stake dilution the sole overhang
9.50 pm , 24 Oct 2018,@,Kotak Bank temporarily suspends digital account opening platform 811
1.53 pm , 24 Oct 2018,@,"Kotak Mahindra Consolidated September 2018 Net Interest Income (NII) at Rs 3,538.36 crore, Up  14.69% Q-o-Q."
1.52 pm , 24 Oct 2018,@,"Kotak Mahindra Standalone September 2018 Net Interest Income (NII) at Rs 2,689.10 crore, up  16.28% Q-o-Q"
1.05 pm , 24 Oct 2018 ,   Source: Moneycontrol.com,"Kotak Mahindra Bank Q2 profit rises 15% to Rs 1,142 cr, asset quality improves"
11.45 am , 24 Oct 2018 ,   Source: Moneycontrol.com,Kotak Bank likely to post double-digit Q2 profit growth with stable asset quality
2.39 pm , 22 Oct 2018 ,   Source: Moneycontrol.com,IL&FS may seek government bailout: Report
11.43 am , 04 Oct 2018 ,   Source: Moneycontrol.com,Proxy firms question appointment of GN Bajpai to new IL&FS board
2.52 pm , 03 Oct 2018 ,   Source: Moneycontrol.com,Kotak Bank-Yes Bank: A deal amid adversity?
2.35 pm , 02 Oct 2018 ,   Source: Moneycontrol.com,IL&FS timeline: When and what happened so far
11.29 am , 14 Sep 2018 ,   Source: Moneycontrol.com,"Buy Kotak Mahindra Bank, target Rs 1310: Rupak De"
8.17 am , 11 Sep 2018 ,   Source: Moneycontrol.com,"Strong support for Nifty at 11,393 for Tuesday. Here are 3 buy/sell calls by Equity99"
3.32 pm , 30 Aug 2018 ,   Source: Moneycontrol.com,Buy Kotak Mahindra Bank; target of Rs 1544: KR Choksey
7.08 pm , 17 Aug 2018 ,   Source: Moneycontrol.com,Why it's time to relook the RBI policy on bank ownership
8.05 pm , 16 Aug 2018 ,   Source: PTI,Kotak Mahindra Bank to open over 100 branches in FY 19
6.24 pm , 14 Aug 2018 ,   Source: Moneycontrol.com,RBI says Kotak Mahindra Bank's preference issue does not meet dilution norms
1.21 pm , 07 Aug 2018 ,   Source: Moneycontrol.com,"Mahindra & Mahindra Q1 net profit rises 67% at Rs 1,257 cr, ahead of estimates"
10.38 am , 06 Aug 2018 ,   Source: CNBC-TV18,Kotak Mahindra Bank preference share issue: Wrong way to do the right thing
2.40 pm , 03 Aug 2018 ,   Source: PTI,Uday Kotak trims stake in Kotak Mahindra Bank to 19.70%
6.40 pm , 01 Aug 2018 ,   Source: PTI,Kotak Bank gets nod to raise Rs 500 cr by issuing preference shares
5.14 pm , 26 Jul 2018 ,   Source: Moneycontrol.com,Buy Kotak Mahindra Bank; target of Rs 1526: KR Choksey
4.49 pm , 26 Jul 2018 ,   Source: Moneycontrol.com,Buy Kotak Mahindra Bank; target of Rs 1378: HDFC Securities
4.23 pm , 24 Jul 2018 ,   Source: Moneycontrol.com,Buy Kotak Mahindra Bank; target of Rs 1421: Edelweiss
4.10 pm , 24 Jul 2018 ,   Source: Moneycontrol.com,Hold Kotak Mahindra Bank; target of Rs 1398: Prabhudas Lilladher
5.10 pm , 23 Jul 2018 ,   Source: Moneycontrol.com,Buy Kotak Mahindra Bank; target of Rs 1490: ICICI Direct
10.42 am , 23 Jul 2018 ,   Source: Moneycontrol.com,"Jefferies downgrades Kotak Mahindra Bank to Underperform, cuts target price"
11.45 am , 20 Jul 2018 ,   Source: Moneycontrol.com,"Ideas for Profit: Weaker headline masks core strength in Kotak Mahindra Bank, buy on consolidation"
1.01 pm , 19 Jul 2018 ,   Source: Moneycontrol.com,"Kotak Mahindra Bank Q1 net profit up 12.3% at Rs 1,025 cr, provisions up 130%"
4.14 pm , 18 Jul 2018 ,   Source: Moneycontrol.com,Q1 Preview: Kotak Mahindra Bank net profit expected to rise 28%
8.35 pm , 15 Jun 2018 ,   Source: PTI,"Kotak Mahindra Bank to raise up to Rs 5,000 cr via securities"
6.55 pm , 12 Jun 2018 ,   Source: Moneycontrol.com,Kotak Mahindra Bank is in no mood to sell its 15% stake in MCX: Uday Kotak
5.49 pm , 15 May 2018 ,   Source: Moneycontrol.com,"Corporates hit out against hate-mongering again, sack employee for tweeting calls for rape"
5.17 pm , 07 May 2018 ,   Source: Moneycontrol.com,Buy Kotak Mahindra Bank; target of Rs 1440: ICICI Direct
5.08 pm , 07 May 2018 ,   Source: Moneycontrol.com,Buy Kotak Mahindra Bank; target of Rs 1366: Edelweiss
5.01 pm , 07 May 2018 ,   Source: Moneycontrol.com,Buy Kotak Mahindra Bank; target of Rs 1402: KR Choksey
4.53 pm , 07 May 2018 ,   Source: Moneycontrol.com,Accumulate Kotak Mahindra Bank; target of Rs 1239: Prabhudas Lilladher
5.00 pm , 04 May 2018 ,   Source: Moneycontrol.com,Buy Kotak Mahindra Bank; target of Rs 1400: Motilal Oswal
2.47 pm , 02 May 2018 ,   Source: Moneycontrol.com,Invest in Kotak Mahindra Bank for long term: Akash Jain
9.51 am , 02 May 2018 ,   Source: Moneycontrol.com,Kotak Mahindra Bank: Stock yet to fully value subsidiaries
2.18 pm , 30 Apr 2018 ,   Source: Moneycontrol.com,"Kotak Mahindra Bank Q4 net profit up 15% YoY at Rs 1,124 crore, misses estimates"
1.21 pm , 30 Apr 2018 ,   Source: Moneycontrol.com,Kotak Bank expected to post 20% rise in Q4 net profit
3.31 pm , 27 Apr 2018 ,   Source: Moneycontrol.com,Shikha Sharma puts up a brave front even as Axis Bank posts record loss
4.15 pm , 26 Apr 2018 ,   Source: Moneycontrol.com,"Kotak Mahindra Bank Q4 PAT seen up 21% YoY to Rs. 1,576.9 cr: Edelweiss"
3.14 pm , 26 Apr 2018 ,   Source: Moneycontrol.com,"Kotak Mahindra Bank Q4 PAT seen up 18% YoY to Rs. 1,152.4 cr: ICICI Direct"
1.45 pm , 26 Apr 2018 ,   Source: Moneycontrol.com,"Kotak Mahindra Bank Q4 PAT seen up 19% YoY to Rs. 1,159.3 cr: KR Choksey"
8.09 pm , 13 Apr 2018 ,   Source: Moneycontrol.com,Kotak Mahindra Bank sacks employee for hate post against Kathua rape victim
8.08 pm , 12 Apr 2018 ,   Source: PTI,Kotak Mahindra Bank says business not impacted by payments banks
7.38 pm , 12 Apr 2018 ,   Source: PTI,Govt needs to re-look at certain provisions of IBC: Uday Kotak
11.59 am , 06 Apr 2018 ,   Source: Moneycontrol.com,"Buy Kotak Mahindra Bank, target Rs 1240: Hadrien Mendonca"
2.25 pm , 05 Apr 2018 ,   Source: Moneycontrol.com,"Kotak Mahindra Bank to consider March quarter results on April 30, 2018"
1.25 pm , 27 Mar 2018 ,   Source: CNBC-TV18,"Buy Kotak Mahindra Bank, Axis Bank, PNB Housing, Escorts, SREI Infra, Bajaj Auto: Ashwani Gujral"
8.56 am , 21 Mar 2018 ,   Source: Moneycontrol.com,"Uday Kotak calls on Modi govt to set up a committee on ownership, governance and risks"
10.29 am , 13 Mar 2018 ,   Source: CNBC-TV18,"Buy Kotak Bank, Shriram Transport, Tata Global, HDFC, TCS, L&T, ACC; sell CESC, Cummins: Sudarshan Sukhani"
12.16 pm , 07 Mar 2018 ,   Source: CNBC-TV18,"Sell Canara Bank, Punjab National Bank; buy Ashok Leyland: Ashwani Gujral"
1.54 pm , 28 Feb 2018 ,   Source: CNBC-TV18,See overall credit growth picking up in banking system: Kotak Mahindra
3.00 pm , 10 Feb 2018 ,   Source: PTI,Embarrassed about stressed assets in banking sector: Uday Kotak
4.49 pm , 05 Feb 2018 ,   Source: CNBC-TV18,"Sell Kotak Mahindra Bank, Godrej Industries: Sandeep Wagle"
2.42 pm , 29 Jan 2018 ,   Source: CNBC-TV18,"Buy Kotak Mahindra Bank, Tata Steel, Tech Mahindra: Rahul Shah"
4.37 pm , 22 Jan 2018 ,   Source: Moneycontrol.com,Accumulate Kotak Mahindra Bank; target of Rs 1172: KRChoksey
12.30 pm , 22 Jan 2018 ,   Source: Moneycontrol.com,Kotak Mahindra Bank gains 2% post Q3 results; brokerages term it a stable quarter
9.09 pm , 19 Jan 2018 ,   Source: Moneycontrol.com,Kotak Bank awaits pricing cues and resolutions under IBC to start buying stressed assets
8.28 pm , 19 Jan 2018 ,   Source: Moneycontrol.com,Kotak Mahindra Bank opposes 100% FDI in banking; says Indian savers must benefit
4.15 pm , 19 Jan 2018 ,   Source: Moneycontrol.com,"News highlights of the day: World wants to hear directly from horse's mouth, says PM Modi on Davos"
1.06 pm , 19 Jan 2018 ,   Source: Moneycontrol.com,"Kotak Mahindra Bank Q3: Standalone profit rises 20% to Rs 1,053 cr; asset quality improves"
5.58 pm , 18 Jan 2018 ,   Source: Moneycontrol.com,"Kotak Mahindra Bank Q3 profit may rise 21%, low cost deposit flow could be strong"
12.18 pm , 16 Jan 2018 ,   Source: Moneycontrol.com,News highlights of the day: AirAsia India says no plans to look at Air India stake
2.45 pm , 15 Jan 2018 ,   Source: CNBC-TV18,"Merged entity to focus on branch expansion, cross selling products: Capital First"
2.45 pm , 15 Jan 2018 ,   Source: CNBC-TV18,"Merged entity to focus on branch expansion, cross selling products: Capital First"
2.32 pm , 15 Jan 2018 ,   Source: CNBC-TV18,"Buy Kotak Mahindra Bank, UltraTech Cement: Mitessh Thakkar"
9.06 am , 15 Jan 2018 ,   Source: NEWS18.com,"Uday Kotak calls rising financial savings a 'bubble', says money going into few hundred stocks"
9.00 pm , 12 Jan 2018 ,   Source: Moneycontrol.com,Banking sector this week: Results season kicks off with treasury blues; Aadhaar turns more secure
8.46 pm , 20 Dec 2017 ,   Source: Moneycontrol.com,ATM breach: How to take precautions pre and post debit or credit card use
6.01 pm , 18 Dec 2017 ,   Source: Moneycontrol.com,"Kotak Mahindra Bank to buy mid-sized stressed assets from IBC but price has to evolve: Dipak Gupta, joint MD"
3.03 pm , 13 Dec 2017 ,   Source: CNBC-TV18,Kotak Mahindra Bank can climb to around Rs 1060: Prakash Gaba
1.21 pm , 13 Dec 2017 ,   Source: CNBC-TV18,"Buy Kotak Mahindra Bank, Sun TV: Sandeep Wagle"
4.34 pm , 08 Dec 2017 ,   Source: Moneycontrol.com,"Global investors are reaping benefits of HDFC growth story, not Indians: Uday Kotak"
3.58 pm , 04 Dec 2017 ,   Source: CNBC-TV18,"Sell Kotak Mahindra Bank, Oriental Bank; buy Mindtree, IGL: Mitessh Thakkar"
3.24 pm , 15 Nov 2017 ,   Source: CNBC-TV18,"Buy Kotak Mahindra Bank; sell Godrej Industries, Bajaj Finserv, BHEL: Mitessh Thakkar"
5.31 pm , 30 Oct 2017 ,   Source: Moneycontrol.com,Accumulate Kotak Mahindra Bank; target of Rs 1104: KR Choksey
5.13 pm , 30 Oct 2017 ,   Source: Moneycontrol.com,Buy Kotak Mahindra Bank; target of Rs 1075: JM Financial
5.37 pm , 27 Oct 2017 ,   Source: Moneycontrol.com,Buy Kotak Mahindra Bank; target of Rs 1179: Motilal Oswal
5.04 pm , 26 Oct 2017 ,   Source: Moneycontrol.com,"Hold Kotak Mahindra Bank; target of Rs 1,056: Edelweiss"
1.30 pm , 26 Oct 2017 ,   Source: Moneycontrol.com,Analysts remain neutral on Kotak Mahindra Bank despite better Q2 performance
9.17 am , 26 Oct 2017 ,   Source: CNBC-TV18,"Buy, Sell, Hold: 6 stocks are on analysts’ radar today"
1.21 pm , 25 Oct 2017 ,   Source: Moneycontrol.com,"Kotak Mahindra Bank Q2 profit rises 22%, loan book grows 21%; asset quality improves"
7.54 pm , 24 Oct 2017 ,   Source: CNBC-TV18,"Kotak Mahindra Bank Q2 profit seen up 24%, loan growth may be around 15%"
4.15 pm , 05 Oct 2017 ,   Source: CNBC-TV18,Kotak Mahindra Bank may test Rs 1500: Ashwani Gujral
2.50 pm , 22 Sep 2017 ,   Source: CNBC-TV18,"Buy Kotak Mahindra Bank, Cipla; sell SREI Infrastructure: Ashwani Gujral"
3.37 pm , 19 Sep 2017 ,   Source: CNBC-TV18,"Buy Kotak Mahindra Bank, Reliance Industrial Infrastructure: Mitessh Thakkar"
3.44 pm , 12 Sep 2017 ,   Source: CNBC-TV18,"Buy Kotak Mahindra Bank, Adani Enterprises: Mitessh Thakkar"
7.27 pm , 06 Sep 2017 ,   Source: Moneycontrol.com,"Digital payments growth dips 27% in Aug from peak; BHIM, UPI to take charge"
9.02 am , 06 Sep 2017 ,   Source: Moneycontrol.com,"JPMorgan upgrades Kotak Mahindra Bank, ups target on hopes of strong growth"
10.53 am , 02 Sep 2017 ,   Source: Moneycontrol.com,Kotak Mahindra Bank: Updates
12.43 pm , 01 Sep 2017 ,   Source: CNBC-TV18,"Buy Kotak Mahindra Bank, Asian Paints, CESC: Ashwani Gujral"
3.22 pm , 21 Aug 2017 ,   Source: CNBC-TV18,"Sell Kotak Mahindra Bank, Dabur India: Mitessh Thakkar"
9.52 am , 04 Aug 2017 ,   Source: CNBC-TV18,Need to be cautious about cutting rates for accounts below Rs 1cr: Kotak Mahindra
3.01 pm , 03 Aug 2017 ,   Source: Moneycontrol.com,Kotak Mahindra Bank holds retail savings rate
1.50 pm , 27 Jul 2017 ,   Source: Moneycontrol.com,A further re-rating on the cards for Yes Bank?
5.34 pm , 25 Jul 2017 ,   Source: Moneycontrol.com,Accumulate Kotak Mahindra Bank; target of Rs 1104: KR Choksey
3.24 pm , 25 Jul 2017 ,   Source: Moneycontrol.com,Hold Kotak Mahindra Bank; target of Rs 970: ICICI Direct
1.34 pm , 24 Jul 2017 ,   Source: Moneycontrol.com,Buy Kotak Mahindra Bank; target of Rs 1109: HDFC Securities
9.12 am , 22 Jul 2017 ,   Source: Moneycontrol.com,"Banking Wrap: Essar Steel plea against RBI dismissed, ICICI Bank offers ATM loans"
4.15 pm , 21 Jul 2017 ,   Source: Moneycontrol.com,Hold Kotak Mahindra Bank; target of Rs 1001: Edelweiss
9.06 am , 21 Jul 2017 ,   Source: CNBC-TV18,"Buy, Sell, Hold: Analysts are watching these 3 stocks today. Do you have them in your portfolio?"
8.45 am , 21 Jul 2017 ,   Source: PTI,"Kotak Mahindra Bank to raise Rs 65,000 cr"
9.55 pm , 20 Jul 2017 ,   Source: Moneycontrol.com,Kotak Mahindra Bank's exposure at Rs 236 cr to 4 of 12 NPAs on RBI radar
8.01 pm , 20 Jul 2017 ,   Source: Moneycontrol.com,Kotak Mahindra Bank Q1 FY18 – Well-capitalised and ready for leap
2.57 pm , 20 Jul 2017 ,   Source: CNBC-TV18,"Buy Kotak Mahindra Bank, says Rajat Bose"
1.39 pm , 20 Jul 2017 ,   Source: Moneycontrol.com,Kotak Mahindra Bank hits 52-week high; top 5 takeaways from Q1 results
11.04 am , 20 Jul 2017 ,   Source: Moneycontrol.com,Kotak Mahindra Bank Q1 profit at Rs 913 cr misses estimates; NPA lower at 1.25%
5.35 pm , 19 Jul 2017 ,   Source: CNBC-TV18,"Kotak Mahindra Bank Q1 profit seen up 40%, low cost deposit flow may be strong"
10.34 am , 17 Jul 2017 ,   Source: CNBC-TV18,"Buy Kotak Mahindra Bank, JSW Steel, ICICI Bank: Yogesh Mehta"
9.57 am , 28 Jun 2017 ,   Source: Moneycontrol.com,"Kotak Mahindra Bank's board meeting on July 20, 2017"
9.38 am , 17 Jun 2017 ,   Source: Moneycontrol.com,Conviction Buys! Top 22 stocks where fund managers hold more than 2% in portfolio
2.39 pm , 02 Jun 2017 ,   Source: Moneycontrol.com,"Banking industry in its current form is unsustainable, says Uday Kotak"
1.54 pm , 25 May 2017 ,   Source: CNBC-TV18,"Buy Kotak Mahindra Bank, Tata Motors, CG Power: CA Rudramurthy"
12.16 pm , 22 May 2017 ,   Source: CNBC-TV18,Uday Kotak sells 1.8 crore shares in Kotak Mahindra Bank: Sources
3.27 pm , 19 May 2017 ,   Source: CNBC-TV18,"Buy Kotak Mahindra Bank, GMDC; sell Sun TV: Ashwani Gujral"
6.27 pm , 17 May 2017 ,   Source: PTI,"Kotak Mahindra Bank raises Rs 5,800 cr via QIP"
5.31 pm , 17 May 2017 ,   Source: PTI,Kotak sees a blockchain banking consortium in future
5.06 pm , 15 May 2017,@,"Indian banks don't Wannacry; RBI tells them to upgrade ops, ATMs"
2.01 pm , 15 May 2017 ,   Source: CNBC-TV18,"Buy Kotak Mahindra Bank﻿, Godrej Industries, NMDC: Rahul Shah"
3.03 pm , 12 May 2017 ,   Source: CNBC-TV18,"Buy Kotak Mahindra Bank, says Sandeep Wagle"
9.00 am , 12 May 2017 ,   Source: Reuters,"Kotak Mahindra Bank to price share offer at top of range, raising $901 million"
5.25 pm , 11 May 2017 ,   Source: Moneycontrol.com,Kotak Mahindra Bank board approves QIP at Rs 913.24 per share
3.59 pm , 10 May 2017 ,   Source: CNBC-TV18,Kotak Mah Bank likely to launch a QIP this week; looks to raise over Rs 5K cr: Srcs
2.23 pm , 10 May 2017 ,   Source: CNBC-TV18,"Buy Kotak Mahindra Bank, Bajaj Finance, Britannia Industries: Yogesh Mehta"
10.55 pm , 09 May 2017 ,   Source: Moneycontrol.com,Kotak Mahindra Bank: Outcome of EGM
3.28 pm , 05 May 2017 ,   Source: Moneycontrol.com,Hold Kotak Mahindra Bank; target of Rs 965: Axis Direct
9.21 am , 03 May 2017 ,   Source: CNBC-TV18,"Buy Kotak Bank, Bajaj Auto, GSPL, Sharda Cropchem; sell SAIL: Sudarshan Sukhani"
6.36 pm , 02 May 2017 ,   Source: PTI,KMB banks on '811' to double its customer base in two years
4.28 pm , 02 May 2017 ,   Source: Moneycontrol.com,Hold Kotak Mahindra Bank; target of Rs 950: ICICI Direct
7.17 pm , 28 Apr 2017 ,   Source: Moneycontrol.com,Kotak Bank to buy out Old Mutual's insurance stake for Rs 1292 crore
5.07 pm , 28 Apr 2017 ,   Source: Moneycontrol.com,Hold Kotak Mahindra Bank; target of Rs 896: Edelweiss
4.17 pm , 28 Apr 2017 ,   Source: Moneycontrol.com,Buy Kotak Mahindra Bank; target of Rs 1050: Motilal Oswal
3.03 pm , 28 Apr 2017 ,   Source: Moneycontrol.com,Here’s what analysts are talking about Kotak Mahindra Bank’s Q4 performance
1.59 pm , 28 Apr 2017 ,   Source: Moneycontrol.com,Kotak Bank Q4 shows a steady ship navigating with caution
11.42 am , 28 Apr 2017 ,   Source: CNBC-TV18,No plans to list life insurance co currently; industry to grow by 15%: Kotak Bank
9.25 am , 28 Apr 2017 ,   Source: PTI,"Kotak Mahindra Bank to buy out British partner Old Mutual for Rs 1,292 crore"
8.37 am , 28 Apr 2017 ,   Source: Moneycontrol.com,Kotak Mahindra Bank to buy 26% stake in Kotak Mahindra Old Mutual Life Insurance
8.37 pm , 27 Apr 2017 ,   Source: Moneycontrol.com,"Kotak Mahindra Bank sees uptick in bad loans in Q4, but hopes to reverse trend in FY18"
4.14 pm , 27 Apr 2017 ,   Source: CNBC-TV18,"Hold Kotak Mahindra Bank, advises Neeraj Deewan"
3.05 pm , 27 Apr 2017 ,   Source: CNBC-TV18,"Hold Kotak Mahindra Bank, says Vijay Chopra"
1.59 pm , 27 Apr 2017 ,   Source: Moneycontrol.com,"Kotak Mahindra Bank Q4 profit soars 40%, NIM improves but net NPA jumps 25%"
10.41 am , 27 Apr 2017 ,   Source: CNBC-TV18,"Buy Kotak Mahindra Bank, Allcargo Logistics, Tata Motors, HUL: Sudarshan Sukhani"
1.28 pm , 26 Apr 2017 ,   Source: CNBC-TV18,"Kotak Mahindra Bank Q4 profit seen up 30% at Rs 909 cr, loan growth key"
7.19 pm , 22 Apr 2017,@,"A lookback at a rare hostile takeover bid, and why Indian cos don't go down that route"
5.40 pm , 17 Apr 2017 ,   Source: Moneycontrol.com,"JPMorgan raises target on Kotak Mahindra Bank, expects sharp earnings bounceback"
3.44 pm , 12 Apr 2017 ,   Source: CNBC-TV18,Hold Kotak Mahindra Bank; target Rs 1100: Sandeep Wagle
12.10 pm , 11 Apr 2017 ,   Source: Moneycontrol.com,"Kotak Mahindra Bank's EGM on May 9, 2017"
9.53 pm , 07 Apr 2017 ,   Source: PTI,Kotak Mahindra Bank to float infrastructure debt fund
10.11 am , 06 Apr 2017 ,   Source: CNBC-TV18,"Buy Kotak Mahindra Bank, advises Sudarshan Sukhani"
1.39 pm , 03 Apr 2017 ,   Source: Moneycontrol.com,Nifty at all-time high: Don't miss these 5 investment ideas for FY18
10.24 am , 03 Apr 2017 ,   Source: CNBC-TV18,"Buy Kotak Mahindra Bank, HCL Technologies, Bharat Forge; sell Lupin: Sudarshan Sukhani"
8.22 am , 03 Apr 2017 ,   Source: Moneycontrol.com,"Kotak Mahindra Bank wants to be a consolidator, seeks 'shout-outs'"
3.37 pm , 31 Mar 2017 ,   Source: Moneycontrol.com,Buy Kotak Mahindra Bank; target of Rs 1015: Motilal Oswal
8.47 am , 31 Mar 2017 ,   Source: CNBC-TV18,"Buy, Sell, Hold: 9 stocks, 1 sector on analysts' radar as April series begins"
2.03 pm , 30 Mar 2017 ,   Source: CNBC-TV18,"Kotak Mahindra Bank to raise Rs 5,500 crore, pursue consolidation opportunities"
1.27 pm , 30 Mar 2017 ,   Source: Moneycontrol.com,Kotak Mahindra Bank: Outcome of board meeting
9.47 am , 30 Mar 2017 ,   Source: CNBC-TV18,"Buy Edelweiss Financial Services﻿, JM Financial: Sudarshan Sukhani"
9.08 am , 30 Mar 2017 ,   Source: Moneycontrol.com,Financials services industry to be more consolidated than it is today: Uday Kotak
9.40 pm , 29 Mar 2017,@,Uday Kotak pegs banking stressed assets at Rs 14 lakh crore
6.36 pm , 29 Mar 2017,@,Kotak Bank’s 811 – a big leap in digital play but not so in projected financials
4.04 pm , 29 Mar 2017 ,   Source: Moneycontrol.com,Kotak Mahindra Bank unveils bold organic growth charter with 811
3.55 pm , 29 Mar 2017 ,   Source: Moneycontrol.com,"Kotak Mahindra Bank dials 811 to double customer base, announces new strategy"
3.18 pm , 29 Mar 2017 ,   Source: Moneycontrol.com,Kotak Mahindra Bank's 811 plan to double customer growth - as it happened
11.15 am , 29 Mar 2017 ,   Source: Moneycontrol.com,Merger buzz: Axis Bank up 1% ahead of Kotak press conference today
10.00 am , 28 Mar 2017 ,   Source: CNBC-TV18,Here are some fundamental trading ideas from Prakash Diwan
9.54 am , 28 Mar 2017 ,   Source: Moneycontrol.com,Kotak Bank lines up press conference tomorrow. Is Axis merger on the cards?
9.30 am , 28 Mar 2017 ,   Source: CNBC-TV18,Do not see major acquisition announcement by Kotak Mah Bank: Nirmal Bang Sec
9.56 pm , 21 Mar 2017 ,   Source: CNBC-TV18,Maybe it's time for hostile takeovers; govt must back honest risks: Uday Kotak
7.20 pm , 17 Mar 2017 ,   Source: PTI,Kotak Bank seeks nod to raise foreign investment limit to 49%
4.03 pm , 17 Mar 2017 ,   Source: Moneycontrol.com,Kotak Mahindra Bank: Outcome of board meeting
10.10 am , 14 Mar 2017 ,   Source: CNBC-TV18,"Buy Adani Power, Bajaj Electricals, Texmaco Rail: Sudarshan Sukhani"
7.46 am , 10 Mar 2017 ,   Source: PTI,IndusInd Bank confirms deal talks with MFI Bharat Financial
10.08 pm , 08 Mar 2017 ,   Source: PTI,"Uday Kotak sells 1.5% stake in Kotak Mahindra for Rs 2,255 cr"
3.47 pm , 08 Mar 2017 ,   Source: CNBC-TV18,"Buy Kotak Bank on dips; short Amara Raja, Apollo Tyres: Gaba"
12.00 pm , 08 Mar 2017 ,   Source: PTI,Kotak Mahindra Bank board hikes FII investment limit to 42%
11.32 am , 08 Mar 2017 ,   Source: CNBC-TV18,"Buy Kotak Mahindra Bank, Colgate; sell NMDC: Sandeep Wagle"
11.32 am , 08 Mar 2017 ,   Source: CNBC-TV18,"Buy Kotak Mahindra Bank, NMDC: Mitessh Thakkar"
10.48 am , 08 Mar 2017 ,   Source: CNBC-TV18,"Buy Kotak Mahindra Bank, target Rs 900: Mitessh Thakkar"
9.14 am , 08 Mar 2017 ,   Source: CNBC-TV18,"Buy Colgate, TCS, Bajaj Finance; sell Amara Raja: Sukhani"
10.08 am , 07 Mar 2017 ,   Source: Moneycontrol.com,"Buy, sell, hold: 10 stocks that you can focus today"
11.37 am , 02 Mar 2017 ,   Source: CNBC-TV18,"Buy Kotak Mahindra Bank 840 Call, advises VK Sharma"
8.02 pm , 27 Feb 2017 ,   Source: PTI,Varun Beverages raises Rs 300 cr via debentures
10.15 am , 27 Feb 2017 ,   Source: Moneycontrol.com,"Buy, sell, hold: 6 stocks analysts are watching out"
8.56 am , 27 Feb 2017 ,   Source: Moneycontrol.com,Counter bids for Axis Bank likely; board holds key: Jefferies
9.43 am , 24 Feb 2017 ,   Source: Moneycontrol.com,We haven't been approached by anyone: Axis Bank's Shikha Sharma
7.46 pm , 23 Feb 2017 ,   Source: Moneycontrol.com,SBI to merge with associates from April 1
3.58 pm , 22 Feb 2017 ,   Source: Moneycontrol.com,"COMMENT: Axis Bank suitor list grows, but Kotak unlikely to overpay"
3.00 pm , 22 Feb 2017 ,   Source: CNBC-TV18,"Sell Kotak Bank, Century Textiles; buy Coal India: Gujral"
2.42 pm , 22 Feb 2017 ,   Source: CNBC-TV18,Axis Bank's NPA woes may stall merger plans with Kotak: Analyst
9.00 am , 22 Feb 2017 ,   Source: Moneycontrol.com,Here's why private banks may have shown interest in Axis Bank
9.10 pm , 21 Feb 2017 ,   Source: PTI,No communication on Axis-Kotak merger: Finmin sources
4.00 pm , 21 Feb 2017 ,   Source: CNBC-TV18,Tulsian tells: Why govt could divest its stake in Axis Bank
9.48 am , 20 Feb 2017 ,   Source: Moneycontrol.com,"Buy, sell, hold: 7 stocks analysts are watching out"
2.27 pm , 17 Feb 2017 ,   Source: CNBC-TV18,"Sell Kotak Mah Bank, Axis Bank, IndusInd Bank: Ashwani Gujral"
11.17 am , 17 Feb 2017 ,   Source: CNBC-TV18,Pick Kotak Mahindra Bank: Ashwani Gujral
10.05 am , 17 Feb 2017 ,   Source: CNBC-TV18,"Buy, sell, hold: 6 stocks that analysts are watching out"
9.46 pm , 16 Feb 2017 ,   Source: PTI,"Bad bank is a good idea, says Uday Kotak"
12.50 pm , 15 Feb 2017 ,   Source: Moneycontrol.com,COMMENT: Kotak & Axis - good together or better alone?
9.37 am , 14 Feb 2017 ,   Source: CNBC-TV18,"Buy Kotak Bank, Bharat Forge, Exide Industries: Chandan Taparia"
4.14 pm , 13 Feb 2017 ,   Source: CNBC-TV18,"Kotak Conference: Pvt investment may turn positive in 9-12 months, says Expert"
12.01 pm , 13 Feb 2017 ,   Source: CNBC-TV18,"Buy Kotak Mahindra Bank, Dish TV: Mitessh Thakkar"
1.59 pm , 10 Feb 2017 ,   Source: CNBC-TV18,World could see a protectionism mega trend: Uday Kotak
12.04 pm , 10 Feb 2017 ,   Source: CNBC-TV18,"Buy Grasim Industries, Kotak Mahindra Bank: Mitessh Thakkar"
2.56 pm , 09 Feb 2017 ,   Source: CNBC-TV18,"Buy Kotak Mahindra Bank, ITC: Rahul Mohindar"
8.39 am , 09 Feb 2017 ,   Source: Moneycontrol.com,Kotak-Axis merger in the works? Both banks say no
2.41 pm , 07 Feb 2017 ,   Source: CNBC-TV18,"Buy HPCL, Kotak Bank, Edelweiss Financial: Ashwani Gujral"
1.38 pm , 01 Feb 2017 ,   Source: PTI,RBI asks Kotak Mahindra to cut promoter stake to 15% by 2020
3.19 pm , 30 Jan 2017 ,   Source: Moneycontrol.com,Hold Kotak Mahindra Bank; target of Rs 840: ICICI Direct
5.24 pm , 27 Jan 2017 ,   Source: Moneycontrol.com,Buy Kotak Mahindra Bank; target of Rs 940: Motilal Oswal
4.18 pm , 27 Jan 2017 ,   Source: Moneycontrol.com,Buy Kotak Mahindra Bank; target of Rs 936: HDFC Securities
1.15 pm , 27 Jan 2017 ,   Source: Moneycontrol.com,"How new-gen Kotak, IndusInd, Yes banks beat older rivals on NPAs"
9.31 am , 27 Jan 2017 ,   Source: CNBC-TV18,"Buy Bata, Kotak Bank, M&M, NLC India, ACC: Mitessh Thakkar"
8.37 am , 27 Jan 2017 ,   Source: Moneycontrol.com,"Buy, sell, hold: How to trade 8 key stocks post Q3 results?"
7.39 pm , 25 Jan 2017 ,   Source: CNBC-TV18,Here is why SP Tulsian bets on bank stocks
4.47 pm , 25 Jan 2017 ,   Source: CNBC-TV18,Flexible product mix helped Kotak keep slippages in check: Diwan
2.57 pm , 25 Jan 2017 ,   Source: CNBC-TV18,"Buy UPL, Dewan Housing, Capital First: Ashwnai Gujral"
1.36 pm , 25 Jan 2017 ,   Source: Moneycontrol.com,"Kotak Mahindra Bank Q3 profit zooms 39%, asset quality improves"
1.04 pm , 24 Jan 2017 ,   Source: CNBC-TV18,"Kotak Mahindra Bank Q3 profit seen up 27%, loan growth key"
3.15 pm , 23 Jan 2017 ,   Source: CNBC-TV18,"Buy Vedanta, Kotak Bank, GAIL India, HUL: Ashwani Gujral"
4.39 pm , 20 Jan 2017 ,   Source: CNBC-TV18,"Kotak Bk, Canada Pension set to close $525 mn Special Fund: Srcs"
6.58 pm , 19 Jan 2017 ,   Source: CNBC-TV18,Here is why SP Tulsian is bullish on Yes Bank
5.45 pm , 18 Jan 2017 ,   Source: CNBC-TV18,Here is why SP Tulsian is positive on Federal Bank
5.36 pm , 17 Jan 2017 ,   Source: CNBC-TV18,PTC India a big beneficiary of rising power demand: SP Tulsian
7.56 pm , 16 Jan 2017 ,   Source: PTI,BSE's international exchange goes live for trading
3.44 pm , 16 Jan 2017 ,   Source: Moneycontrol.com,Kotak Mahindra stake buy in MCX under lens (Exclusive)
3.09 pm , 16 Jan 2017 ,   Source: CNBC-TV18,"Buy Kotak Mahindra Bank, Arvind: Mitessh Thakkar"
2.37 pm , 16 Jan 2017 ,   Source: CNBC-TV18,"Buy HDIL, Kotak Mahindra Bank, Century Textiles: Ashwani Gujral"
5.24 pm , 13 Jan 2017 ,   Source: PTI,Axis Bank cuts MCLR by up to 70 bps
3.42 pm , 13 Jan 2017 ,   Source: PTI,Indian banks strengthen presence at DIFC
7.44 am , 13 Jan 2017 ,   Source: PTI,"Airtel rolls out payments bank, to invest Rs 3,000 cr"
9.30 pm , 10 Jan 2017 ,   Source: CNBC-TV18,"Tulsian's preferred picks in transmission, bank & tyre sectors"
7.57 am , 09 Jan 2017 ,   Source: CNBC-TV18/Mint,"Bull's Eye: Buy PNB, Biocon, Ashok Leyland, Exide, BoB"
12.46 pm , 06 Jan 2017 ,   Source: Moneycontrol.com,Kotak Mahindra Bank revises base rate downwards by 10bps
5.50 pm , 05 Jan 2017 ,   Source: PTI,BoB reduces MCLR by up to 75 bps
2.53 pm , 04 Jan 2017 ,   Source: CNBC-TV18,"Buy HDIL, HCL Technologies; sell Kotak Mahindra Bank: Wagle"
2.45 pm , 04 Jan 2017 ,   Source: CNBC-TV18,"Buy Ashok Leyland, NCC; sell Kotak Mahindra Bank: Ashwani Gujral"
11.17 am , 03 Jan 2017 ,   Source: CNBC-TV18,"Loan growth to remain cautious, cash ban positive for NPL: Kotak"
11.04 am , 03 Jan 2017 ,   Source: CNBC-TV18,"Sell Infosys, Kotak Bank; buy Sun TV Network: Ashwani Gujral"
10.55 am , 03 Jan 2017 ,   Source: Moneycontrol.com,"Kotak Mahindra Bank's Q3 results on January 25, 2017"
8.28 am , 03 Jan 2017 ,   Source: PTI,ICICI Bank cuts lending rate by 0.7%
9.56 pm , 02 Jan 2017 ,   Source: PTI,"BHIM downloaded 3 mn times, top app in India: Kant"
2.34 pm , 02 Jan 2017 ,   Source: Reuters,"Banks sharply cut lending rates after low-cost deposits,PM nudge"
2.20 pm , 02 Jan 2017 ,   Source: PTI,Kotak Mahindra Bank cuts MCLR by up to 0.45 pc
1.27 pm , 02 Jan 2017 ,   Source: Moneycontrol.com,Kotak Mahindra Bank revises MCLR downwards by up to 45 bps
7.48 pm , 28 Dec 2016 ,   Source: CNBC-TV18,Here is why Tulsian bets on NBFC and bank stocks
11.58 am , 28 Dec 2016 ,   Source: PTI,ED arrests Kotak Mahindra branch manager for Rs 34 cr deposits
9.45 am , 22 Dec 2016 ,   Source: CNBC-TV18,"Sell Jubilant Food; buy BEML, Engineers India: Ashwani Gujral"
10.07 am , 19 Dec 2016 ,   Source: CNBC-TV18,"Buy IGL, Petronet; sell Kotak Bank, HUL: Ashwani Gujral"
11.26 am , 14 Dec 2016 ,   Source: CNBC-TV18,Digitisation integral part of co; focus on B2B seg: Tech Mah
10.54 am , 13 Dec 2016 ,   Source: CNBC-TV18,"Sell PNB, Kotak Bank, L&T Finance, Pidilite; buy EIL: Gujral"
7.50 am , 13 Dec 2016 ,   Source: PTI,Jet Airways offers EMI payment option to purchase tickets
2.52 pm , 08 Dec 2016 ,   Source: CNBC-TV18,"Buy Tata Motors DVR, Vedanta, Kotak Bank: Ashwani Gujral"
2.34 pm , 06 Dec 2016 ,   Source: CNBC-TV18,"Buy SBI, Kotak Mahindra Bank, Bharat Electronics: Ashwani Gujral"
6.12 pm , 02 Dec 2016 ,   Source: PTI,Kotak Mahindra Bank sharpens digital mode post demonetisation
12.19 pm , 02 Dec 2016 ,   Source: CNBC-TV18,"Sell Kotak Bank, L&T Finance; buy Motherson Sumi: Ashwani Gujral"
11.15 am , 02 Dec 2016 ,   Source: CNBC-TV18,"Sell Arvind, Asian Paints: Mitesh Thacker"
2.36 pm , 30 Nov 2016 ,   Source: CNBC-TV18,"Buy Kotak Mahindra Bank, ICICI Bank, Ceat: Ashwani Gujral"
9.28 am , 28 Nov 2016 ,   Source: Moneycontrol.com,"Buy, sell, hold: How to trade bank & auto stocks?"
9.57 am , 24 Nov 2016 ,   Source: CNBC-TV18,"Sell BPCL, Dish TV; buy Bharat Forge: Mitesh Thacker"
9.16 am , 24 Nov 2016 ,   Source: CNBC-TV18,Here are some stock ideas from Amit Gupta
10.01 am , 23 Nov 2016 ,   Source: CNBC-TV18,"Buy Ceat, DLF, LIC Housing, Tata Comm; sell Kotak Bank: Thacker"
9.41 am , 22 Nov 2016 ,   Source: CNBC-TV18,"Sell BoI, SBI, Kotak Bank; buy ONGC, Divis Lab: Ashwani Gujral"
3.51 pm , 21 Nov 2016 ,   Source: CNBC-TV18,"Short Kotak Mahindra Bank, Karnataka Bank: Mitesh Thacker"
11.28 am , 21 Nov 2016 ,   Source: CNBC-TV18,Kotak Mahindra Bank may slip to Rs 722: Mitesh Thacker
7.16 pm , 16 Nov 2016 ,   Source: CNBC-TV18,"Tulsian's take on markets, private banks, NBFC stocks and others"
12.26 pm , 16 Nov 2016 ,   Source: CNBC-TV18,"Buy TCS, Infosys; sell Kotak Mahindra Bank, SRF: Ashwani Gujral"
11.26 am , 16 Nov 2016 ,   Source: CNBC-TV18,"Sell Aurobindo Pharma, Kotak Bank; buy Tata Global: Gujral"
9.37 am , 16 Nov 2016 ,   Source: CNBC-TV18,"Buy Bharat Forge, Power Grid, SBI; sell IGL: Mitesh Thacker"
8.10 pm , 11 Nov 2016 ,   Source: PTI,Kotak Mahindra Bank gets RBI nod for DIFC branch
9.32 am , 10 Nov 2016 ,   Source: CNBC-TV18,"Buy Kotak Bank, Power Grid, Lupin, Ceat, GAIL India: Thacker"
11.21 am , 09 Nov 2016 ,   Source: CNBC-TV18,"Buy Asian Paints, SBI, Maruti Suzuki: Ashwani Gujral"
9.37 am , 09 Nov 2016 ,   Source: CNBC-TV18,"Sell Tata Steel, CESC: Sudarshan Sukhani"
11.19 am , 07 Nov 2016 ,   Source: CNBC-TV18,"UK, coming out of EU, needs a nation like India: Sunil Mittal"
9.24 am , 04 Nov 2016 ,   Source: CNBC-TV18,"Sell JSW Energy, Asian Paints; buy Ashok Leyland: Gujral"
11.40 am , 03 Nov 2016 ,   Source: Moneycontrol.com,Hold Kotak Mahindra Bank; target of Rs 770: Edelweiss
1.53 pm , 02 Nov 2016 ,   Source: Moneycontrol.com,Hold Kotak Mahindra Bank; target of Rs 810: Axis Direct
9.55 am , 01 Nov 2016 ,   Source: CNBC-TV18,"Buy Century Textiles, Dish TV, Jet Airways: Mitesh Thacker"
7.22 pm , 30 Oct 2016 ,   Source: CNBC-TV18,Buy Kotak Mahindra Bank; sell Eicher Motors: Mitesh Thacker
2.17 pm , 29 Oct 2016 ,   Source: Moneycontrol.com,Diwali rocket stocks: 10 large caps to buy in Samvat 2073
5.20 pm , 28 Oct 2016 ,   Source: CNBC-TV18,"Buy Kotak Mahindra Bank, Maruti Suzuki: Parag Thakkar"
1.49 pm , 26 Oct 2016 ,   Source: CNBC-TV18,"Buy Delta Corp, Sun TV, Exide Industries: Ashwani Gujral"
1.51 pm , 25 Oct 2016 ,   Source: Moneycontrol.com,"Kotak Mahindra Bank Q2 profit jumps 43%, asset quality steady"
9.56 am , 25 Oct 2016 ,   Source: CNBC-TV18,"Buy Kotak Bank, Arvind, Greaves Cotton, Muthoot Finance: Thacker"
3.09 pm , 24 Oct 2016 ,   Source: CNBC-TV18,"Kotak Bank Q2 profit seen up 36%, loan growth may be 16-17%"
2.52 pm , 24 Oct 2016 ,   Source: CNBC-TV18,"Buy Engineers India, Kotak Bank, Tata Motors: Mitesh Thacker"
3.43 pm , 17 Oct 2016 ,   Source: CNBC-TV18,"Sell NCC, SRF; buy UPL: Ashwani Gujral"
9.08 am , 17 Oct 2016 ,   Source: CNBC-TV18,"Sell Bajaj Auto, Bata, CESC; buy IOC, L&T Finance: Gujral"
4.09 pm , 13 Oct 2016 ,   Source: CNBC-TV18,"Bullish on Infosys, HCL Tech, Persistent Systems: Parag Thakkar"
7.20 pm , 12 Oct 2016 ,   Source: PTI,S&P affirms rating on Kotak Bank; no upgrade likely in 1-2 yrs
5.48 pm , 10 Oct 2016 ,   Source: CNBC-TV18,"Tulsian more upbeat on midcap steel than largecap, here's why"
10.22 pm , 06 Oct 2016 ,   Source: PTI,"Canara Bank, Kotak Bank cut lending rates by up to 0.1%"
7.58 pm , 30 Sep 2016 ,   Source: PTI,Kotak Mahindra Bank to acquire BSS Microfinance for Rs 139 cr
5.31 pm , 30 Sep 2016 ,   Source: CNBC-TV18,"Look at largecap, IT stocks: Parag Thakkar"
5.30 pm , 30 Sep 2016 ,   Source: CNBC-TV18,"Pick Tata Motors DVR, Vinati Organics: Parag Thakkar"
8.38 pm , 29 Sep 2016 ,   Source: PTI,"ING sells 2.5% stake in Kotak Mahindra Bank for Rs 3,653 crore"
7.34 pm , 28 Sep 2016 ,   Source: Reuters,ING likely to sell $300 million Kotak Mahindra stake: Term Sheet
4.22 pm , 28 Sep 2016 ,   Source: CNBC-TV18,Investors upbeat over India's reforms push: BCG
9.25 am , 28 Sep 2016 ,   Source: CNBC-TV18,Here are a few investment ideas from SP Tulsian
7.56 pm , 27 Sep 2016 ,   Source: Moneycontrol.com,"Kotak Mahindra Bank Q2 results on Oct 25, 2016"
10.16 am , 27 Sep 2016 ,   Source: PTI,Kotak PE sells 5.73% stake in Minda Corp for Rs 120 cr
8.16 am , 22 Sep 2016 ,   Source: PTI,Overall value of top 50 brands dips 2% this year: Report
10.59 am , 20 Sep 2016 ,   Source: CNBC-TV18,"Buy Aurobindo Pharma, RIL, Arvind; sell Pidilite: Taparia"
1.50 pm , 19 Sep 2016 ,   Source: PTI,Alibaba. com enters into agreements for TFC program in India
2.18 pm , 16 Sep 2016 ,   Source: Moneycontrol.com,Kotak Mahindra Bank appoints Uday Chander Khanna as additional director
5.07 pm , 09 Sep 2016 ,   Source: CNBC-TV18,"Tulsian's view on Spicejet, Yes Bank, Cairn, Vedanta & others"
9.00 am , 07 Sep 2016 ,   Source: CNBC-TV18,Here are some stock ideas from SP Tulsian
1.04 pm , 06 Sep 2016 ,   Source: CNBC-TV18,"Buy Bharat Forge, Maruti, Apollo Tyres, BoB: Chandan Taparia"
1.19 pm , 02 Sep 2016 ,   Source: CNBC-TV18,NPA issue in banks far from over; better mechanism needed: Pros
10.47 am , 02 Sep 2016 ,   Source: CNBC-TV18,"Buy ICICI Bank 270 Call, Kotak Mahindra Bank 820 Call: VK Sharma"
8.30 am , 01 Sep 2016 ,   Source: PTI,CPPIB gets RBI nod for raising stake in Kotak Bank
2.44 pm , 31 Aug 2016 ,   Source: CNBC-TV18,"Buy Bajaj Finserv, PFC, Kotak Mahindra Bank: Ashwani Gujral"
11.22 am , 31 Aug 2016 ,   Source: CNBC-TV18,"Enter Delta Corp, says Ashwani Gujral"
10.28 am , 31 Aug 2016 ,   Source: CNBC-TV18,Will keep Kotak Mahindra Bank & RBL on my radar: SP Tulsian
9.47 am , 31 Aug 2016 ,   Source: CNBC-TV18,"Buy Kotak Bank, Karnataka Bank, OBC, PTC India: Mitesh Thacker"
8.54 pm , 30 Aug 2016 ,   Source: PTI,CPPIB gets RBI nod to up stake in Kotak Mahindra Bank upto 10%
9.12 am , 29 Aug 2016 ,   Source: PTI,NBCC share sale: 8 merchant bankers vie to manage the show
3.15 pm , 26 Aug 2016 ,   Source: CNBC-TV18,"Buy Indiabulls Housing, Kotak Bank; short L&T: Chaturmohta"
11.08 am , 26 Aug 2016 ,   Source: CNBC-TV18,"Go long in Kotak Mahindra Bank, short Nifty: Amit Gupta"
11.21 am , 24 Aug 2016 ,   Source: CNBC-TV18,"Buy Tata Chem, Reliance Capital, Kotak Mahindra Bank: VK Sharma"
9.49 am , 19 Aug 2016 ,   Source: CNBC-TV18,Buy Kotak Mahindra Bank above Rs 787; sell Lupin: Mitesh Thacker
2.53 pm , 18 Aug 2016 ,   Source: CNBC-TV18,"Buy Kotak Bank, KPIT Tech, Engineers India: Mitesh Thacker"
2.31 pm , 18 Aug 2016 ,   Source: CNBC-TV18,"Buy Kotak Mahindra Bank, Atul, Tata Sponge: Ashwani Gujral"
1.52 pm , 14 Aug 2016 ,   Source: PTI,"Kotak Bank starts Innovation Lab,open to investing in startups"
7.56 pm , 11 Aug 2016 ,   Source: PTI,Daily wrap-up: News from the world of business
3.29 pm , 11 Aug 2016 ,   Source: CNBC-TV18,"Buy L&T Finance, Kotak Bank, Britannia: Ashish Chaturmohta"
10.45 am , 09 Aug 2016 ,   Source: CNBC-TV18,"Go long in private banks; short PSU banks, short IFCI: Thacker"
2.01 pm , 08 Aug 2016 ,   Source: CNBC-TV18,"Go long in L&T Fin, Kotak Bank, Jain Irrigation: Chaturmohta"
2.18 pm , 03 Aug 2016 ,   Source: PTI,"Kotak Mahindra Bank to raise Rs 5,000 cr"
9.25 am , 01 Aug 2016 ,   Source: CNBC-TV18,Here are a few stock ideas from Ajay Bodke
1.30 pm , 31 Jul 2016 ,   Source: PTI,Fino for more stake sale; to launch payments bank in 6 mths
3.14 pm , 29 Jul 2016 ,   Source: CNBC-TV18,"Buy Kotak Mahindra Bank, Page Industries: Manas Jaiswal"
3.18 pm , 27 Jul 2016 ,   Source: PTI,Nationalise pvt banks not doing fin inclusion agenda: BJP MP
4.07 pm , 26 Jul 2016 ,   Source: Moneycontrol.com,Accumulate Kotak Mahindra Bank; target of Rs 760: KR Choksey
3.51 pm , 25 Jul 2016 ,   Source: Moneycontrol.com,Hold Kotak Mahindra Bank; target of Rs 750: ICICI Direct
3.01 pm , 25 Jul 2016 ,   Source: Moneycontrol.com,Hold Kotak Mahindra Bank; target of Rs 753: Edelweiss
3.01 pm , 25 Jul 2016 ,   Source: CNBC-TV18,"Buy Ceat, Dr Reddy's, CONCOR, Vedanta: Sudarshan Sukhani"
6.42 pm , 22 Jul 2016 ,   Source: Moneycontrol.com,Buy Kotak Mahindra Bank; target of Rs 900: Religare
5.48 pm , 22 Jul 2016 ,   Source: Moneycontrol.com,Buy Kotak Mahindra Bank; target of Rs 850:Prabhudas Lilladher
2.32 pm , 21 Jul 2016 ,   Source: PTI,"Kotak Mahindra Bank to raise Rs 5,000 cr via bonds"
1.38 pm , 21 Jul 2016 ,   Source: Moneycontrol.com,"Kotak Mahindra Bank Q1 profit jumps 4-fold, NII below estimates"
1.32 pm , 21 Jul 2016 ,   Source: Moneycontrol.com,Kotak Mahindra Bank: Outcome of board meeting
5.46 pm , 20 Jul 2016 ,   Source: CNBC-TV18,Kotak Mahindra Bank Q1 profit may jump 4-fold to Rs 761 cr
1.55 pm , 15 Jul 2016 ,   Source: CNBC-TV18,"Buy Tata Steel, Kotak Bank, ICICI Bank: Manish Hathiramani"
12.16 pm , 15 Jul 2016 ,   Source: CNBC-TV18,Here are a few stock ideas from Prakash Diwan
5.42 pm , 14 Jul 2016 ,   Source: CNBC-TV18,Find out why Tulsian is bullish on logistics stocks
12.05 pm , 14 Jul 2016 ,   Source: CNBC-TV18,"Buy Hexaware Tech, Kotak Mahindra Bank, UPL: Sandeep Wagle"
2.59 pm , 13 Jul 2016 ,   Source: CNBC-TV18,"Buy Exide, Kotak Bank; sell Indiabulls Real Estate: Wagle"
1.22 pm , 13 Jul 2016 ,   Source: CNBC-TV18,"Buy Gujarat Industries, Kotak Bank; sell HDIL: Ashwani Gujral"
9.38 am , 13 Jul 2016 ,   Source: CNBC-TV18,"RIL, Kotak Mahindra Bank may head higher: Sudarshan Sukhani"
9.00 am , 12 Jul 2016 ,   Source: CNBC-TV18,Here are a few investment ideas from Prakash Diwan
3.00 pm , 11 Jul 2016 ,   Source: CNBC-TV18,"Buy Kotak Bank, Hero MotoCorp, Tata Motors DVR: Sandeep Wagle"
3.21 pm , 08 Jul 2016 ,   Source: CNBC-TV18,Book some profits in IndusInd Bank: Nooresh Merani
10.13 am , 05 Jul 2016 ,   Source: CNBC-TV18,Here are Sanjiv Bhasin's top trading ideas
9.05 am , 30 Jun 2016 ,   Source: Moneycontrol.com,7th Pay hike may raise consumption to 8%: Stocks you can buy now
4.21 pm , 29 Jun 2016 ,   Source: CNBC-TV18,"Exit Rana Sugars, prefer private sector banks: Gaurang Shah"
12.32 pm , 29 Jun 2016 ,   Source: Moneycontrol.com,"Kotak Mahindra Bank's Q1 results on July 21, 2016"
7.56 am , 27 Jun 2016 ,   Source: PTI,"With 31% jump, HDFC Bank's Aditya Puri top gainer in salary hike"
3.20 pm , 23 Jun 2016 ,   Source: CNBC-TV18,"Buy Kotak Mahindra Bank, Tata Steel, Tata Motors: Ashwani Gujral"
4.02 pm , 16 Jun 2016 ,   Source: CNBC-TV18,"Exit UCO Bank, says Ashu Madan"
12.00 pm , 16 Jun 2016 ,   Source: CNBC-TV18,"Buy YES Bank, IndusInd Bank, HDFC Bank on dips: Ashwani Gujral"
12.00 pm , 16 Jun 2016 ,   Source: CNBC-TV18,"Buy HPCL, target Rs 945; prefer HDFC Bank: Ashwani Gujral"
9.58 am , 16 Jun 2016 ,   Source: CNBC-TV18,"ITC may test Rs 366, Maruti Rs 4300, Kotak Bank Rs 780: Gaba"
4.10 pm , 15 Jun 2016 ,   Source: CNBC-TV18,"Prefer IndusInd Bank, YES Bank, Kotak Bank: Dipan Mehta"
9.14 am , 14 Jun 2016 ,   Source: CNBC-TV18,"Buy Kesoram Industries, NIIT Technologies: Ashwani Gujral"
5.24 pm , 13 Jun 2016 ,   Source: Moneycontrol.com,Accumulate KMB; target of Rs 850: Prabhudas Lilladher
3.27 pm , 13 Jun 2016 ,   Source: CNBC-TV18,"Buy BPCL, Kotak Mahindra Bank; sell Jet Airways: Ashwani Gujral"
3.02 pm , 11 Jun 2016 ,   Source: PTI,Coffee Day Enterprises unit Sical Logistics to raise Rs 100 cr
6.09 pm , 07 Jun 2016 ,   Source: CNBC-TV18,Positive on Kotak Mahindra Bank: SP Tulsian
8.57 am , 07 Jun 2016 ,   Source: CNBC-TV18,Super Six: Top chart picks for today
10.58 am , 06 Jun 2016 ,   Source: CNBC-TV18,"Buy Dabur, Kotak Mahindra Bank; sell Glenmark: Sandeep Wagle"
9.59 am , 06 Jun 2016 ,   Source: CNBC-TV18,"Godrej Ind may test Rs 368-370, M&M Rs 1390: Hemant Thukral"
9.45 am , 06 Jun 2016 ,   Source: Moneycontrol.com,New NPAs to decline 40% in FY17; prefer private sector banks: MS
9.02 am , 06 Jun 2016 ,   Source: CNBC-TV18,"Kotak Mahindra Bank may test Rs 780, HUL Rs 900: Prakash Gaba"
3.02 pm , 03 Jun 2016 ,   Source: CNBC-TV18,Buy Kotak Mahindra Bank; sell Lupin: Sandeep Wagle
2.34 pm , 03 Jun 2016 ,   Source: CNBC-TV18,"Buy UPL, M&M Financial, SKS Micro on dips: Ashwani Gujral"
2.24 pm , 03 Jun 2016 ,   Source: CNBC-TV18,Why Prabhudas Lilladher is bullish on these stocks
9.50 pm , 02 Jun 2016 ,   Source: CNBC-TV18,"SP Tulsian’s views on Godrej Cons, Coal India & pvt, PSU banks"
4.06 pm , 02 Jun 2016 ,   Source: CNBC-TV18,"Buy Indian Hotels, Kotak Bank; sell HCL Tech: Sahil Kapoor"
5.31 pm , 01 Jun 2016 ,   Source: CNBC-TV18,"Ujjivan, UPL, Pidilite good long term bets: Mehraboon Irani"
11.21 am , 01 Jun 2016 ,   Source: CNBC-TV18,"Prefer Kotak Mahindra Bank, target Rs 800: Amit Gupta"
10.24 am , 31 May 2016 ,   Source: CNBC-TV18,"Buy SBI, Kotak Bank, Bharti Airtel, Bajaj Auto: Rahul Mohindar"
8.57 am , 30 May 2016 ,   Source: CNBC-TV18,Super Six buying ideas for May 30
2.50 pm , 27 May 2016 ,   Source: PTI,HDFC among world's top 10 consumer financial services company
2.32 pm , 27 May 2016 ,   Source: CNBC-TV18,"Buy Kotak Bank, AB Nuvo, Bajaj Finance: Manish Hathiramani"
11.19 am , 27 May 2016 ,   Source: CNBC-TV18,"Buy ACC, Axis Bank, Kotak Bank, Motherson Sumi: Gujral"
1.37 pm , 26 May 2016 ,   Source: CNBC-TV18,"Buy Strides Shasun, Indiabulls Housing, Siemens: Ashwani Gujral"
8.55 am , 24 May 2016 ,   Source: CNBC-TV18,Super Six: Top chart picks for May 24
5.18 pm , 20 May 2016 ,   Source: Moneycontrol.com,Hold Kotak Mahindra; target of Rs 713: Geojit BNP Paribas
5.18 pm , 18 May 2016 ,   Source: CNBC-TV18,Cisco outlines digital initiatives adopted by the BFSI sector
1.56 pm , 18 May 2016 ,   Source: PTI,Kotak Mahindra Prime to raise Rs 400 cr via NCDs
11.04 am , 17 May 2016 ,   Source: CNBC-TV18,"Kotak Bank may test Rs 728, Axis Bank Rs 509: Rajat Bose"
9.12 am , 17 May 2016 ,   Source: CNBC-TV18,"Buy Bharti Airtel, HDIL, Ajanta Pharma: Ashwani Gujral"
3.20 pm , 16 May 2016 ,   Source: CNBC-TV18,"Buy IndusInd Bank, JSW Steel: Ashwani Gujral"
10.15 am , 13 May 2016 ,   Source: CNBC-TV18,Buy Kotak Mahindra Bank 730 Call: VK Sharma
4.14 pm , 12 May 2016 ,   Source: CNBC-TV18,Hold Kotak Mahindra Bank: Avinash Gorakshakar
1.26 pm , 12 May 2016 ,   Source: CNBC-TV18,"Buy Kotak Mahindra Bank, TV18 Broadcast, DLF: CA Rudramurthy BV "
12.14 pm , 12 May 2016 ,   Source: PTI,Uday Kotak sole Indian financier in Forbes' most powerful list
11.52 am , 12 May 2016 ,   Source: CNBC-TV18,"Hold IndusInd Bank, Kotak Bank: Mayuresh Joshi"
10.08 am , 12 May 2016 ,   Source: CNBC-TV18,"Buy Kotak Bank, Lloyd Electric may test Rs 273: Prakash Gaba"
4.54 pm , 11 May 2016 ,   Source: CNBC-TV18,Loan growth for FY17 to be around 20%: Kotak Mahindra Bank
3.59 pm , 11 May 2016 ,   Source: CNBC-TV18,"Buy Kotak Mahindra Bank, HDFC Bank: Ambareesh Baliga"
3.36 pm , 11 May 2016 ,   Source: CNBC-TV18,Kotak Bk a stock to hold for its cheap valuation:Hemindra Hazari
2.35 pm , 11 May 2016 ,   Source: Moneycontrol.com,Kotak Mahindra Bank recommends dividend
10.05 am , 11 May 2016 ,   Source: Moneycontrol.com,"Kotak Mahindra Bank Q4 net may jump 8%, NII seen at Rs 1832 cr"
9.50 am , 11 May 2016 ,   Source: CNBC-TV18,"Buy Kotak Mahindra Bank, Larsen & Toubro: Ashwani Gujral"
2.10 pm , 10 May 2016 ,   Source: PTI,Kotak Mahindra Prime to raise Rs 50 cr via debentures
2.34 pm , 09 May 2016 ,   Source: CNBC-TV18,"Buy Kotak Mahindra Bank, Escorts, KPIT Tech: Ashwani Gujral"
10.48 am , 09 May 2016 ,   Source: Moneycontrol.com,Kotak Mahindra Bank's director Asim Ghosh retires
2.33 pm , 06 May 2016 ,   Source: CNBC-TV18,"Buy HDFC, Kotak Bank; short Vedanta, Ambuja Cements: Harchekar"
11.57 am , 06 May 2016 ,   Source: CNBC-TV18,"Sell Kotak Mahindra Bank, Tata Steel; buy Voltas: Ashwani Gujral"
1.59 pm , 04 May 2016 ,   Source: Moneycontrol.com,ICICI sheds 10%+ in a week as investors seek safer bank stocks
9.40 am , 04 May 2016 ,   Source: PTI,Kotak Bank opens international unit in Gujarat's GIFT City
5.03 pm , 02 May 2016 ,   Source: CNBC-TV18,"Prefer YES Bank, IndusInd Bank, HDFC Bank: Anand Tandon"
4.30 pm , 28 Apr 2016 ,   Source: CNBC-TV18,"Bullish on YES Bank, IndusInd Bank, HDFC Bank: Hemant Thukral"
11.09 am , 27 Apr 2016 ,   Source: CNBC-TV18,"Buy Zee Entertainment, Kotak Bank; sell UPL: Wagle"
6.36 pm , 26 Apr 2016 ,   Source: PTI,DBS back in the black; gets aggressive with 7% on SB deposits
4.25 pm , 26 Apr 2016 ,   Source: CNBC-TV18,"Pick YES Bank, Kotak Mahindra Bank: SP Tulsian"
4.28 pm , 22 Apr 2016 ,   Source: CNBC-TV18,"Pick Larsen & Toubro, Kotak Mahindra Bank: Neeraj Dewan"
11.12 am , 15 Apr 2016 ,   Source: CNBC-TV18,"Economy may recover in 6-9 months, monsoon key trigger: Kotak"
3.28 pm , 13 Apr 2016 ,   Source: CNBC-TV18,"Buy Maruti Suzuki, Kotak Bank, JSPL: Sudarshan Sukhani"
3.28 pm , 11 Apr 2016 ,   Source: Moneycontrol.com,CLSA initiates with outperform on Kotak post integration of ING
2.56 pm , 08 Apr 2016 ,   Source: CNBC-TV18,"Buy Mukta Arts, Hero MotoCorp, Kotak Mahindra Bank: Rajat Bose"
11.43 am , 07 Apr 2016 ,   Source: CNBC-TV18,Aim to clock Rs 2800 cr revenue in FY17: Diamond Power
3.28 pm , 05 Apr 2016 ,   Source: CNBC-TV18,"Add Power Grid to portfolio, says Parag Thakkar"
8.04 am , 04 Apr 2016 ,   Source: PTI,UCO Bank revises lending rates based on marginal cost
7.48 pm , 01 Apr 2016 ,   Source: PTI,Consumer loans become cheaper as banks adopt new rate formula
11.36 am , 01 Apr 2016 ,   Source: CNBC-TV18,"Buy Havells, SKS Micro, Kotak Bank, BHEL: Sandeep Wagle"
12.41 pm , 29 Mar 2016 ,   Source: CNBC-TV18,"Go long in Just Dial 700 Put, Kotak Bank may hit Rs 705: LKP"
10.59 am , 29 Mar 2016 ,   Source: CNBC-TV18,"Short L&T, IndusInd Bank; go long in Kotak Bank: Siddarth Bhamre"
3.36 pm , 23 Mar 2016 ,   Source: CNBC-TV18,"Prefer Infosys, Kotak Mahindra Bank: Pankaj Jain"
10.45 am , 23 Mar 2016 ,   Source: Moneycontrol.com,Kotak Mahindra Bank: FII investment limit increases to 55% 
4.32 pm , 22 Mar 2016 ,   Source: CNBC-TV18,Buy Kotak Mahindra Bank: Parag Thakkar
9.57 am , 22 Mar 2016 ,   Source: CNBC-TV18,"Buy Ashok Leyland, L&T, HUL, Kotak Mahindra Bank: Prakash Gaba"
10.56 am , 21 Mar 2016 ,   Source: CNBC-TV18,"Sell Canara Bank, Kotak Bank; buy Infosys: Ashwani Gujral"
3.26 pm , 18 Mar 2016 ,   Source: CNBC-TV18,ICICI Bank may test Rs 345: Gaurang Shah
9.42 am , 17 Mar 2016 ,   Source: CNBC-TV18,"Buy Kotak Bank, United Spirits, Dish TV may test Rs 85: Gaba"
3.15 pm , 16 Mar 2016 ,   Source: CNBC-TV18,"Buy Axis Bank, Kotak Mahindra Bank, HDFC: Ashwani Gujral"
11.13 am , 16 Mar 2016 ,   Source: CNBC-TV18,"Buy Kotak Mahindra Bank, YES Bank: Sudarshan Sukhani"
4.17 pm , 15 Mar 2016 ,   Source: CNBC-TV18,"Like YES Bank, HDFC Bank, IndusInd Bank, Kotak Bank: Irani"
9.46 am , 10 Mar 2016 ,   Source: CNBC-TV18,"Buy Kotak Mahindra Bank 660 Call, L&T 1220 Call: VK Sharma"
8.08 am , 10 Mar 2016 ,   Source: PTI,Foreign investors can buy stake in Kotak Bank: RBI
3.25 pm , 09 Mar 2016 ,   Source: CNBC-TV18,"Buy Tata Motors, SBI, Kotak Mahindra Bank: Ashwani Gujral"
8.14 am , 02 Mar 2016 ,   Source: PTI,"Sumitomo Mitsui offloads Rs 2,069 cr stake in Kotak Mahindra"
8.34 pm , 23 Feb 2016 ,   Source: PTI,Kotak Mahindra to buy 19.9% in Airtel M Commerce for Rs 98-cr
3.15 pm , 18 Feb 2016 ,   Source: CNBC-TV18,Stocks you can buy today & sell tomorrow
10.02 am , 18 Feb 2016 ,   Source: CNBC-TV18,"Buy Sun Pharma, Cairn, Tata Steel, BoB, Torrent Pharma: Gujral"
9.00 am , 18 Feb 2016 ,   Source: CNBC-TV18,6 trading stocks for short term gain
4.40 pm , 17 Feb 2016 ,   Source: PTI,"Dr Reddy's board approves share buyback for Rs 1,569.4 cr"
2.35 pm , 17 Feb 2016 ,   Source: CNBC-TV18,"Buy BPCL, Adani Port, Kotak Mahindra Bank: Gujral"
9.29 am , 16 Feb 2016 ,   Source: CNBC-TV18,"Sell BPCL; buy SBI, Axis Bank on dips: Ashwani Gujral"
9.14 am , 16 Feb 2016 ,   Source: CNBC-TV18,India's micro environment challenging in robust macro:Uday Kotak
11.08 am , 13 Feb 2016 ,   Source: Moneycontrol.com,Kotak Mahindra Bank's representatives & investors meet
1.45 pm , 11 Feb 2016 ,   Source: CNBC-TV18,"Sell BEL, Jubilant Foodworks, Kotak Mahindra Bank: Manas Jaiswal"
3.05 pm , 08 Feb 2016 ,   Source: CNBC-TV18,"Buy Siemens, Kotak Mahindra Bank; short TCS: Sameet Chavan"
8.28 pm , 04 Feb 2016 ,   Source: CNBC-TV18,Banks need to live on the edge in this age: Uday Kotak
7.42 pm , 02 Feb 2016 ,   Source: CNBC-TV18,RBI's move as expected; banking key in Budget 2016: Uday Kotak
4.33 pm , 28 Jan 2016 ,   Source: Moneycontrol.com,Hold Kotak Mahindra Bank; target of Rs 716: Edelweiss
11.45 am , 22 Jan 2016 ,   Source: Moneycontrol.com,Hold Kotak Mahindra; target of Rs 677:ICICIDirect
11.43 am , 22 Jan 2016 ,   Source: Moneycontrol.com,Accumulate Kotak Mahindra; target of Rs 725: Prabhudas Lilladher
11.22 am , 22 Jan 2016 ,   Source: Moneycontrol.com,Buy Kotak Mahindra; target of Rs 900: Religare
11.12 am , 22 Jan 2016 ,   Source: Moneycontrol.com,Buy Kotak Mahindra; target of Rs 667: Khambatta Securities
3.00 pm , 20 Jan 2016 ,   Source: CNBC-TV18,"Sell Infosys, Kotak Mahindra Bank; buy Havells: Gaurav Bissa"
3.55 pm , 18 Jan 2016 ,   Source: CNBC-TV18,"Like HDFC Bank over Kotak Mahindra Bank, says Mayuresh Joshi"
2.43 pm , 18 Jan 2016 ,   Source: CNBC-TV18,Exit IDFC Bank at around Rs 48: Vishal Malkan
1.15 pm , 18 Jan 2016 ,   Source: Moneycontrol.com,"Kotak Mahindra Bank Q3 profit rises 11.5%, provisions higher"
10.53 am , 16 Jan 2016 ,   Source: CNBC-TV18,"Kotak Mah Bank Q3 net seen up 11%, other income may be healthy"
11.54 am , 15 Jan 2016 ,   Source: CNBC-TV18,Asian Paints may test Rs 926: Amit Gupta
3.53 pm , 14 Jan 2016 ,   Source: CNBC-TV18,"Buy HDFC Bank, IndusInd Bank, Kotak Bank: Sudip Bandopadhyay"
4.09 pm , 13 Jan 2016 ,   Source: CNBC-TV18,Reliance Industries may test Rs 1210-1220: Prakash Diwan
4.03 pm , 12 Jan 2016 ,   Source: CNBC-TV18,"Buy Federal Bank, cautious on IndusInd Bank: SP Tulsian"
12.29 pm , 12 Jan 2016 ,   Source: CNBC-TV18,"Short Kotak Mahindra Bank, Divis Lab: Sameet Chavan"
2.01 pm , 11 Jan 2016 ,   Source: CNBC-TV18,"Sell Kotak Bank, Divis Lab; buy Power Grid: Sameet Chavan"
12.30 pm , 08 Jan 2016 ,   Source: CNBC-TV18,"Yes Bank looks good; pick Snowman Logistics, Gati: Rajat Bose"
4.36 pm , 07 Jan 2016 ,   Source: CNBC-TV18,"Buy Infosys, cautious on IT, avoid PSU banks: Sudip Bandopadhyay"
4.26 pm , 07 Jan 2016 ,   Source: CNBC-TV18,"Prefer Kotak Mahindra Bank, Yes Bank: SP Tulsian"
3.13 pm , 07 Jan 2016 ,   Source: CNBC-TV18,"Sell Kotak Mahindra Bank, Aurobindo Pharma: Sameet Chavan"
12.26 pm , 05 Jan 2016 ,   Source: Moneycontrol.com,"Kotak Mahindra Bank's Q3 results on January 18, 2016"
11.26 am , 01 Jan 2016 ,   Source: CNBC-TV18,"Buy Kotak Mahindra Bank 720 Call, Yes Bank 720 Put: VK Sharma"
12.00 am , 01 Jan 2016 ,   Source: PTI,Kotak Mahindra Bank's Int subsidiary buys stake in HMVL
